Order_ID,Order_Date,Customer_ID,Customer_Segment,Region,Country,Product_Category,Product_Name,Unit_Price,Quantity,Discount_Pct,Sales_Revenue,Cost,Profit,Shipping_Status,Satisfaction_Rating
ORD-20000,2025-04-13,CUST-1151,Corporate,Europe,Spain,Office Furniture,Acoustic Office Pods,4228.92,2,0.0,8457.84,5328.48,3129.36,Delivered,3
ORD-20001,2025-12-10,CUST-1169,Corporate,Europe,United Kingdom,Office Furniture,Adjustable Standing Desks,663.64,1,0.0,663.64,361.72,301.92,Delivered,1
ORD-20002,2025-07-09,CUST-1387,Enterprise,Europe,United Kingdom,Electronics,Monitors & Displays,460.35,10,0.0,4603.5,2891.05,1712.45,Processing,4
ORD-20003,2025-12-12,CUST-1359,Corporate,North America,USA,Electronics,Wireless Audio,160.26,3,0.05,456.74,289.28,167.46,Delivered,4
ORD-20004,2026-07-20,CUST-1295,Enterprise,Europe,Netherlands,Software & Cloud,AI Assistant Subscription,975.67,4,0.15,3317.28,460.87,2856.41,Shipped,5
ORD-20005,2025-02-22,CUST-1128,Corporate,North America,Mexico,Software & Cloud,Enterprise CRM License,1202.34,2,0.0,2404.68,374.18,2030.5,Delivered,3
ORD-20006,2025-05-19,CUST-1253,Corporate,Latin America,Brazil,Electronics,Monitors & Displays,684.6,3,0.15,1745.73,1169.26,576.47,Shipped,5
ORD-20007,2025-01-09,CUST-1103,Consumer,Europe,France,Electronics,Monitors & Displays,649.28,5,0.1,2921.76,1881.69,1040.07,Delivered,3
ORD-20008,2026-05-25,CUST-1067,Enterprise,Europe,United Kingdom,Office Supplies,High-Volume Printers,404.05,1,0.05,383.85,215.58,168.27,Delivered,4
ORD-20009,2026-05-19,CUST-1229,Corporate,North America,Canada,Software & Cloud,Cybersecurity Suite,1583.7,2,0.0,3167.4,740.57,2426.83,Delivered,5
ORD-20010,2025-10-10,CUST-1191,Corporate,Asia Pacific,Singapore,Software & Cloud,AI Assistant Subscription,602.11,2,0.0,1204.22,318.95,885.27,Delivered,3
ORD-20011,2025-08-08,CUST-1115,Consumer,Europe,France,Software & Cloud,AI Assistant Subscription,906.8,3,0.15,2312.34,556.04,1756.3,Delivered,4
ORD-20012,2025-06-10,CUST-1126,Consumer,North America,Mexico,Electronics,Smartphones & Tablets,1045.44,8,0.05,7945.34,5450.41,2494.93,Delivered,5
ORD-20013,2025-04-14,CUST-1390,Enterprise,North America,USA,Office Furniture,Acoustic Office Pods,3981.19,2,0.0,7962.38,4507.06,3455.32,Delivered,5
ORD-20014,2025-11-17,CUST-1089,Corporate,Europe,Germany,Electronics,Wireless Audio,321.65,1,0.05,305.57,217.66,87.91,Delivered,4
ORD-20015,2025-07-15,CUST-1191,Corporate,North America,Canada,Office Furniture,Adjustable Standing Desks,1066.05,5,0.05,5063.74,2477.71,2586.03,Delivered,5
ORD-20016,2026-07-02,CUST-1367,Corporate,North America,USA,Software & Cloud,AI Assistant Subscription,390.88,3,0.05,1114.01,286.43,827.58,Delivered,4
ORD-20017,2025-01-19,CUST-1366,Corporate,Europe,Netherlands,Software & Cloud,DevOps Productivity Tools,1450.25,4,0.0,5801.0,741.23,5059.77,Delivered,3
ORD-20018,2026-01-31,CUST-1222,Enterprise,Latin America,Chile,Electronics,Monitors & Displays,367.0,8,0.1,2642.4,2053.96,588.44,Delivered,5
ORD-20019,2025-08-23,CUST-1282,Corporate,Europe,Germany,Office Furniture,Conference Tables,2176.06,4,0.1,7833.82,3778.28,4055.54,Delivered,3
ORD-20020,2025-06-14,CUST-1363,Enterprise,Asia Pacific,India,Electronics,Smart Wearables,261.19,4,0.15,888.05,535.32,352.73,Delivered,4
ORD-20021,2026-06-15,CUST-1009,Consumer,Asia Pacific,Japan,Electronics,Monitors & Displays,389.53,2,0.05,740.11,482.41,257.7,Processing,5
ORD-20022,2025-01-05,CUST-1282,Consumer,Asia Pacific,Japan,Electronics,Laptops & Workstations,2210.88,2,0.2,3537.41,2563.39,974.02,Delivered,3
ORD-20023,2025-04-15,CUST-1052,Corporate,Asia Pacific,Singapore,Software & Cloud,Enterprise CRM License,534.18,1,0.05,507.47,103.43,404.04,Processing,3
ORD-20024,2025-03-19,CUST-1038,Corporate,Europe,Netherlands,Electronics,Laptops & Workstations,2440.27,3,0.0,7320.81,4873.17,2447.64,Delivered,4
ORD-20025,2025-04-28,CUST-1355,Corporate,Europe,Spain,Office Furniture,Adjustable Standing Desks,1266.96,2,0.05,2407.22,1142.63,1264.59,Shipped,5
ORD-20026,2025-05-07,CUST-1301,Corporate,Asia Pacific,Singapore,Electronics,Wireless Audio,193.61,1,0.0,193.61,150.85,42.76,Delivered,3
ORD-20027,2026-02-24,CUST-1312,Corporate,North America,USA,Electronics,Laptops & Workstations,1631.79,1,0.0,1631.79,1107.04,524.75,Delivered,4
ORD-20028,2025-09-01,CUST-1178,Corporate,Europe,France,Software & Cloud,Cybersecurity Suite,2061.33,2,0.0,4122.66,555.23,3567.43,Delivered,4
ORD-20029,2025-06-29,CUST-1176,Consumer,Europe,United Kingdom,Software & Cloud,Enterprise CRM License,1405.98,2,0.05,2671.36,795.11,1876.25,Delivered,5
ORD-20030,2025-03-04,CUST-1097,Corporate,Asia Pacific,South Korea,Office Supplies,High-Volume Printers,639.68,1,0.0,639.68,393.17,246.51,Delivered,2
ORD-20031,2026-02-10,CUST-1200,Corporate,Asia Pacific,Singapore,Office Furniture,Ergonomic Executive Chairs,511.95,2,0.0,1023.9,493.21,530.69,Delivered,3
ORD-20032,2025-10-23,CUST-1353,Corporate,North America,Mexico,Office Furniture,Ergonomic Executive Chairs,772.96,2,0.0,1545.92,981.37,564.55,Delivered,4
ORD-20033,2025-01-17,CUST-1197,Small Business,Asia Pacific,South Korea,Office Supplies,High-Volume Printers,548.11,2,0.1,986.6,546.14,440.46,Cancelled,2
ORD-20034,2025-09-25,CUST-1249,Corporate,Middle East & Africa,Saudi Arabia,Electronics,Smartphones & Tablets,641.28,3,0.0,1923.84,1312.73,611.11,Delivered,3
ORD-20035,2026-06-03,CUST-1272,Small Business,Europe,France,Electronics,Smartphones & Tablets,937.41,4,0.05,3562.16,2810.63,751.53,Delivered,4
ORD-20036,2025-07-07,CUST-1396,Corporate,North America,USA,Software & Cloud,Cybersecurity Suite,1653.32,1,0.05,1570.65,452.72,1117.93,Delivered,5
ORD-20037,2025-04-30,CUST-1225,Small Business,North America,USA,Office Furniture,Ergonomic Executive Chairs,705.76,2,0.0,1411.52,669.78,741.74,Shipped,5
ORD-20038,2025-02-09,CUST-1036,Corporate,Asia Pacific,Australia,Office Supplies,Storage & Archiving Units,99.14,2,0.0,198.28,128.5,69.78,Delivered,4
ORD-20039,2025-04-24,CUST-1146,Small Business,Asia Pacific,Japan,Software & Cloud,AI Assistant Subscription,925.21,2,0.05,1757.9,355.31,1402.59,Shipped,3
ORD-20040,2025-12-29,CUST-1030,Corporate,Latin America,Chile,Electronics,Smart Wearables,354.04,3,0.1,955.91,734.41,221.5,Shipped,3
ORD-20041,2025-12-29,CUST-1232,Corporate,North America,Canada,Electronics,Smartphones & Tablets,1254.37,4,0.05,4766.61,3807.2,959.41,Delivered,4
ORD-20042,2026-03-24,CUST-1210,Enterprise,Asia Pacific,Singapore,Software & Cloud,Cybersecurity Suite,794.59,10,0.0,7945.9,2123.29,5822.61,Delivered,1
ORD-20043,2025-02-28,CUST-1158,Small Business,Asia Pacific,Japan,Office Furniture,Adjustable Standing Desks,862.94,1,0.0,862.94,525.78,337.16,Delivered,5
ORD-20044,2026-05-31,CUST-1065,Corporate,North America,Canada,Office Furniture,Conference Tables,1809.69,2,0.05,3438.41,1830.57,1607.84,Delivered,5
ORD-20045,2025-10-22,CUST-1007,Enterprise,Asia Pacific,Japan,Electronics,Monitors & Displays,406.12,2,0.0,812.24,574.12,238.12,Delivered,4
ORD-20046,2025-10-25,CUST-1230,Small Business,Asia Pacific,Japan,Electronics,Smartphones & Tablets,744.78,5,0.0,3723.9,2794.99,928.91,Delivered,4
ORD-20047,2025-01-28,CUST-1194,Enterprise,North America,Mexico,Electronics,Smart Wearables,152.71,2,0.05,290.15,209.1,81.05,Delivered,4
ORD-20048,2025-12-27,CUST-1203,Small Business,North America,Mexico,Software & Cloud,DevOps Productivity Tools,1005.46,8,0.0,8043.68,1892.96,6150.72,Delivered,5
ORD-20049,2026-07-10,CUST-1118,Enterprise,North America,Canada,Software & Cloud,DevOps Productivity Tools,947.89,1,0.2,758.31,210.71,547.6,Delivered,3
ORD-20050,2025-02-28,CUST-1284,Corporate,Europe,Germany,Electronics,Laptops & Workstations,1960.07,3,0.0,5880.21,4139.79,1740.42,Delivered,3
ORD-20051,2026-04-04,CUST-1083,Consumer,Europe,Germany,Electronics,Wireless Audio,145.36,2,0.05,276.18,215.04,61.14,Delivered,5
ORD-20052,2026-01-20,CUST-1270,Small Business,Latin America,Brazil,Software & Cloud,AI Assistant Subscription,706.52,8,0.05,5369.55,819.1,4550.45,Delivered,4
ORD-20053,2025-06-01,CUST-1163,Enterprise,Europe,United Kingdom,Software & Cloud,Cloud Analytics Suite,1745.89,1,0.05,1658.6,243.46,1415.14,Delivered,4
ORD-20054,2026-07-15,CUST-1137,Corporate,North America,Mexico,Office Furniture,Adjustable Standing Desks,925.6,2,0.0,1851.2,1087.66,763.54,Delivered,4
ORD-20055,2026-03-17,CUST-1279,Small Business,Europe,United Kingdom,Software & Cloud,Cloud Analytics Suite,1815.8,2,0.05,3450.02,760.08,2689.94,Delivered,3
ORD-20056,2025-08-06,CUST-1195,Corporate,North America,Mexico,Electronics,Smart Wearables,173.83,1,0.1,156.45,119.16,37.29,Delivered,5
ORD-20057,2026-06-01,CUST-1257,Consumer,Europe,Germany,Electronics,Smart Wearables,231.34,2,0.05,439.55,331.35,108.2,Delivered,1
ORD-20058,2026-04-16,CUST-1120,Enterprise,North America,Canada,Software & Cloud,DevOps Productivity Tools,406.52,8,0.05,3089.55,507.09,2582.46,Shipped,3
ORD-20059,2026-02-04,CUST-1182,Small Business,North America,USA,Office Furniture,Conference Tables,1749.77,2,0.0,3499.54,1592.88,1906.66,Delivered,4
ORD-20060,2025-09-03,CUST-1180,Corporate,North America,Canada,Office Furniture,LED Desk Lighting,151.23,1,0.05,143.67,87.2,56.47,Delivered,2
ORD-20061,2025-06-13,CUST-1111,Small Business,Europe,Netherlands,Software & Cloud,Enterprise CRM License,1869.9,2,0.1,3365.82,950.32,2415.5,Delivered,4
ORD-20062,2026-03-12,CUST-1047,Small Business,North America,USA,Office Supplies,Paper & Stationeries Pack,100.65,5,0.15,427.76,232.11,195.65,Delivered,5
ORD-20063,2025-08-20,CUST-1068,Corporate,Latin America,Colombia,Software & Cloud,Cybersecurity Suite,1291.81,2,0.0,2583.62,669.54,1914.08,Delivered,4
ORD-20064,2025-04-11,CUST-1365,Corporate,North America,USA,Electronics,Laptops & Workstations,2170.07,3,0.1,5859.19,4563.88,1295.31,Cancelled,2
ORD-20065,2025-07-30,CUST-1367,Enterprise,North America,Canada,Office Furniture,Conference Tables,1509.68,2,0.05,2868.39,1387.99,1480.4,Processing,4
ORD-20066,2025-12-26,CUST-1189,Corporate,North America,USA,Software & Cloud,Cloud Analytics Suite,3269.2,1,0.0,3269.2,827.34,2441.86,Shipped,4
ORD-20067,2026-05-03,CUST-1182,Enterprise,North America,Mexico,Electronics,Smart Wearables,324.73,3,0.1,876.77,586.3,290.47,Delivered,4
ORD-20068,2025-05-04,CUST-1117,Small Business,Asia Pacific,Singapore,Software & Cloud,Cloud Analytics Suite,4289.38,1,0.0,4289.38,1238.53,3050.85,Delivered,4
ORD-20069,2025-09-17,CUST-1060,Enterprise,Middle East & Africa,UAE,Software & Cloud,Cybersecurity Suite,1634.64,15,0.05,23293.62,3885.43,19408.19,Cancelled,1
ORD-20070,2025-09-11,CUST-1048,Small Business,North America,USA,Software & Cloud,Enterprise CRM License,2824.04,4,0.0,11296.16,1654.99,9641.17,Delivered,2
ORD-20071,2025-12-22,CUST-1315,Enterprise,North America,USA,Electronics,Wireless Audio,112.46,5,0.15,477.95,307.78,170.17,Delivered,4
ORD-20072,2026-07-02,CUST-1181,Corporate,Asia Pacific,Australia,Electronics,Wireless Audio,111.15,1,0.0,111.15,82.79,28.36,Delivered,5
ORD-20073,2026-07-10,CUST-1069,Small Business,Europe,United Kingdom,Electronics,Wireless Audio,108.4,1,0.15,92.14,71.15,20.99,Shipped,3
ORD-20074,2025-07-22,CUST-1086,Enterprise,Middle East & Africa,Saudi Arabia,Office Supplies,Presentation Equipment,173.52,2,0.0,347.04,192.2,154.84,Delivered,4
ORD-20075,2026-01-06,CUST-1288,Small Business,North America,Mexico,Office Supplies,Breakroom Supplies,95.92,1,0.0,95.92,62.82,33.1,Delivered,3
ORD-20076,2025-12-20,CUST-1278,Small Business,Europe,Germany,Software & Cloud,Cybersecurity Suite,521.8,3,0.05,1487.13,424.26,1062.87,Delivered,4
ORD-20077,2025-10-16,CUST-1246,Consumer,Asia Pacific,India,Electronics,Smartphones & Tablets,860.08,3,0.0,2580.24,1973.94,606.3,Delivered,4
ORD-20078,2026-05-31,CUST-1332,Small Business,Asia Pacific,Japan,Office Supplies,Presentation Equipment,164.94,1,0.05,156.69,80.28,76.41,Shipped,4
ORD-20079,2025-09-08,CUST-1333,Corporate,Europe,France,Electronics,Monitors & Displays,311.04,2,0.0,622.08,390.1,231.98,Delivered,3
ORD-20080,2026-02-28,CUST-1172,Small Business,Asia Pacific,Singapore,Office Furniture,Adjustable Standing Desks,1369.62,1,0.05,1301.14,592.6,708.54,Processing,5
ORD-20081,2026-01-10,CUST-1160,Enterprise,North America,Canada,Software & Cloud,Cybersecurity Suite,1970.96,1,0.05,1872.41,379.49,1492.92,Delivered,4
ORD-20082,2025-07-22,CUST-1085,Corporate,Asia Pacific,Japan,Electronics,Laptops & Workstations,1589.89,3,0.0,4769.67,2954.43,1815.24,Shipped,3
ORD-20083,2025-01-16,CUST-1275,Enterprise,Europe,Spain,Electronics,Laptops & Workstations,1570.88,2,0.0,3141.76,2017.54,1124.22,Delivered,4
ORD-20084,2025-07-20,CUST-1346,Corporate,Europe,Germany,Office Supplies,Breakroom Supplies,178.97,1,0.15,152.12,91.65,60.47,Delivered,4
ORD-20085,2025-03-28,CUST-1092,Consumer,North America,Canada,Software & Cloud,Enterprise CRM License,507.3,1,0.05,481.94,65.87,416.07,Delivered,4
ORD-20086,2025-05-22,CUST-1352,Small Business,North America,Mexico,Software & Cloud,AI Assistant Subscription,579.43,2,0.05,1100.92,161.02,939.9,Delivered,5
ORD-20087,2025-11-14,CUST-1038,Corporate,North America,Mexico,Software & Cloud,Enterprise CRM License,1492.54,1,0.05,1417.91,396.32,1021.59,Delivered,5
ORD-20088,2025-11-29,CUST-1300,Small Business,Asia Pacific,India,Office Supplies,Presentation Equipment,327.56,2,0.0,655.12,339.67,315.45,Delivered,2
ORD-20089,2026-03-29,CUST-1160,Enterprise,Asia Pacific,Australia,Electronics,Monitors & Displays,251.16,3,0.1,678.13,537.0,141.13,Delivered,4
ORD-20090,2026-02-16,CUST-1306,Corporate,Europe,United Kingdom,Software & Cloud,Enterprise CRM License,677.52,1,0.0,677.52,88.41,589.11,Delivered,3
ORD-20091,2025-07-29,CUST-1349,Small Business,Latin America,Chile,Electronics,Laptops & Workstations,1996.35,5,0.05,9482.66,7357.49,2125.17,Delivered,3
ORD-20092,2025-09-25,CUST-1293,Small Business,North America,USA,Electronics,Laptops & Workstations,1309.71,2,0.15,2226.51,1421.39,805.12,Shipped,4
ORD-20093,2026-02-24,CUST-1040,Corporate,Asia Pacific,India,Office Furniture,Ergonomic Executive Chairs,533.79,4,0.0,2135.16,1046.92,1088.24,Delivered,4
ORD-20094,2026-07-14,CUST-1055,Corporate,North America,USA,Electronics,Monitors & Displays,580.59,3,0.05,1654.68,1199.79,454.89,Delivered,2
ORD-20095,2025-07-21,CUST-1175,Corporate,North America,USA,Software & Cloud,DevOps Productivity Tools,308.05,2,0.1,554.49,106.86,447.63,Delivered,1
ORD-20096,2025-01-31,CUST-1362,Enterprise,North America,Canada,Office Furniture,LED Desk Lighting,176.64,1,0.2,141.31,76.82,64.49,Delivered,3
ORD-20097,2025-09-19,CUST-1273,Corporate,North America,Mexico,Office Furniture,LED Desk Lighting,94.71,5,0.0,473.55,217.27,256.28,Shipped,1
ORD-20098,2025-03-18,CUST-1341,Corporate,Europe,Spain,Software & Cloud,DevOps Productivity Tools,337.13,10,0.1,3034.17,374.96,2659.21,Delivered,5
ORD-20099,2025-07-07,CUST-1143,Small Business,North America,Canada,Software & Cloud,Cloud Analytics Suite,822.53,1,0.1,740.28,131.24,609.04,Delivered,3
ORD-20100,2026-04-19,CUST-1052,Corporate,North America,Canada,Software & Cloud,DevOps Productivity Tools,1336.08,2,0.0,2672.16,728.38,1943.78,Shipped,4
ORD-20101,2026-03-13,CUST-1053,Corporate,Europe,Germany,Electronics,Monitors & Displays,446.8,3,0.0,1340.4,834.09,506.31,Delivered,4
ORD-20102,2025-01-14,CUST-1289,Corporate,Latin America,Chile,Software & Cloud,DevOps Productivity Tools,663.83,1,0.05,630.64,175.58,455.06,Delivered,4
ORD-20103,2025-03-16,CUST-1087,Small Business,North America,Canada,Electronics,Laptops & Workstations,1612.86,1,0.05,1532.22,1211.42,320.8,Shipped,3
ORD-20104,2025-11-21,CUST-1398,Small Business,Asia Pacific,India,Office Supplies,Presentation Equipment,568.9,4,0.0,2275.6,1335.78,939.82,Processing,4
ORD-20105,2025-07-17,CUST-1393,Small Business,Latin America,Brazil,Software & Cloud,DevOps Productivity Tools,1110.17,1,0.0,1110.17,220.22,889.95,Delivered,4
ORD-20106,2025-08-23,CUST-1292,Corporate,North America,Mexico,Office Furniture,Ergonomic Executive Chairs,517.06,1,0.05,491.21,226.55,264.66,Delivered,4
ORD-20107,2025-10-31,CUST-1004,Enterprise,Europe,Germany,Software & Cloud,Enterprise CRM License,1689.92,1,0.05,1605.42,464.11,1141.31,Delivered,3
ORD-20108,2025-09-05,CUST-1085,Corporate,Middle East & Africa,Saudi Arabia,Electronics,Smartphones & Tablets,841.53,4,0.0,3366.12,2053.96,1312.16,Delivered,4
ORD-20109,2025-10-29,CUST-1010,Small Business,Asia Pacific,Singapore,Software & Cloud,Cybersecurity Suite,698.35,2,0.0,1396.7,406.44,990.26,Delivered,4
ORD-20110,2025-09-29,CUST-1310,Consumer,North America,USA,Software & Cloud,DevOps Productivity Tools,1493.78,3,0.2,3585.07,707.99,2877.08,Delivered,3
ORD-20111,2026-01-25,CUST-1140,Small Business,Middle East & Africa,Saudi Arabia,Electronics,Monitors & Displays,652.67,2,0.05,1240.07,894.04,346.03,Shipped,5
ORD-20112,2026-05-10,CUST-1035,Small Business,Europe,United Kingdom,Electronics,Monitors & Displays,616.63,1,0.05,585.8,378.24,207.56,Delivered,2
ORD-20113,2025-09-12,CUST-1363,Corporate,Europe,United Kingdom,Software & Cloud,Cloud Analytics Suite,1990.18,4,0.05,7562.68,2138.94,5423.74,Delivered,3
ORD-20114,2025-09-22,CUST-1162,Small Business,Europe,Netherlands,Electronics,Monitors & Displays,775.17,2,0.05,1472.82,1036.41,436.41,Delivered,4
ORD-20115,2025-01-17,CUST-1115,Consumer,Latin America,Chile,Office Furniture,Conference Tables,1572.65,2,0.0,3145.3,1511.46,1633.84,Delivered,5
ORD-20116,2025-02-10,CUST-1148,Corporate,Europe,France,Electronics,Smartphones & Tablets,1365.06,1,0.05,1296.81,979.12,317.69,Delivered,5
ORD-20117,2026-02-07,CUST-1077,Enterprise,Europe,Netherlands,Electronics,Smartphones & Tablets,1314.05,2,0.1,2365.29,1666.9,698.39,Delivered,1
ORD-20118,2025-11-11,CUST-1146,Consumer,Europe,Spain,Software & Cloud,Enterprise CRM License,1835.73,2,0.0,3671.46,897.34,2774.12,Delivered,3
ORD-20119,2026-04-03,CUST-1113,Corporate,North America,Canada,Office Furniture,Conference Tables,2050.06,1,0.1,1845.05,1014.22,830.83,Shipped,5
ORD-20120,2025-07-29,CUST-1333,Corporate,Europe,United Kingdom,Electronics,Wireless Audio,146.73,1,0.0,146.73,111.77,34.96,Delivered,3
ORD-20121,2025-02-02,CUST-1390,Small Business,Latin America,Brazil,Electronics,Laptops & Workstations,2091.08,1,0.0,2091.08,1516.48,574.6,Delivered,3
ORD-20122,2026-02-07,CUST-1201,Corporate,Middle East & Africa,Saudi Arabia,Office Furniture,LED Desk Lighting,72.16,1,0.0,72.16,40.67,31.49,Delivered,1
ORD-20123,2025-11-21,CUST-1097,Corporate,North America,Mexico,Office Supplies,High-Volume Printers,990.31,3,0.0,2970.93,1873.75,1097.18,Delivered,4
ORD-20124,2025-06-15,CUST-1083,Corporate,Europe,Netherlands,Office Supplies,Storage & Archiving Units,210.98,1,0.15,179.33,123.08,56.25,Delivered,4
ORD-20125,2025-11-05,CUST-1257,Corporate,Europe,France,Electronics,Monitors & Displays,455.29,2,0.0,910.58,606.07,304.51,Shipped,2
ORD-20126,2025-06-03,CUST-1176,Corporate,Asia Pacific,South Korea,Software & Cloud,AI Assistant Subscription,955.79,3,0.1,2580.63,368.84,2211.79,Delivered,2
ORD-20127,2025-04-07,CUST-1075,Small Business,Asia Pacific,Australia,Electronics,Smart Wearables,267.82,2,0.05,508.86,387.36,121.5,Shipped,5
ORD-20128,2026-04-02,CUST-1133,Small Business,Europe,Spain,Electronics,Smart Wearables,273.33,3,0.0,819.99,575.74,244.25,Delivered,4
ORD-20129,2025-10-16,CUST-1027,Corporate,Europe,Germany,Electronics,Monitors & Displays,652.83,5,0.0,3264.15,2197.01,1067.14,Delivered,3
ORD-20130,2026-07-13,CUST-1018,Corporate,Europe,United Kingdom,Software & Cloud,Cybersecurity Suite,1004.21,3,0.05,2862.0,350.53,2511.47,Delivered,4
ORD-20131,2026-03-25,CUST-1316,Corporate,North America,USA,Electronics,Smartphones & Tablets,929.57,5,0.05,4415.46,3062.12,1353.34,Delivered,3
ORD-20132,2025-10-09,CUST-1170,Corporate,Europe,United Kingdom,Software & Cloud,AI Assistant Subscription,513.49,5,0.0,2567.45,535.56,2031.89,Delivered,4
ORD-20133,2025-07-26,CUST-1085,Corporate,Europe,United Kingdom,Office Supplies,Storage & Archiving Units,231.5,1,0.0,231.5,128.55,102.95,Shipped,4
ORD-20134,2025-07-18,CUST-1383,Small Business,Europe,United Kingdom,Software & Cloud,Cybersecurity Suite,1877.08,2,0.0,3754.16,1117.21,2636.95,Delivered,5
ORD-20135,2026-07-04,CUST-1142,Enterprise,North America,Mexico,Electronics,Wireless Audio,325.77,8,0.1,2345.54,1560.13,785.41,Delivered,4
ORD-20136,2026-04-04,CUST-1113,Small Business,North America,Mexico,Software & Cloud,Cybersecurity Suite,1130.82,1,0.0,1130.82,275.7,855.12,Delivered,4
ORD-20137,2025-07-26,CUST-1018,Corporate,Europe,Spain,Software & Cloud,Cloud Analytics Suite,2884.56,3,0.1,7788.31,1513.67,6274.64,Delivered,5
ORD-20138,2025-10-03,CUST-1112,Corporate,Middle East & Africa,Saudi Arabia,Software & Cloud,Cybersecurity Suite,2072.45,1,0.05,1968.83,515.65,1453.18,Delivered,2
ORD-20139,2025-01-14,CUST-1058,Enterprise,Latin America,Brazil,Electronics,Monitors & Displays,708.06,2,0.1,1274.51,991.55,282.96,Delivered,4
ORD-20140,2026-04-03,CUST-1141,Small Business,Europe,United Kingdom,Software & Cloud,Enterprise CRM License,2089.85,2,0.0,4179.7,723.4,3456.3,Delivered,4
ORD-20141,2026-01-10,CUST-1292,Enterprise,Middle East & Africa,UAE,Electronics,Wireless Audio,213.72,3,0.15,544.99,366.34,178.65,Shipped,4
ORD-20142,2026-03-14,CUST-1317,Small Business,North America,Mexico,Software & Cloud,DevOps Productivity Tools,725.91,1,0.0,725.91,162.46,563.45,Delivered,4
ORD-20143,2025-08-27,CUST-1254,Small Business,North America,Mexico,Office Furniture,Acoustic Office Pods,4080.99,1,0.1,3672.89,1654.83,2018.06,Delivered,1
ORD-20144,2025-05-07,CUST-1204,Enterprise,Asia Pacific,Australia,Electronics,Smart Wearables,412.22,1,0.0,412.22,329.72,82.5,Delivered,4
ORD-20145,2025-09-30,CUST-1155,Corporate,Asia Pacific,South Korea,Electronics,Smartphones & Tablets,1358.8,8,0.05,10326.88,6352.02,3974.86,Delivered,3
ORD-20146,2025-01-02,CUST-1148,Enterprise,Europe,France,Office Furniture,Ergonomic Executive Chairs,772.45,8,0.0,6179.6,3141.56,3038.04,Delivered,4
ORD-20147,2026-04-12,CUST-1181,Corporate,North America,USA,Software & Cloud,Enterprise CRM License,1670.83,4,0.0,6683.32,1251.53,5431.79,Cancelled,2
ORD-20148,2025-04-08,CUST-1041,Corporate,North America,USA,Electronics,Wireless Audio,281.15,1,0.05,267.09,198.66,68.43,Delivered,5
ORD-20149,2025-09-30,CUST-1309,Small Business,North America,USA,Electronics,Smartphones & Tablets,1141.91,2,0.15,1941.25,1402.62,538.63,Delivered,4
ORD-20150,2026-01-06,CUST-1112,Consumer,Europe,Germany,Electronics,Laptops & Workstations,1631.87,1,0.0,1631.87,1097.56,534.31,Delivered,3
ORD-20151,2026-07-10,CUST-1065,Corporate,North America,USA,Software & Cloud,Cloud Analytics Suite,3967.69,2,0.1,7141.84,1763.23,5378.61,Delivered,4
ORD-20152,2026-03-09,CUST-1276,Corporate,North America,Mexico,Office Furniture,LED Desk Lighting,148.19,2,0.0,296.38,163.43,132.95,Delivered,4
ORD-20153,2025-03-11,CUST-1016,Small Business,North America,Canada,Office Supplies,Breakroom Supplies,157.28,3,0.1,424.66,256.72,167.94,Delivered,3
ORD-20154,2025-06-15,CUST-1244,Small Business,Asia Pacific,Singapore,Software & Cloud,AI Assistant Subscription,872.73,1,0.0,872.73,134.83,737.9,Delivered,3
ORD-20155,2026-07-24,CUST-1272,Consumer,Europe,Germany,Office Furniture,Ergonomic Executive Chairs,711.01,8,0.0,5688.08,3413.11,2274.97,Processing,5
ORD-20156,2026-01-19,CUST-1043,Corporate,North America,Mexico,Electronics,Monitors & Displays,675.46,1,0.05,641.69,430.16,211.53,Delivered,4
ORD-20157,2025-05-25,CUST-1207,Corporate,Europe,Netherlands,Office Supplies,Paper & Stationeries Pack,39.53,2,0.0,79.06,44.66,34.4,Shipped,3
ORD-20158,2025-01-17,CUST-1100,Corporate,Europe,Spain,Electronics,Laptops & Workstations,1493.9,4,0.15,5079.26,3966.54,1112.72,Delivered,3
ORD-20159,2025-03-12,CUST-1063,Corporate,Europe,Spain,Electronics,Wireless Audio,289.77,3,0.0,869.31,574.82,294.49,Delivered,5
ORD-20160,2025-10-12,CUST-1140,Small Business,Europe,France,Electronics,Wireless Audio,201.93,1,0.0,201.93,128.13,73.8,Delivered,1
ORD-20161,2026-06-18,CUST-1387,Small Business,Asia Pacific,India,Electronics,Wireless Audio,130.53,1,0.05,124.0,77.5,46.5,Delivered,3
ORD-20162,2025-10-05,CUST-1383,Small Business,North America,Canada,Office Furniture,LED Desk Lighting,178.77,1,0.0,178.77,98.16,80.61,Delivered,4
ORD-20163,2026-02-19,CUST-1087,Corporate,Europe,Spain,Electronics,Smart Wearables,380.4,2,0.0,760.8,514.49,246.31,Shipped,4
ORD-20164,2025-01-04,CUST-1385,Small Business,Europe,Spain,Software & Cloud,Cloud Analytics Suite,1738.26,2,0.0,3476.52,920.92,2555.6,Delivered,4
ORD-20165,2026-06-15,CUST-1385,Small Business,Europe,Germany,Electronics,Smartphones & Tablets,1139.07,4,0.0,4556.28,3028.57,1527.71,Delivered,4
ORD-20166,2025-04-06,CUST-1111,Corporate,North America,Canada,Electronics,Wireless Audio,335.77,1,0.05,318.98,213.57,105.41,Delivered,4
ORD-20167,2026-03-05,CUST-1386,Enterprise,Europe,Spain,Office Furniture,LED Desk Lighting,132.52,4,0.05,503.58,304.49,199.09,Delivered,3
ORD-20168,2025-02-04,CUST-1044,Enterprise,Europe,France,Electronics,Smart Wearables,435.72,5,0.0,2178.6,1658.28,520.32,Delivered,4
ORD-20169,2025-07-14,CUST-1000,Corporate,Asia Pacific,Japan,Office Supplies,Breakroom Supplies,81.3,1,0.15,69.1,37.62,31.48,Delivered,4
ORD-20170,2026-01-04,CUST-1024,Consumer,North America,Mexico,Electronics,Wireless Audio,346.01,4,0.1,1245.64,826.97,418.67,Delivered,4
ORD-20171,2025-11-11,CUST-1301,Corporate,Europe,Netherlands,Electronics,Laptops & Workstations,1272.04,1,0.1,1144.84,821.15,323.69,Cancelled,1
ORD-20172,2026-06-02,CUST-1318,Corporate,Europe,Spain,Office Furniture,LED Desk Lighting,88.43,1,0.0,88.43,43.37,45.06,Delivered,4
ORD-20173,2025-04-21,CUST-1374,Corporate,Asia Pacific,Japan,Electronics,Monitors & Displays,714.07,1,0.05,678.37,412.23,266.14,Delivered,3
ORD-20174,2025-10-02,CUST-1098,Consumer,Asia Pacific,Japan,Electronics,Wireless Audio,205.0,2,0.1,369.0,235.85,133.15,Delivered,4
ORD-20175,2025-10-21,CUST-1084,Consumer,North America,Mexico,Software & Cloud,DevOps Productivity Tools,1495.83,1,0.05,1421.04,325.02,1096.02,Delivered,3
ORD-20176,2025-07-18,CUST-1222,Small Business,North America,Mexico,Electronics,Wireless Audio,152.42,10,0.05,1447.99,887.75,560.24,Delivered,2
ORD-20177,2025-07-02,CUST-1373,Corporate,North America,Mexico,Electronics,Smartphones & Tablets,1372.17,2,0.05,2607.12,1707.08,900.04,Delivered,4
ORD-20178,2026-04-12,CUST-1029,Corporate,North America,Canada,Software & Cloud,Enterprise CRM License,1425.58,4,0.1,5132.09,758.0,4374.09,Delivered,3
ORD-20179,2025-04-21,CUST-1009,Small Business,North America,USA,Electronics,Monitors & Displays,386.7,1,0.1,348.03,217.48,130.55,Delivered,3
ORD-20180,2025-08-03,CUST-1188,Enterprise,North America,Mexico,Office Supplies,High-Volume Printers,443.02,3,0.0,1329.06,865.6,463.46,Delivered,2
ORD-20181,2025-01-21,CUST-1199,Corporate,North America,USA,Office Furniture,Acoustic Office Pods,4341.81,8,0.0,34734.48,16613.46,18121.02,Delivered,4
ORD-20182,2026-01-14,CUST-1297,Small Business,North America,USA,Software & Cloud,AI Assistant Subscription,242.91,3,0.0,728.73,107.24,621.49,Delivered,3
ORD-20183,2026-04-29,CUST-1367,Small Business,Asia Pacific,Singapore,Software & Cloud,Cybersecurity Suite,1487.76,2,0.1,2677.97,403.51,2274.46,Delivered,4
ORD-20184,2025-01-24,CUST-1285,Corporate,Europe,Netherlands,Electronics,Smartphones & Tablets,926.22,5,0.0,4631.1,2814.4,1816.7,Delivered,1
ORD-20185,2025-05-06,CUST-1206,Corporate,Middle East & Africa,Saudi Arabia,Software & Cloud,Enterprise CRM License,1842.6,4,0.0,7370.4,1270.64,6099.76,Delivered,3
ORD-20186,2026-07-22,CUST-1384,Enterprise,Europe,Spain,Electronics,Laptops & Workstations,1291.7,5,0.0,6458.5,4105.99,2352.51,Delivered,5
ORD-20187,2026-05-07,CUST-1107,Corporate,Asia Pacific,India,Software & Cloud,Cloud Analytics Suite,2693.59,4,0.15,9158.21,1248.66,7909.55,Delivered,4
ORD-20188,2026-03-28,CUST-1238,Corporate,Europe,United Kingdom,Office Furniture,Acoustic Office Pods,3953.27,1,0.0,3953.27,1913.52,2039.75,Delivered,3
ORD-20189,2025-02-14,CUST-1316,Consumer,Europe,France,Electronics,Smartphones & Tablets,767.92,1,0.15,652.73,426.27,226.46,Delivered,5
ORD-20190,2025-11-30,CUST-1286,Small Business,Latin America,Colombia,Software & Cloud,Cybersecurity Suite,1529.8,1,0.0,1529.8,200.63,1329.17,Delivered,3
ORD-20191,2025-01-01,CUST-1073,Enterprise,Asia Pacific,India,Software & Cloud,DevOps Productivity Tools,1062.77,2,0.0,2125.54,409.46,1716.08,Processing,4
ORD-20192,2025-02-25,CUST-1270,Small Business,North America,Canada,Software & Cloud,Cybersecurity Suite,1682.8,1,0.0,1682.8,361.71,1321.09,Delivered,4
ORD-20193,2026-05-27,CUST-1372,Corporate,North America,Mexico,Office Supplies,Storage & Archiving Units,155.16,3,0.0,465.48,242.29,223.19,Delivered,4
ORD-20194,2026-07-14,CUST-1022,Enterprise,North America,Mexico,Software & Cloud,DevOps Productivity Tools,1343.58,1,0.1,1209.22,178.29,1030.93,Delivered,3
ORD-20195,2026-01-22,CUST-1013,Corporate,Latin America,Brazil,Electronics,Laptops & Workstations,1873.5,3,0.1,5058.45,3334.19,1724.26,Delivered,4
ORD-20196,2025-12-30,CUST-1396,Enterprise,Europe,Netherlands,Electronics,Smartphones & Tablets,642.26,3,0.0,1926.78,1424.75,502.03,Delivered,5
ORD-20197,2025-05-01,CUST-1382,Corporate,North America,Mexico,Office Supplies,Presentation Equipment,205.85,1,0.05,195.56,129.7,65.86,Delivered,1
ORD-20198,2026-05-11,CUST-1158,Small Business,Asia Pacific,India,Electronics,Laptops & Workstations,2480.05,1,0.0,2480.05,1883.08,596.97,Delivered,3
ORD-20199,2025-12-23,CUST-1225,Consumer,Asia Pacific,South Korea,Electronics,Laptops & Workstations,1312.72,2,0.15,2231.62,1612.13,619.49,Delivered,2
ORD-20200,2026-01-03,CUST-1376,Enterprise,Asia Pacific,Singapore,Office Furniture,Acoustic Office Pods,4783.63,1,0.0,4783.63,2438.88,2344.75,Delivered,4
ORD-20201,2025-08-09,CUST-1100,Corporate,North America,Mexico,Software & Cloud,Cybersecurity Suite,766.28,8,0.15,5210.7,1519.13,3691.57,Delivered,5
ORD-20202,2026-05-25,CUST-1115,Consumer,Asia Pacific,Australia,Electronics,Smartphones & Tablets,1204.95,2,0.05,2289.41,1627.97,661.44,Delivered,4
ORD-20203,2025-06-16,CUST-1149,Corporate,North America,USA,Office Furniture,Ergonomic Executive Chairs,589.99,1,0.05,560.49,265.19,295.3,Delivered,4
ORD-20204,2025-07-18,CUST-1215,Corporate,Middle East & Africa,South Africa,Electronics,Laptops & Workstations,2099.24,3,0.0,6297.72,4574.35,1723.37,Delivered,4
ORD-20205,2026-01-02,CUST-1123,Small Business,Europe,Germany,Office Furniture,Acoustic Office Pods,3099.11,2,0.0,6198.22,2830.47,3367.75,Delivered,4
ORD-20206,2025-02-13,CUST-1044,Small Business,Europe,Spain,Electronics,Smart Wearables,168.66,4,0.0,674.64,485.51,189.13,Delivered,3
ORD-20207,2026-04-13,CUST-1296,Corporate,Asia Pacific,Australia,Office Furniture,LED Desk Lighting,84.17,1,0.0,84.17,48.38,35.79,Delivered,5
ORD-20208,2026-01-29,CUST-1048,Small Business,North America,USA,Electronics,Monitors & Displays,791.04,1,0.0,791.04,518.85,272.19,Delivered,5
ORD-20209,2026-04-24,CUST-1291,Small Business,Latin America,Brazil,Software & Cloud,Cybersecurity Suite,448.79,4,0.0,1795.16,292.36,1502.8,Delivered,4
ORD-20210,2025-09-19,CUST-1155,Corporate,North America,Canada,Office Supplies,Paper & Stationeries Pack,73.87,8,0.0,590.96,303.64,287.32,Delivered,4
ORD-20211,2025-02-26,CUST-1054,Corporate,North America,Mexico,Electronics,Laptops & Workstations,2498.43,1,0.05,2373.51,1859.61,513.9,Delivered,3
ORD-20212,2025-07-03,CUST-1041,Corporate,Latin America,Colombia,Office Supplies,Storage & Archiving Units,136.92,1,0.1,123.23,70.85,52.38,Processing,4
ORD-20213,2025-01-17,CUST-1038,Enterprise,North America,Mexico,Electronics,Smartphones & Tablets,959.95,3,0.05,2735.86,1644.02,1091.84,Delivered,3
ORD-20214,2025-07-23,CUST-1343,Corporate,Middle East & Africa,Saudi Arabia,Office Furniture,LED Desk Lighting,87.27,2,0.05,165.81,90.69,75.12,Delivered,3
ORD-20215,2025-12-01,CUST-1108,Enterprise,North America,USA,Electronics,Laptops & Workstations,2216.31,2,0.1,3989.36,2731.52,1257.84,Delivered,4
ORD-20216,2025-04-06,CUST-1071,Corporate,Europe,United Kingdom,Software & Cloud,DevOps Productivity Tools,915.44,4,0.0,3661.76,632.56,3029.2,Delivered,5
ORD-20217,2026-02-06,CUST-1157,Corporate,Middle East & Africa,UAE,Electronics,Monitors & Displays,466.96,5,0.0,2334.8,1416.41,918.39,Shipped,2
ORD-20218,2026-02-13,CUST-1000,Corporate,North America,Mexico,Office Supplies,Paper & Stationeries Pack,77.35,3,0.0,232.05,128.26,103.79,Delivered,3
ORD-20219,2025-05-13,CUST-1326,Small Business,Europe,Germany,Office Furniture,Adjustable Standing Desks,778.52,10,0.0,7785.2,4367.94,3417.26,Delivered,5
ORD-20220,2025-09-09,CUST-1273,Corporate,Europe,Germany,Software & Cloud,Cloud Analytics Suite,1037.15,2,0.05,1970.59,386.39,1584.2,Delivered,3
ORD-20221,2026-04-23,CUST-1155,Enterprise,North America,Canada,Software & Cloud,Cloud Analytics Suite,1780.92,2,0.2,2849.47,741.83,2107.64,Delivered,4
ORD-20222,2026-04-09,CUST-1006,Enterprise,North America,Mexico,Electronics,Wireless Audio,317.0,4,0.05,1204.6,945.54,259.06,Delivered,4
ORD-20223,2026-07-04,CUST-1178,Small Business,Asia Pacific,South Korea,Software & Cloud,DevOps Productivity Tools,1032.45,4,0.05,3923.31,1097.54,2825.77,Delivered,4
ORD-20224,2025-03-05,CUST-1163,Enterprise,Middle East & Africa,Saudi Arabia,Software & Cloud,Cybersecurity Suite,444.36,3,0.05,1266.43,189.27,1077.16,Shipped,4
ORD-20225,2026-03-23,CUST-1068,Enterprise,North America,Canada,Electronics,Wireless Audio,345.62,5,0.0,1728.1,1368.67,359.43,Shipped,4
ORD-20226,2025-08-18,CUST-1217,Corporate,Latin America,Colombia,Office Supplies,Paper & Stationeries Pack,54.77,2,0.15,93.11,58.88,34.23,Delivered,4
ORD-20227,2025-08-18,CUST-1309,Corporate,North America,Mexico,Electronics,Smartphones & Tablets,852.53,1,0.0,852.53,566.62,285.91,Delivered,4
ORD-20228,2025-11-21,CUST-1168,Corporate,North America,Canada,Electronics,Monitors & Displays,653.5,4,0.05,2483.3,1943.54,539.76,Delivered,3
ORD-20229,2026-01-19,CUST-1243,Enterprise,Asia Pacific,Japan,Electronics,Smart Wearables,161.7,2,0.1,291.06,199.7,91.36,Delivered,4
ORD-20230,2025-04-09,CUST-1246,Corporate,Latin America,Brazil,Electronics,Smartphones & Tablets,794.89,4,0.0,3179.56,2047.19,1132.37,Delivered,4
ORD-20231,2026-05-21,CUST-1184,Corporate,Europe,Germany,Office Supplies,Paper & Stationeries Pack,114.64,8,0.0,917.12,527.51,389.61,Delivered,3
ORD-20232,2025-05-23,CUST-1113,Small Business,Asia Pacific,Singapore,Electronics,Smartphones & Tablets,622.5,2,0.05,1182.75,911.64,271.11,Delivered,3
ORD-20233,2026-03-05,CUST-1025,Small Business,North America,Canada,Software & Cloud,Cloud Analytics Suite,1797.63,4,0.2,5752.42,1506.8,4245.62,Delivered,4
ORD-20234,2025-10-05,CUST-1225,Small Business,North America,Canada,Office Supplies,Paper & Stationeries Pack,113.69,2,0.0,227.38,145.41,81.97,Delivered,4
ORD-20235,2025-05-11,CUST-1120,Consumer,Middle East & Africa,UAE,Electronics,Monitors & Displays,616.52,1,0.05,585.69,455.73,129.96,Delivered,5
ORD-20236,2025-04-01,CUST-1138,Corporate,Middle East & Africa,South Africa,Electronics,Smart Wearables,417.74,1,0.0,417.74,313.45,104.29,Delivered,3
ORD-20237,2026-05-11,CUST-1214,Corporate,Asia Pacific,Singapore,Electronics,Wireless Audio,151.7,5,0.0,758.5,591.08,167.42,Cancelled,2
ORD-20238,2025-08-20,CUST-1086,Corporate,Europe,Germany,Electronics,Monitors & Displays,607.56,3,0.0,1822.68,1413.81,408.87,Delivered,3
ORD-20239,2025-10-10,CUST-1247,Small Business,Latin America,Colombia,Office Supplies,Breakroom Supplies,117.42,5,0.15,499.04,340.6,158.44,Delivered,2
ORD-20240,2025-03-10,CUST-1219,Enterprise,North America,Canada,Electronics,Monitors & Displays,350.59,2,0.0,701.18,425.63,275.55,Delivered,4
ORD-20241,2026-01-12,CUST-1197,Corporate,North America,Mexico,Electronics,Smartphones & Tablets,661.3,3,0.0,1983.9,1392.98,590.92,Shipped,4
ORD-20242,2025-08-25,CUST-1397,Corporate,Latin America,Chile,Office Supplies,Paper & Stationeries Pack,108.7,2,0.05,206.53,131.39,75.14,Delivered,3
ORD-20243,2026-05-11,CUST-1327,Corporate,Asia Pacific,India,Electronics,Monitors & Displays,456.94,5,0.05,2170.46,1619.27,551.19,Delivered,4
ORD-20244,2026-04-12,CUST-1100,Enterprise,Europe,France,Electronics,Wireless Audio,100.98,15,0.1,1363.23,876.09,487.14,Delivered,5
ORD-20245,2025-12-30,CUST-1138,Enterprise,Europe,Germany,Electronics,Wireless Audio,202.62,8,0.05,1539.91,984.98,554.93,Delivered,3
ORD-20246,2026-07-16,CUST-1074,Corporate,North America,Canada,Electronics,Smartphones & Tablets,1100.07,8,0.05,8360.53,5785.12,2575.41,Delivered,5
ORD-20247,2025-06-20,CUST-1120,Corporate,North America,Canada,Office Supplies,Presentation Equipment,219.65,1,0.0,219.65,137.4,82.25,Cancelled,1
ORD-20248,2025-08-31,CUST-1398,Corporate,North America,USA,Electronics,Laptops & Workstations,2287.37,2,0.05,4346.0,2988.66,1357.34,Delivered,3
ORD-20249,2025-08-10,CUST-1357,Enterprise,North America,USA,Office Supplies,Breakroom Supplies,78.57,1,0.0,78.57,53.59,24.98,Delivered,2
ORD-20250,2025-08-02,CUST-1233,Consumer,North America,USA,Electronics,Laptops & Workstations,2396.82,1,0.15,2037.3,1380.91,656.39,Delivered,2
ORD-20251,2026-01-14,CUST-1353,Enterprise,North America,USA,Electronics,Smartphones & Tablets,1231.16,3,0.1,3324.13,2198.9,1125.23,Delivered,4
ORD-20252,2025-10-09,CUST-1131,Enterprise,North America,USA,Electronics,Smartphones & Tablets,889.29,2,0.1,1600.72,1159.15,441.57,Delivered,4
ORD-20253,2026-02-13,CUST-1262,Corporate,North America,Mexico,Software & Cloud,DevOps Productivity Tools,304.75,2,0.0,609.5,76.2,533.3,Delivered,3
ORD-20254,2025-10-17,CUST-1038,Enterprise,North America,Canada,Software & Cloud,Cloud Analytics Suite,2651.07,2,0.0,5302.14,1411.67,3890.47,Delivered,4
ORD-20255,2025-03-15,CUST-1258,Small Business,Latin America,Colombia,Software & Cloud,Cybersecurity Suite,467.0,5,0.05,2218.25,269.88,1948.37,Delivered,4
ORD-20256,2026-03-08,CUST-1225,Corporate,Europe,Spain,Software & Cloud,Cybersecurity Suite,1013.71,5,0.15,4308.27,772.23,3536.04,Processing,5
ORD-20257,2026-03-20,CUST-1196,Corporate,North America,Canada,Software & Cloud,DevOps Productivity Tools,949.44,4,0.05,3607.87,1041.81,2566.06,Delivered,4
ORD-20258,2025-06-30,CUST-1095,Small Business,North America,Canada,Electronics,Wireless Audio,111.95,2,0.1,201.51,145.25,56.26,Shipped,5
ORD-20259,2025-08-12,CUST-1344,Corporate,North America,Canada,Electronics,Wireless Audio,216.32,1,0.0,216.32,154.19,62.13,Delivered,4
ORD-20260,2025-03-27,CUST-1220,Consumer,Europe,United Kingdom,Office Furniture,Adjustable Standing Desks,1293.47,2,0.1,2328.25,1251.6,1076.65,Delivered,4
ORD-20261,2025-07-11,CUST-1033,Corporate,Europe,France,Electronics,Wireless Audio,108.12,2,0.05,205.43,124.54,80.89,Delivered,3
ORD-20262,2025-11-14,CUST-1354,Consumer,Europe,United Kingdom,Software & Cloud,Enterprise CRM License,2303.06,1,0.05,2187.91,269.68,1918.23,Delivered,3
ORD-20263,2025-04-18,CUST-1289,Small Business,Asia Pacific,Japan,Software & Cloud,Cybersecurity Suite,2103.88,3,0.0,6311.64,1383.29,4928.35,Delivered,4
ORD-20264,2025-07-23,CUST-1170,Corporate,North America,Canada,Electronics,Monitors & Displays,596.43,2,0.0,1192.86,722.77,470.09,Delivered,5
ORD-20265,2026-01-31,CUST-1093,Small Business,North America,Canada,Electronics,Laptops & Workstations,1705.28,2,0.1,3069.5,2203.08,866.42,Delivered,1
ORD-20266,2025-01-11,CUST-1330,Small Business,Europe,United Kingdom,Electronics,Monitors & Displays,694.19,4,0.15,2360.25,1484.83,875.42,Delivered,3
ORD-20267,2026-06-27,CUST-1123,Consumer,North America,USA,Office Furniture,Ergonomic Executive Chairs,443.42,1,0.0,443.42,217.94,225.48,Shipped,4
ORD-20268,2025-03-18,CUST-1362,Corporate,North America,Canada,Office Supplies,High-Volume Printers,1121.3,5,0.0,5606.5,3839.99,1766.51,Delivered,4
ORD-20269,2025-11-22,CUST-1138,Small Business,Europe,Germany,Office Furniture,LED Desk Lighting,100.37,2,0.2,160.59,82.02,78.57,Delivered,4
ORD-20270,2025-12-06,CUST-1144,Small Business,Asia Pacific,South Korea,Electronics,Monitors & Displays,668.55,3,0.0,2005.65,1583.29,422.36,Delivered,3
ORD-20271,2026-05-18,CUST-1055,Corporate,Europe,Netherlands,Office Furniture,Conference Tables,1512.39,3,0.05,4310.31,2468.55,1841.76,Shipped,3
ORD-20272,2025-05-24,CUST-1149,Enterprise,Latin America,Chile,Office Furniture,Conference Tables,1552.46,5,0.05,7374.18,3816.71,3557.47,Delivered,4
ORD-20273,2025-10-16,CUST-1011,Corporate,Asia Pacific,Singapore,Electronics,Smart Wearables,387.15,2,0.0,774.3,559.97,214.33,Delivered,2
ORD-20274,2026-02-05,CUST-1355,Small Business,North America,Mexico,Software & Cloud,AI Assistant Subscription,677.11,2,0.1,1218.8,250.84,967.96,Processing,4
ORD-20275,2025-01-23,CUST-1050,Corporate,North America,USA,Electronics,Laptops & Workstations,1522.16,1,0.0,1522.16,995.95,526.21,Delivered,4
ORD-20276,2025-09-03,CUST-1286,Small Business,Europe,France,Office Furniture,Ergonomic Executive Chairs,841.02,1,0.1,756.92,387.11,369.81,Delivered,4
ORD-20277,2025-11-10,CUST-1197,Corporate,Asia Pacific,Singapore,Electronics,Laptops & Workstations,2378.93,2,0.0,4757.86,3378.27,1379.59,Shipped,4
ORD-20278,2025-05-18,CUST-1326,Corporate,North America,Canada,Electronics,Laptops & Workstations,2316.67,1,0.1,2085.0,1534.3,550.7,Delivered,3
ORD-20279,2025-06-25,CUST-1270,Enterprise,Latin America,Brazil,Electronics,Monitors & Displays,684.49,3,0.1,1848.12,1205.95,642.17,Cancelled,2
ORD-20280,2026-05-21,CUST-1059,Consumer,North America,Canada,Software & Cloud,Enterprise CRM License,1968.37,1,0.15,1673.11,449.06,1224.05,Delivered,4
ORD-20281,2025-10-14,CUST-1207,Small Business,North America,USA,Office Supplies,Presentation Equipment,401.91,2,0.05,763.63,494.18,269.45,Delivered,4
ORD-20282,2025-04-14,CUST-1187,Corporate,Europe,United Kingdom,Electronics,Smart Wearables,286.02,10,0.0,2860.2,2085.08,775.12,Delivered,5
ORD-20283,2025-04-15,CUST-1222,Corporate,North America,Mexico,Office Supplies,High-Volume Printers,840.44,4,0.0,3361.76,2085.31,1276.45,Cancelled,1
ORD-20284,2026-01-04,CUST-1204,Corporate,Asia Pacific,Japan,Electronics,Monitors & Displays,595.33,2,0.05,1131.13,726.55,404.58,Delivered,5
ORD-20285,2026-06-26,CUST-1214,Corporate,Latin America,Brazil,Electronics,Monitors & Displays,687.55,2,0.0,1375.1,1035.29,339.81,Delivered,2
ORD-20286,2025-10-05,CUST-1052,Enterprise,North America,Canada,Electronics,Smartphones & Tablets,647.94,2,0.0,1295.88,787.33,508.55,Delivered,2
ORD-20287,2025-11-21,CUST-1032,Enterprise,Europe,Netherlands,Electronics,Monitors & Displays,618.75,1,0.1,556.88,348.92,207.96,Delivered,3
ORD-20288,2025-10-30,CUST-1176,Corporate,Latin America,Chile,Electronics,Smartphones & Tablets,794.36,5,0.0,3971.8,2805.57,1166.23,Delivered,2
ORD-20289,2025-11-03,CUST-1198,Small Business,Latin America,Brazil,Electronics,Monitors & Displays,763.19,5,0.0,3815.95,2525.17,1290.78,Delivered,3
ORD-20290,2025-03-05,CUST-1149,Small Business,Asia Pacific,Japan,Electronics,Laptops & Workstations,1910.6,2,0.05,3630.14,2303.02,1327.12,Delivered,2
ORD-20291,2026-07-12,CUST-1149,Enterprise,North America,USA,Electronics,Laptops & Workstations,1594.17,2,0.0,3188.34,2450.32,738.02,Delivered,3
ORD-20292,2025-10-19,CUST-1070,Small Business,Europe,France,Software & Cloud,Enterprise CRM License,1639.06,3,0.1,4425.46,1139.37,3286.09,Delivered,4
ORD-20293,2025-09-28,CUST-1278,Enterprise,North America,Canada,Software & Cloud,AI Assistant Subscription,281.02,3,0.0,843.06,250.57,592.49,Delivered,3
ORD-20294,2025-01-13,CUST-1108,Corporate,Asia Pacific,South Korea,Electronics,Monitors & Displays,741.8,1,0.05,704.71,520.11,184.6,Delivered,5
ORD-20295,2025-07-15,CUST-1093,Small Business,Europe,France,Software & Cloud,DevOps Productivity Tools,311.3,4,0.0,1245.2,230.98,1014.22,Delivered,4
ORD-20296,2026-06-21,CUST-1208,Small Business,Europe,United Kingdom,Office Furniture,Ergonomic Executive Chairs,653.46,1,0.15,555.44,352.33,203.11,Delivered,5
ORD-20297,2026-01-24,CUST-1344,Corporate,North America,USA,Electronics,Monitors & Displays,516.09,2,0.0,1032.18,660.05,372.13,Processing,4
ORD-20298,2025-06-21,CUST-1327,Corporate,North America,Mexico,Software & Cloud,AI Assistant Subscription,304.81,3,0.0,914.43,192.43,722.0,Delivered,4
ORD-20299,2026-03-23,CUST-1193,Corporate,Asia Pacific,India,Electronics,Smart Wearables,204.79,2,0.05,389.1,267.96,121.14,Delivered,3
ORD-20300,2025-01-11,CUST-1253,Corporate,North America,Canada,Software & Cloud,Cloud Analytics Suite,1117.44,1,0.15,949.82,167.1,782.72,Shipped,4
ORD-20301,2025-04-14,CUST-1294,Small Business,Europe,Germany,Electronics,Wireless Audio,349.04,1,0.0,349.04,245.3,103.74,Delivered,3
ORD-20302,2025-03-08,CUST-1108,Enterprise,Europe,Netherlands,Software & Cloud,AI Assistant Subscription,613.69,5,0.1,2761.61,795.76,1965.85,Delivered,4
ORD-20303,2026-03-11,CUST-1029,Corporate,North America,Canada,Software & Cloud,Enterprise CRM License,676.15,1,0.0,676.15,87.82,588.33,Delivered,4
ORD-20304,2025-08-22,CUST-1376,Corporate,North America,Mexico,Office Supplies,Presentation Equipment,431.82,3,0.0,1295.46,661.78,633.68,Delivered,5
ORD-20305,2026-05-25,CUST-1270,Corporate,Asia Pacific,Singapore,Software & Cloud,Enterprise CRM License,1265.49,3,0.0,3796.47,947.24,2849.23,Delivered,4
ORD-20306,2026-04-13,CUST-1347,Corporate,Europe,France,Office Furniture,Adjustable Standing Desks,1278.09,2,0.0,2556.18,1349.14,1207.04,Delivered,5
ORD-20307,2025-10-26,CUST-1272,Enterprise,Europe,Germany,Office Supplies,Storage & Archiving Units,257.7,2,0.0,515.4,261.63,253.77,Cancelled,1
ORD-20308,2025-05-03,CUST-1145,Enterprise,North America,Mexico,Office Furniture,Adjustable Standing Desks,930.2,2,0.0,1860.4,1155.33,705.07,Delivered,3
ORD-20309,2026-05-18,CUST-1176,Enterprise,North America,Canada,Electronics,Smart Wearables,379.85,8,0.15,2582.98,1875.75,707.23,Processing,3
ORD-20310,2025-07-18,CUST-1321,Small Business,Asia Pacific,Japan,Office Furniture,Acoustic Office Pods,4947.25,8,0.0,39578.0,18796.67,20781.33,Delivered,4
ORD-20311,2026-04-06,CUST-1157,Enterprise,North America,Mexico,Software & Cloud,Cybersecurity Suite,1613.54,3,0.0,4840.62,925.76,3914.86,Delivered,4
ORD-20312,2026-07-20,CUST-1383,Corporate,Latin America,Colombia,Electronics,Smartphones & Tablets,1273.07,2,0.05,2418.83,1798.21,620.62,Delivered,3
ORD-20313,2025-05-06,CUST-1094,Enterprise,Europe,United Kingdom,Software & Cloud,DevOps Productivity Tools,1186.71,4,0.0,4746.84,1408.35,3338.49,Delivered,4
ORD-20314,2025-08-23,CUST-1020,Corporate,Europe,Spain,Electronics,Wireless Audio,223.92,1,0.0,223.92,175.13,48.79,Delivered,4
ORD-20315,2025-06-20,CUST-1180,Enterprise,North America,USA,Electronics,Smart Wearables,207.9,1,0.05,197.5,140.47,57.03,Delivered,3
ORD-20316,2025-07-03,CUST-1088,Small Business,Latin America,Brazil,Office Furniture,Ergonomic Executive Chairs,626.06,1,0.0,626.06,404.05,222.01,Delivered,3
ORD-20317,2026-01-23,CUST-1222,Small Business,North America,USA,Software & Cloud,Cloud Analytics Suite,3185.6,1,0.05,3026.32,604.25,2422.07,Delivered,4
ORD-20318,2025-08-15,CUST-1277,Consumer,North America,Mexico,Office Furniture,Acoustic Office Pods,4549.67,15,0.05,64832.8,36893.68,27939.12,Delivered,4
ORD-20319,2025-01-11,CUST-1319,Corporate,North America,Canada,Office Supplies,High-Volume Printers,1056.51,1,0.0,1056.51,624.97,431.54,Delivered,4
ORD-20320,2026-03-03,CUST-1007,Small Business,Asia Pacific,India,Office Supplies,Breakroom Supplies,157.48,2,0.05,299.21,168.99,130.22,Delivered,5
ORD-20321,2025-02-02,CUST-1024,Corporate,Middle East & Africa,UAE,Electronics,Laptops & Workstations,2292.0,3,0.1,6188.4,4805.22,1383.18,Delivered,4
ORD-20322,2025-12-04,CUST-1234,Enterprise,Latin America,Brazil,Office Furniture,Ergonomic Executive Chairs,898.67,4,0.1,3235.21,1603.65,1631.56,Delivered,5
ORD-20323,2025-06-09,CUST-1260,Small Business,Middle East & Africa,UAE,Software & Cloud,Cybersecurity Suite,470.34,3,0.0,1411.02,188.05,1222.97,Delivered,5
ORD-20324,2025-02-02,CUST-1225,Corporate,Europe,Spain,Software & Cloud,Cloud Analytics Suite,2179.64,1,0.0,2179.64,609.69,1569.95,Shipped,5
ORD-20325,2025-01-23,CUST-1228,Corporate,North America,Canada,Office Supplies,Paper & Stationeries Pack,86.1,1,0.0,86.1,52.52,33.58,Delivered,4
ORD-20326,2026-07-15,CUST-1259,Small Business,Asia Pacific,Japan,Electronics,Smartphones & Tablets,1223.2,1,0.1,1100.88,755.36,345.52,Delivered,5
ORD-20327,2025-12-04,CUST-1268,Small Business,North America,Mexico,Electronics,Smart Wearables,267.46,3,0.05,762.26,514.57,247.69,Delivered,4
ORD-20328,2026-06-25,CUST-1137,Corporate,Asia Pacific,Singapore,Office Supplies,Presentation Equipment,296.0,1,0.0,296.0,187.01,108.99,Delivered,3
ORD-20329,2025-10-08,CUST-1002,Corporate,North America,USA,Software & Cloud,Cybersecurity Suite,1934.37,2,0.05,3675.3,843.28,2832.02,Processing,3
ORD-20330,2025-03-11,CUST-1324,Corporate,Middle East & Africa,UAE,Office Supplies,High-Volume Printers,586.86,1,0.0,586.86,396.36,190.5,Delivered,5
ORD-20331,2025-01-18,CUST-1385,Corporate,Europe,Spain,Electronics,Monitors & Displays,381.57,2,0.05,724.98,510.21,214.77,Processing,5
ORD-20332,2025-04-17,CUST-1299,Enterprise,Asia Pacific,Singapore,Software & Cloud,Cloud Analytics Suite,2210.24,2,0.05,4199.46,918.44,3281.02,Delivered,3
ORD-20333,2025-06-09,CUST-1104,Corporate,Latin America,Brazil,Electronics,Wireless Audio,108.94,2,0.05,206.99,157.0,49.99,Delivered,4
ORD-20334,2026-07-09,CUST-1390,Corporate,North America,Canada,Software & Cloud,AI Assistant Subscription,691.63,4,0.0,2766.52,770.97,1995.55,Delivered,4
ORD-20335,2025-08-23,CUST-1184,Enterprise,North America,Canada,Electronics,Smartphones & Tablets,928.42,1,0.0,928.42,706.21,222.21,Delivered,1
ORD-20336,2025-07-21,CUST-1109,Corporate,Latin America,Colombia,Software & Cloud,DevOps Productivity Tools,729.41,1,0.1,656.47,193.16,463.31,Delivered,4
ORD-20337,2025-01-04,CUST-1001,Corporate,Europe,Spain,Software & Cloud,Cloud Analytics Suite,2491.75,2,0.1,4485.15,668.5,3816.65,Delivered,2
ORD-20338,2025-12-02,CUST-1303,Corporate,Middle East & Africa,UAE,Electronics,Laptops & Workstations,2116.9,3,0.0,6350.7,4641.92,1708.78,Shipped,3
ORD-20339,2026-05-20,CUST-1233,Small Business,Europe,Germany,Office Furniture,Ergonomic Executive Chairs,732.02,1,0.05,695.42,344.62,350.8,Delivered,5
ORD-20340,2025-05-28,CUST-1242,Corporate,Europe,France,Software & Cloud,Enterprise CRM License,1075.21,2,0.1,1935.38,501.31,1434.07,Delivered,3
ORD-20341,2026-06-17,CUST-1270,Enterprise,Europe,Germany,Electronics,Smartphones & Tablets,815.24,4,0.05,3097.91,2445.64,652.27,Delivered,5
ORD-20342,2025-08-17,CUST-1091,Small Business,Asia Pacific,India,Office Furniture,Acoustic Office Pods,3150.63,3,0.0,9451.89,5930.5,3521.39,Delivered,4
ORD-20343,2025-07-15,CUST-1262,Enterprise,Latin America,Brazil,Software & Cloud,DevOps Productivity Tools,1332.09,1,0.0,1332.09,304.5,1027.59,Delivered,4
ORD-20344,2025-12-20,CUST-1092,Corporate,Europe,Germany,Electronics,Laptops & Workstations,2152.54,3,0.1,5811.86,4358.94,1452.92,Processing,4
ORD-20345,2025-09-22,CUST-1267,Small Business,North America,Canada,Office Furniture,Ergonomic Executive Chairs,759.84,3,0.15,1937.59,976.67,960.92,Delivered,3
ORD-20346,2025-09-10,CUST-1199,Corporate,North America,USA,Electronics,Wireless Audio,191.2,5,0.0,956.0,700.75,255.25,Delivered,4
ORD-20347,2025-08-04,CUST-1033,Enterprise,North America,USA,Software & Cloud,Cybersecurity Suite,1133.33,8,0.0,9066.64,1636.23,7430.41,Shipped,5
ORD-20348,2025-03-21,CUST-1057,Small Business,Middle East & Africa,UAE,Electronics,Wireless Audio,282.9,2,0.0,565.8,374.71,191.09,Delivered,3
ORD-20349,2025-12-31,CUST-1148,Enterprise,Europe,Netherlands,Office Supplies,High-Volume Printers,534.61,2,0.2,855.38,468.5,386.88,Delivered,4
ORD-20350,2025-09-13,CUST-1321,Small Business,Asia Pacific,Australia,Electronics,Smart Wearables,360.82,4,0.05,1371.12,1055.03,316.09,Delivered,4
ORD-20351,2025-10-20,CUST-1303,Consumer,North America,USA,Office Furniture,Acoustic Office Pods,4696.22,4,0.15,15967.15,7253.86,8713.29,Delivered,1
ORD-20352,2026-06-04,CUST-1232,Corporate,Europe,Netherlands,Office Furniture,Acoustic Office Pods,4154.41,1,0.1,3738.97,2419.9,1319.07,Delivered,4
ORD-20353,2025-11-30,CUST-1264,Corporate,Europe,United Kingdom,Software & Cloud,AI Assistant Subscription,671.15,2,0.05,1275.18,265.55,1009.63,Delivered,5
ORD-20354,2026-05-14,CUST-1370,Small Business,North America,Mexico,Office Furniture,Conference Tables,1466.48,2,0.0,2932.96,1550.94,1382.02,Delivered,5
ORD-20355,2025-08-09,CUST-1036,Small Business,Europe,Netherlands,Office Supplies,Presentation Equipment,374.57,8,0.05,2846.73,1686.18,1160.55,Delivered,4
ORD-20356,2026-07-04,CUST-1130,Small Business,North America,Mexico,Software & Cloud,DevOps Productivity Tools,1476.78,2,0.0,2953.56,815.09,2138.47,Delivered,4
ORD-20357,2025-01-26,CUST-1010,Enterprise,Asia Pacific,South Korea,Electronics,Monitors & Displays,680.82,1,0.05,646.78,517.22,129.56,Delivered,4
ORD-20358,2025-02-01,CUST-1347,Enterprise,North America,USA,Office Supplies,Presentation Equipment,352.54,1,0.05,334.91,206.71,128.2,Delivered,3
ORD-20359,2025-05-22,CUST-1014,Consumer,Europe,United Kingdom,Office Supplies,High-Volume Printers,1028.53,3,0.0,3085.59,1731.13,1354.46,Delivered,4
ORD-20360,2025-01-08,CUST-1174,Corporate,North America,Mexico,Office Furniture,LED Desk Lighting,168.18,1,0.1,151.36,68.25,83.11,Delivered,3
ORD-20361,2025-10-27,CUST-1302,Small Business,Europe,Germany,Electronics,Wireless Audio,113.1,5,0.05,537.23,357.03,180.2,Delivered,4
ORD-20362,2026-06-05,CUST-1244,Enterprise,North America,USA,Software & Cloud,DevOps Productivity Tools,1164.7,4,0.0,4658.8,966.71,3692.09,Processing,2
ORD-20363,2025-07-12,CUST-1398,Corporate,North America,USA,Electronics,Laptops & Workstations,2052.0,2,0.05,3898.8,2447.49,1451.31,Delivered,4
ORD-20364,2025-11-26,CUST-1270,Enterprise,Middle East & Africa,Saudi Arabia,Office Supplies,Presentation Equipment,340.59,2,0.15,579.0,359.62,219.38,Delivered,3
ORD-20365,2025-03-01,CUST-1274,Corporate,North America,Canada,Electronics,Laptops & Workstations,2481.89,3,0.1,6701.1,4289.02,2412.08,Delivered,3
ORD-20366,2026-04-22,CUST-1332,Small Business,Europe,Germany,Electronics,Smart Wearables,236.76,4,0.1,852.34,603.96,248.38,Delivered,4
ORD-20367,2026-04-02,CUST-1107,Corporate,Europe,Netherlands,Software & Cloud,Cloud Analytics Suite,1932.2,5,0.05,9177.95,2079.79,7098.16,Delivered,3
ORD-20368,2025-09-10,CUST-1242,Small Business,Europe,France,Software & Cloud,DevOps Productivity Tools,544.24,1,0.1,489.82,108.71,381.11,Delivered,4
ORD-20369,2026-06-25,CUST-1030,Enterprise,North America,Mexico,Electronics,Smartphones & Tablets,1248.58,8,0.0,9988.64,6996.74,2991.9,Delivered,5
ORD-20370,2025-05-27,CUST-1374,Corporate,Europe,France,Electronics,Wireless Audio,349.72,10,0.1,3147.48,2269.55,877.93,Delivered,3
ORD-20371,2025-10-27,CUST-1295,Enterprise,Middle East & Africa,Saudi Arabia,Electronics,Laptops & Workstations,1542.95,1,0.05,1465.8,995.06,470.74,Delivered,4
ORD-20372,2025-07-18,CUST-1023,Enterprise,Asia Pacific,Singapore,Software & Cloud,Cybersecurity Suite,465.74,3,0.0,1397.22,397.42,999.8,Cancelled,1
ORD-20373,2025-04-14,CUST-1026,Corporate,Europe,France,Office Furniture,Adjustable Standing Desks,875.03,2,0.05,1662.56,800.71,861.85,Delivered,5
ORD-20374,2025-12-31,CUST-1383,Small Business,Asia Pacific,South Korea,Electronics,Smart Wearables,325.27,5,0.0,1626.35,1114.54,511.81,Delivered,3
ORD-20375,2025-09-11,CUST-1118,Enterprise,Latin America,Chile,Software & Cloud,AI Assistant Subscription,249.04,2,0.0,498.08,136.5,361.58,Delivered,4
ORD-20376,2025-02-15,CUST-1331,Small Business,North America,Mexico,Software & Cloud,Cybersecurity Suite,1651.41,2,0.05,3137.68,574.71,2562.97,Delivered,3
ORD-20377,2025-09-07,CUST-1334,Enterprise,Latin America,Brazil,Electronics,Monitors & Displays,686.39,5,0.0,3431.95,2184.5,1247.45,Delivered,4
ORD-20378,2026-01-25,CUST-1360,Enterprise,Europe,Netherlands,Office Furniture,Conference Tables,999.33,1,0.1,899.4,408.24,491.16,Delivered,2
ORD-20379,2025-01-21,CUST-1040,Corporate,Europe,Spain,Office Supplies,High-Volume Printers,526.5,1,0.0,526.5,330.27,196.23,Delivered,4
ORD-20380,2025-12-26,CUST-1225,Small Business,North America,Canada,Electronics,Monitors & Displays,612.42,1,0.1,551.18,387.48,163.7,Delivered,3
ORD-20381,2025-09-20,CUST-1080,Enterprise,Europe,Germany,Electronics,Smartphones & Tablets,825.21,1,0.05,783.95,623.75,160.2,Delivered,4
ORD-20382,2025-09-21,CUST-1263,Consumer,Europe,Netherlands,Software & Cloud,Cloud Analytics Suite,1750.28,2,0.0,3500.56,799.87,2700.69,Delivered,4
ORD-20383,2026-07-20,CUST-1079,Small Business,Europe,Spain,Electronics,Laptops & Workstations,1665.12,8,0.05,12654.91,9375.67,3279.24,Delivered,4
ORD-20384,2026-05-17,CUST-1150,Small Business,Europe,Germany,Software & Cloud,Cybersecurity Suite,637.26,5,0.1,2867.67,642.02,2225.65,Delivered,2
ORD-20385,2025-12-24,CUST-1020,Enterprise,Asia Pacific,India,Software & Cloud,Cloud Analytics Suite,3566.65,2,0.05,6776.64,1270.59,5506.05,Delivered,3
ORD-20386,2025-10-04,CUST-1098,Small Business,North America,Canada,Software & Cloud,AI Assistant Subscription,897.68,1,0.0,897.68,117.97,779.71,Delivered,3
ORD-20387,2026-05-29,CUST-1002,Corporate,North America,USA,Office Supplies,Presentation Equipment,515.05,1,0.05,489.3,298.63,190.67,Delivered,3
ORD-20388,2026-04-17,CUST-1145,Corporate,Europe,France,Software & Cloud,DevOps Productivity Tools,420.64,2,0.05,799.22,191.61,607.61,Delivered,3
ORD-20389,2026-07-03,CUST-1211,Corporate,North America,Canada,Electronics,Laptops & Workstations,2282.39,2,0.05,4336.54,2708.88,1627.66,Delivered,1
ORD-20390,2025-12-26,CUST-1324,Corporate,North America,Mexico,Electronics,Smart Wearables,302.08,3,0.05,860.93,549.15,311.78,Delivered,4
ORD-20391,2025-03-10,CUST-1030,Small Business,Asia Pacific,Singapore,Office Furniture,LED Desk Lighting,157.26,10,0.0,1572.6,810.45,762.15,Delivered,4
ORD-20392,2026-07-02,CUST-1021,Corporate,North America,USA,Office Furniture,Conference Tables,1715.29,1,0.05,1629.53,824.03,805.5,Delivered,3
ORD-20393,2026-05-18,CUST-1265,Small Business,North America,Mexico,Electronics,Monitors & Displays,698.35,10,0.1,6285.15,4676.23,1608.92,Delivered,5
ORD-20394,2026-03-14,CUST-1005,Corporate,North America,Mexico,Software & Cloud,Enterprise CRM License,506.75,2,0.05,962.82,178.33,784.49,Shipped,4
ORD-20395,2026-03-09,CUST-1164,Consumer,Middle East & Africa,Saudi Arabia,Software & Cloud,Cloud Analytics Suite,1074.2,2,0.05,2040.98,577.38,1463.6,Processing,3
ORD-20396,2025-03-19,CUST-1083,Enterprise,Europe,United Kingdom,Software & Cloud,Cybersecurity Suite,688.56,2,0.05,1308.26,374.61,933.65,Delivered,5
ORD-20397,2026-04-10,CUST-1155,Small Business,North America,USA,Electronics,Wireless Audio,180.58,3,0.15,460.48,306.52,153.96,Delivered,4
ORD-20398,2025-02-27,CUST-1066,Enterprise,Europe,United Kingdom,Office Supplies,Presentation Equipment,252.32,1,0.0,252.32,146.14,106.18,Delivered,3
ORD-20399,2026-03-31,CUST-1046,Consumer,Europe,Netherlands,Electronics,Wireless Audio,139.85,1,0.0,139.85,100.23,39.62,Delivered,3
ORD-20400,2025-04-27,CUST-1232,Corporate,Europe,Netherlands,Office Supplies,Paper & Stationeries Pack,111.19,5,0.15,472.56,305.23,167.33,Delivered,3
ORD-20401,2026-03-02,CUST-1020,Enterprise,Europe,France,Electronics,Monitors & Displays,568.4,2,0.05,1079.96,752.71,327.25,Delivered,3
ORD-20402,2026-02-18,CUST-1223,Consumer,Asia Pacific,South Korea,Software & Cloud,DevOps Productivity Tools,694.7,2,0.0,1389.4,338.53,1050.87,Delivered,4
ORD-20403,2025-08-29,CUST-1359,Corporate,North America,Mexico,Electronics,Monitors & Displays,466.34,4,0.0,1865.36,1286.35,579.01,Delivered,3
ORD-20404,2025-02-21,CUST-1085,Enterprise,North America,USA,Office Furniture,Acoustic Office Pods,2711.38,1,0.0,2711.38,1517.88,1193.5,Shipped,4
ORD-20405,2025-06-27,CUST-1260,Small Business,North America,Canada,Software & Cloud,AI Assistant Subscription,787.12,1,0.05,747.76,117.59,630.17,Delivered,3
ORD-20406,2026-06-22,CUST-1214,Corporate,Asia Pacific,Singapore,Electronics,Wireless Audio,214.39,1,0.1,192.95,142.26,50.69,Delivered,4
ORD-20407,2026-01-22,CUST-1204,Corporate,North America,Canada,Software & Cloud,DevOps Productivity Tools,848.95,2,0.1,1528.11,277.06,1251.05,Processing,5
ORD-20408,2025-08-30,CUST-1248,Enterprise,North America,USA,Electronics,Monitors & Displays,678.77,2,0.2,1086.03,815.06,270.97,Processing,3
ORD-20409,2026-01-28,CUST-1112,Corporate,Asia Pacific,Singapore,Office Supplies,High-Volume Printers,985.84,2,0.1,1774.51,1226.29,548.22,Delivered,3
ORD-20410,2025-05-27,CUST-1108,Small Business,North America,USA,Software & Cloud,Cloud Analytics Suite,2788.84,15,0.0,41832.6,7915.89,33916.71,Delivered,3
ORD-20411,2025-04-15,CUST-1083,Corporate,Europe,Spain,Electronics,Monitors & Displays,268.18,1,0.0,268.18,173.62,94.56,Delivered,2
ORD-20412,2025-09-18,CUST-1134,Small Business,North America,USA,Software & Cloud,DevOps Productivity Tools,584.31,4,0.2,1869.79,403.97,1465.82,Delivered,1
ORD-20413,2026-07-09,CUST-1361,Corporate,Europe,France,Electronics,Smartphones & Tablets,801.48,4,0.15,2725.03,1800.27,924.76,Delivered,4
ORD-20414,2025-09-03,CUST-1102,Corporate,North America,Canada,Electronics,Monitors & Displays,788.99,5,0.05,3747.7,2699.84,1047.86,Delivered,4
ORD-20415,2025-10-05,CUST-1105,Corporate,Asia Pacific,Australia,Electronics,Smart Wearables,417.01,1,0.05,396.16,252.67,143.49,Delivered,3
ORD-20416,2026-01-08,CUST-1316,Corporate,Europe,Spain,Office Furniture,Acoustic Office Pods,1523.75,1,0.15,1295.19,714.48,580.71,Delivered,4
ORD-20417,2025-02-28,CUST-1279,Enterprise,Middle East & Africa,South Africa,Office Supplies,High-Volume Printers,754.6,1,0.0,754.6,402.93,351.67,Delivered,4
ORD-20418,2025-05-27,CUST-1028,Corporate,Europe,United Kingdom,Software & Cloud,Cybersecurity Suite,984.64,1,0.0,984.64,150.8,833.84,Shipped,5
ORD-20419,2025-01-14,CUST-1082,Small Business,North America,Canada,Office Supplies,Paper & Stationeries Pack,69.19,1,0.05,65.73,36.25,29.48,Shipped,3
ORD-20420,2025-03-24,CUST-1055,Corporate,Europe,France,Office Furniture,Ergonomic Executive Chairs,881.64,3,0.15,2248.18,1311.74,936.44,Delivered,3
ORD-20421,2026-01-29,CUST-1240,Enterprise,Latin America,Colombia,Electronics,Wireless Audio,102.06,3,0.0,306.18,189.08,117.1,Cancelled,1
ORD-20422,2025-08-08,CUST-1350,Corporate,North America,Mexico,Electronics,Smart Wearables,237.46,2,0.0,474.92,292.36,182.56,Delivered,4
ORD-20423,2025-07-19,CUST-1289,Corporate,Europe,Netherlands,Software & Cloud,DevOps Productivity Tools,1071.3,5,0.1,4820.85,839.22,3981.63,Delivered,3
ORD-20424,2025-11-06,CUST-1213,Small Business,Asia Pacific,South Korea,Software & Cloud,Enterprise CRM License,1842.31,3,0.0,5526.93,1052.68,4474.25,Shipped,5
ORD-20425,2025-08-10,CUST-1026,Small Business,Latin America,Brazil,Office Furniture,Acoustic Office Pods,3687.57,1,0.05,3503.19,1753.69,1749.5,Cancelled,1
ORD-20426,2025-12-29,CUST-1374,Enterprise,Europe,Germany,Electronics,Smart Wearables,193.65,4,0.0,774.6,519.61,254.99,Delivered,3
ORD-20427,2025-09-17,CUST-1348,Corporate,Latin America,Brazil,Software & Cloud,DevOps Productivity Tools,1114.38,1,0.0,1114.38,276.55,837.83,Delivered,5
ORD-20428,2026-06-23,CUST-1373,Corporate,North America,USA,Office Supplies,Breakroom Supplies,102.62,5,0.0,513.1,330.41,182.69,Delivered,5
ORD-20429,2026-04-11,CUST-1172,Enterprise,Europe,France,Software & Cloud,AI Assistant Subscription,698.01,1,0.05,663.11,188.04,475.07,Shipped,4
ORD-20430,2025-01-02,CUST-1300,Corporate,Europe,France,Office Furniture,Acoustic Office Pods,3625.3,2,0.0,7250.6,4157.79,3092.81,Delivered,4
ORD-20431,2025-03-06,CUST-1154,Enterprise,Europe,United Kingdom,Electronics,Wireless Audio,168.43,2,0.0,336.86,220.56,116.3,Cancelled,1
ORD-20432,2026-05-13,CUST-1234,Small Business,Latin America,Chile,Electronics,Smart Wearables,387.9,5,0.05,1842.52,1387.18,455.34,Delivered,4
ORD-20433,2025-01-16,CUST-1297,Small Business,North America,Canada,Office Furniture,Ergonomic Executive Chairs,905.72,1,0.15,769.86,358.55,411.31,Delivered,5
ORD-20434,2025-01-28,CUST-1076,Consumer,Middle East & Africa,South Africa,Software & Cloud,DevOps Productivity Tools,358.28,3,0.1,967.36,188.35,779.01,Cancelled,1
ORD-20435,2025-06-24,CUST-1090,Enterprise,Europe,Germany,Software & Cloud,AI Assistant Subscription,389.85,1,0.15,331.37,50.16,281.21,Delivered,4
ORD-20436,2025-08-16,CUST-1122,Corporate,North America,USA,Office Furniture,LED Desk Lighting,153.71,4,0.0,614.84,296.52,318.32,Delivered,4
ORD-20437,2025-06-11,CUST-1349,Enterprise,Asia Pacific,Australia,Office Furniture,Acoustic Office Pods,3252.57,2,0.0,6505.14,3325.76,3179.38,Delivered,4
ORD-20438,2026-03-06,CUST-1332,Corporate,North America,Canada,Software & Cloud,Enterprise CRM License,502.56,3,0.0,1507.68,213.34,1294.34,Delivered,4
ORD-20439,2025-07-10,CUST-1018,Enterprise,Europe,United Kingdom,Software & Cloud,AI Assistant Subscription,979.22,5,0.0,4896.1,1143.73,3752.37,Delivered,4
ORD-20440,2025-06-24,CUST-1248,Consumer,North America,Mexico,Office Furniture,Ergonomic Executive Chairs,429.33,3,0.0,1287.99,761.29,526.7,Delivered,4
ORD-20441,2025-03-10,CUST-1211,Enterprise,North America,Mexico,Electronics,Monitors & Displays,307.05,4,0.1,1105.38,766.34,339.04,Delivered,1
ORD-20442,2025-02-21,CUST-1185,Corporate,Europe,Netherlands,Software & Cloud,Cloud Analytics Suite,1395.87,1,0.0,1395.87,198.2,1197.67,Delivered,5
ORD-20443,2026-03-19,CUST-1031,Consumer,Latin America,Brazil,Electronics,Wireless Audio,270.04,1,0.05,256.54,194.42,62.12,Delivered,4
ORD-20444,2025-11-30,CUST-1035,Consumer,Asia Pacific,Japan,Electronics,Smart Wearables,417.26,1,0.15,354.67,241.59,113.08,Shipped,2
ORD-20445,2026-02-23,CUST-1173,Corporate,Asia Pacific,India,Software & Cloud,Cloud Analytics Suite,3074.65,5,0.15,13067.26,2382.83,10684.43,Delivered,4
ORD-20446,2025-01-16,CUST-1000,Corporate,North America,USA,Software & Cloud,DevOps Productivity Tools,1451.33,2,0.1,2612.39,430.66,2181.73,Delivered,2
ORD-20447,2025-01-28,CUST-1262,Small Business,North America,Canada,Electronics,Laptops & Workstations,1811.38,2,0.2,2898.21,2091.09,807.12,Delivered,4
ORD-20448,2026-02-14,CUST-1009,Consumer,North America,USA,Electronics,Laptops & Workstations,1454.05,1,0.0,1454.05,965.85,488.2,Delivered,4
ORD-20449,2026-07-06,CUST-1268,Small Business,Europe,United Kingdom,Software & Cloud,Enterprise CRM License,2085.0,2,0.1,3753.0,614.82,3138.18,Delivered,4
ORD-20450,2026-06-13,CUST-1367,Small Business,Europe,Netherlands,Electronics,Monitors & Displays,677.44,1,0.05,643.57,456.74,186.83,Delivered,3
ORD-20451,2025-02-11,CUST-1272,Corporate,North America,Mexico,Software & Cloud,Cloud Analytics Suite,3481.05,1,0.1,3132.95,922.63,2210.32,Delivered,2
ORD-20452,2025-04-14,CUST-1239,Consumer,Europe,France,Office Furniture,Ergonomic Executive Chairs,827.17,3,0.05,2357.43,1365.64,991.79,Delivered,4
ORD-20453,2025-08-29,CUST-1388,Corporate,Asia Pacific,South Korea,Electronics,Wireless Audio,133.08,3,0.05,379.28,229.15,150.13,Delivered,4
ORD-20454,2025-04-23,CUST-1209,Corporate,North America,USA,Office Furniture,Conference Tables,2428.13,3,0.15,6191.73,3604.17,2587.56,Delivered,5
ORD-20455,2025-03-19,CUST-1108,Enterprise,Latin America,Brazil,Office Furniture,Adjustable Standing Desks,559.26,3,0.05,1593.89,946.49,647.4,Delivered,3
ORD-20456,2026-05-08,CUST-1140,Enterprise,Asia Pacific,India,Software & Cloud,AI Assistant Subscription,644.67,2,0.0,1289.34,249.18,1040.16,Delivered,5
ORD-20457,2025-06-07,CUST-1215,Consumer,North America,Mexico,Office Furniture,Acoustic Office Pods,2762.76,3,0.0,8288.28,5277.7,3010.58,Delivered,4
ORD-20458,2025-06-29,CUST-1187,Corporate,North America,Mexico,Office Furniture,Conference Tables,1623.56,2,0.0,3247.12,1563.71,1683.41,Delivered,5
ORD-20459,2026-04-11,CUST-1332,Enterprise,Asia Pacific,Australia,Software & Cloud,DevOps Productivity Tools,427.67,2,0.05,812.57,203.56,609.01,Delivered,3
ORD-20460,2026-06-19,CUST-1318,Small Business,Asia Pacific,Australia,Software & Cloud,Cybersecurity Suite,1971.31,5,0.0,9856.55,2586.36,7270.19,Delivered,2
ORD-20461,2025-02-10,CUST-1382,Small Business,North America,USA,Electronics,Smart Wearables,265.92,2,0.0,531.84,423.02,108.82,Delivered,4
ORD-20462,2026-04-26,CUST-1152,Small Business,Asia Pacific,South Korea,Office Supplies,Presentation Equipment,317.53,1,0.0,317.53,205.0,112.53,Delivered,4
ORD-20463,2026-03-26,CUST-1198,Corporate,Europe,Netherlands,Software & Cloud,AI Assistant Subscription,929.28,2,0.0,1858.56,457.13,1401.43,Delivered,5
ORD-20464,2026-02-23,CUST-1390,Corporate,North America,Mexico,Electronics,Laptops & Workstations,1695.15,2,0.0,3390.3,2190.52,1199.78,Delivered,3
ORD-20465,2026-03-27,CUST-1030,Corporate,North America,Canada,Software & Cloud,DevOps Productivity Tools,1006.23,1,0.0,1006.23,122.04,884.19,Delivered,3
ORD-20466,2026-01-22,CUST-1151,Enterprise,Europe,United Kingdom,Electronics,Smartphones & Tablets,1124.62,3,0.0,3373.86,2678.58,695.28,Processing,4
ORD-20467,2025-04-19,CUST-1075,Small Business,Latin America,Brazil,Software & Cloud,DevOps Productivity Tools,1447.86,2,0.05,2750.93,808.07,1942.86,Delivered,5
ORD-20468,2025-12-08,CUST-1351,Small Business,North America,Mexico,Office Supplies,Storage & Archiving Units,151.27,3,0.05,431.12,287.8,143.32,Cancelled,1
ORD-20469,2025-02-15,CUST-1248,Enterprise,Latin America,Brazil,Office Supplies,High-Volume Printers,1176.78,10,0.05,11179.41,7823.16,3356.25,Delivered,3
ORD-20470,2026-06-04,CUST-1029,Consumer,North America,USA,Electronics,Wireless Audio,184.54,1,0.05,175.31,132.95,42.36,Delivered,5
ORD-20471,2025-05-24,CUST-1275,Enterprise,Asia Pacific,Australia,Software & Cloud,Cybersecurity Suite,940.05,1,0.05,893.05,136.62,756.43,Shipped,4
ORD-20472,2025-10-15,CUST-1150,Small Business,North America,USA,Electronics,Wireless Audio,185.58,2,0.05,352.6,240.64,111.96,Delivered,4
ORD-20473,2025-05-17,CUST-1147,Enterprise,Asia Pacific,Singapore,Electronics,Laptops & Workstations,1733.21,1,0.0,1733.21,1373.09,360.12,Delivered,2
ORD-20474,2025-07-10,CUST-1103,Corporate,Europe,Spain,Software & Cloud,AI Assistant Subscription,571.9,8,0.15,3888.92,620.95,3267.97,Delivered,4
ORD-20475,2025-12-27,CUST-1387,Enterprise,Asia Pacific,Japan,Office Supplies,Paper & Stationeries Pack,87.21,1,0.1,78.49,53.87,24.62,Delivered,3
ORD-20476,2025-01-18,CUST-1194,Consumer,Asia Pacific,Singapore,Office Supplies,Storage & Archiving Units,281.71,5,0.05,1338.12,744.26,593.86,Delivered,5
ORD-20477,2026-03-21,CUST-1102,Enterprise,North America,Mexico,Office Supplies,High-Volume Printers,548.21,8,0.0,4385.68,2496.65,1889.03,Delivered,4
ORD-20478,2026-06-28,CUST-1219,Enterprise,Asia Pacific,Singapore,Electronics,Smartphones & Tablets,1345.13,3,0.0,4035.39,2707.72,1327.67,Cancelled,1
ORD-20479,2026-01-07,CUST-1055,Enterprise,North America,Canada,Software & Cloud,Enterprise CRM License,2315.27,1,0.1,2083.74,398.8,1684.94,Delivered,4
ORD-20480,2025-11-04,CUST-1331,Corporate,Asia Pacific,Singapore,Electronics,Smart Wearables,432.97,3,0.05,1233.96,748.23,485.73,Processing,4
ORD-20481,2026-02-06,CUST-1160,Small Business,Europe,Germany,Electronics,Smart Wearables,242.51,5,0.05,1151.92,842.99,308.93,Delivered,4
ORD-20482,2025-10-06,CUST-1374,Enterprise,North America,Mexico,Electronics,Smartphones & Tablets,1344.9,2,0.0,2689.8,2058.18,631.62,Processing,4
ORD-20483,2026-04-16,CUST-1265,Enterprise,Europe,United Kingdom,Electronics,Smartphones & Tablets,1170.03,2,0.0,2340.06,1753.9,586.16,Delivered,5
ORD-20484,2025-02-03,CUST-1326,Corporate,Asia Pacific,Australia,Software & Cloud,Cybersecurity Suite,1932.59,5,0.05,9179.8,1772.26,7407.54,Delivered,4
ORD-20485,2026-03-10,CUST-1111,Corporate,Asia Pacific,South Korea,Software & Cloud,AI Assistant Subscription,956.04,2,0.15,1625.27,434.84,1190.43,Delivered,4
ORD-20486,2025-06-27,CUST-1256,Enterprise,North America,USA,Electronics,Wireless Audio,130.57,4,0.0,522.28,409.78,112.5,Cancelled,1
ORD-20487,2025-01-14,CUST-1020,Small Business,North America,USA,Electronics,Monitors & Displays,589.29,2,0.0,1178.58,904.15,274.43,Processing,4
ORD-20488,2026-01-13,CUST-1358,Small Business,Asia Pacific,Australia,Office Furniture,Ergonomic Executive Chairs,547.31,3,0.0,1641.93,879.83,762.1,Delivered,3
ORD-20489,2026-04-16,CUST-1131,Corporate,North America,Canada,Office Supplies,Presentation Equipment,209.37,2,0.0,418.74,264.18,154.56,Cancelled,1
ORD-20490,2025-04-08,CUST-1092,Small Business,Europe,Germany,Electronics,Monitors & Displays,314.6,3,0.0,943.8,716.13,227.67,Delivered,3
ORD-20491,2026-05-21,CUST-1261,Enterprise,Asia Pacific,Singapore,Office Supplies,Storage & Archiving Units,93.18,1,0.2,74.54,49.3,25.24,Delivered,4
ORD-20492,2025-06-30,CUST-1304,Small Business,Asia Pacific,Singapore,Office Furniture,Adjustable Standing Desks,904.42,3,0.05,2577.6,1343.24,1234.36,Delivered,1
ORD-20493,2025-09-14,CUST-1244,Corporate,Europe,Spain,Electronics,Smart Wearables,151.68,1,0.0,151.68,117.88,33.8,Delivered,4
ORD-20494,2025-11-06,CUST-1384,Consumer,North America,Mexico,Office Furniture,Adjustable Standing Desks,958.32,3,0.0,2874.96,1599.71,1275.25,Shipped,4
ORD-20495,2026-04-27,CUST-1387,Enterprise,Asia Pacific,Japan,Office Supplies,Paper & Stationeries Pack,93.0,1,0.0,93.0,62.89,30.11,Delivered,4
ORD-20496,2026-04-20,CUST-1025,Small Business,North America,Mexico,Office Furniture,Acoustic Office Pods,1933.79,2,0.0,3867.58,2285.11,1582.47,Delivered,4
ORD-20497,2025-10-22,CUST-1116,Corporate,Latin America,Chile,Office Supplies,Storage & Archiving Units,251.59,2,0.0,503.18,351.12,152.06,Delivered,4
ORD-20498,2026-03-03,CUST-1324,Enterprise,Asia Pacific,Australia,Electronics,Monitors & Displays,714.4,4,0.0,2857.6,2235.81,621.79,Shipped,4
ORD-20499,2025-03-09,CUST-1094,Small Business,Asia Pacific,Japan,Office Supplies,Presentation Equipment,353.86,5,0.0,1769.3,1147.31,621.99,Delivered,4
ORD-20500,2026-01-30,CUST-1126,Corporate,North America,Mexico,Software & Cloud,Cloud Analytics Suite,2455.91,5,0.0,12279.55,3075.94,9203.61,Delivered,4
ORD-20501,2025-05-14,CUST-1036,Consumer,Middle East & Africa,UAE,Electronics,Wireless Audio,106.56,2,0.05,202.46,151.74,50.72,Shipped,4
ORD-20502,2025-01-12,CUST-1336,Enterprise,North America,Canada,Office Supplies,Paper & Stationeries Pack,47.71,3,0.0,143.13,77.51,65.62,Cancelled,2
ORD-20503,2026-01-08,CUST-1281,Corporate,Europe,Netherlands,Electronics,Smartphones & Tablets,1018.55,5,0.05,4838.11,3377.25,1460.86,Delivered,2
ORD-20504,2026-07-20,CUST-1005,Corporate,Asia Pacific,India,Office Furniture,Ergonomic Executive Chairs,491.88,1,0.1,442.69,250.16,192.53,Shipped,3
ORD-20505,2026-04-11,CUST-1224,Enterprise,North America,Canada,Office Supplies,Storage & Archiving Units,297.6,3,0.0,892.8,515.43,377.37,Delivered,4
ORD-20506,2025-06-05,CUST-1068,Corporate,Asia Pacific,South Korea,Software & Cloud,Enterprise CRM License,2038.77,1,0.05,1936.83,423.4,1513.43,Delivered,2
ORD-20507,2026-06-13,CUST-1046,Corporate,North America,Mexico,Office Furniture,Ergonomic Executive Chairs,604.0,5,0.0,3020.0,1477.83,1542.17,Delivered,3
ORD-20508,2026-01-05,CUST-1037,Corporate,North America,USA,Software & Cloud,Cybersecurity Suite,843.74,4,0.05,3206.21,744.35,2461.86,Delivered,4
ORD-20509,2025-08-12,CUST-1352,Enterprise,Middle East & Africa,Saudi Arabia,Electronics,Monitors & Displays,311.93,5,0.0,1559.65,1056.51,503.14,Delivered,3
ORD-20510,2025-03-04,CUST-1113,Small Business,North America,USA,Software & Cloud,Cloud Analytics Suite,3734.95,1,0.05,3548.2,857.8,2690.4,Delivered,3
ORD-20511,2025-08-08,CUST-1001,Corporate,North America,Mexico,Electronics,Wireless Audio,148.51,3,0.1,400.98,300.52,100.46,Delivered,5
ORD-20512,2026-05-27,CUST-1318,Corporate,North America,USA,Software & Cloud,Cybersecurity Suite,1007.19,3,0.0,3021.57,575.42,2446.15,Shipped,3
ORD-20513,2025-12-07,CUST-1120,Small Business,Latin America,Colombia,Software & Cloud,Enterprise CRM License,2377.32,1,0.05,2258.45,463.18,1795.27,Delivered,4
ORD-20514,2026-07-15,CUST-1198,Small Business,Latin America,Brazil,Electronics,Laptops & Workstations,1786.74,8,0.0,14293.92,9483.32,4810.6,Delivered,4
ORD-20515,2026-03-29,CUST-1370,Corporate,North America,Mexico,Software & Cloud,Cloud Analytics Suite,2791.34,2,0.05,5303.55,677.91,4625.64,Cancelled,1
ORD-20516,2025-06-30,CUST-1338,Small Business,Europe,Spain,Software & Cloud,Cybersecurity Suite,1178.76,2,0.2,1886.02,421.42,1464.6,Shipped,4
ORD-20517,2025-04-29,CUST-1359,Enterprise,North America,USA,Electronics,Laptops & Workstations,1449.45,3,0.0,4348.35,3206.12,1142.23,Delivered,4
ORD-20518,2025-07-02,CUST-1200,Small Business,Europe,Netherlands,Office Furniture,Conference Tables,1235.46,1,0.0,1235.46,653.42,582.04,Delivered,3
ORD-20519,2025-01-26,CUST-1386,Small Business,North America,Mexico,Software & Cloud,Cybersecurity Suite,1446.23,4,0.0,5784.92,948.34,4836.58,Delivered,4
ORD-20520,2025-10-13,CUST-1156,Corporate,Europe,France,Office Furniture,LED Desk Lighting,168.07,1,0.05,159.67,86.3,73.37,Delivered,3
ORD-20521,2025-06-04,CUST-1196,Enterprise,Asia Pacific,Singapore,Software & Cloud,Cloud Analytics Suite,1173.98,4,0.15,3991.53,653.86,3337.67,Delivered,5
ORD-20522,2026-02-12,CUST-1047,Corporate,North America,USA,Office Furniture,LED Desk Lighting,165.78,3,0.0,497.34,280.92,216.42,Delivered,5
ORD-20523,2025-02-02,CUST-1277,Consumer,Europe,United Kingdom,Electronics,Monitors & Displays,508.92,2,0.1,916.06,650.19,265.87,Shipped,3
ORD-20524,2025-05-16,CUST-1220,Corporate,Europe,Germany,Electronics,Smartphones & Tablets,1233.57,3,0.0,3700.71,2923.57,777.14,Delivered,3
ORD-20525,2026-07-17,CUST-1386,Small Business,Latin America,Brazil,Electronics,Wireless Audio,277.97,1,0.05,264.07,206.78,57.29,Delivered,3
ORD-20526,2025-11-18,CUST-1234,Consumer,Europe,Spain,Electronics,Monitors & Displays,557.79,3,0.15,1422.36,873.09,549.27,Delivered,3
ORD-20527,2026-05-09,CUST-1216,Enterprise,North America,USA,Software & Cloud,Cloud Analytics Suite,2158.18,2,0.05,4100.54,1160.21,2940.33,Delivered,3
ORD-20528,2025-11-21,CUST-1068,Corporate,North America,Mexico,Office Furniture,Ergonomic Executive Chairs,752.59,3,0.05,2144.88,1173.66,971.22,Delivered,5
ORD-20529,2025-12-10,CUST-1309,Small Business,Europe,Spain,Office Supplies,Breakroom Supplies,189.64,1,0.0,189.64,105.53,84.11,Delivered,4
ORD-20530,2025-08-22,CUST-1050,Small Business,North America,USA,Office Supplies,Presentation Equipment,215.28,1,0.05,204.52,143.16,61.36,Delivered,4
ORD-20531,2025-09-19,CUST-1386,Small Business,North America,Mexico,Office Supplies,Presentation Equipment,420.3,2,0.0,840.6,462.33,378.27,Delivered,4
ORD-20532,2026-06-13,CUST-1345,Small Business,North America,Canada,Office Furniture,LED Desk Lighting,151.81,1,0.05,144.22,67.89,76.33,Delivered,4
ORD-20533,2026-07-04,CUST-1215,Corporate,Europe,Netherlands,Office Supplies,Presentation Equipment,541.9,1,0.0,541.9,277.51,264.39,Delivered,4
ORD-20534,2025-01-24,CUST-1219,Corporate,North America,Canada,Software & Cloud,DevOps Productivity Tools,706.18,3,0.05,2012.61,401.62,1610.99,Delivered,5
ORD-20535,2025-04-12,CUST-1020,Small Business,North America,Canada,Electronics,Wireless Audio,177.51,2,0.0,355.02,221.21,133.81,Delivered,4
ORD-20536,2025-05-15,CUST-1301,Enterprise,North America,USA,Office Furniture,Ergonomic Executive Chairs,885.88,1,0.2,708.7,460.16,248.54,Delivered,4
ORD-20537,2025-07-10,CUST-1389,Consumer,North America,USA,Office Furniture,LED Desk Lighting,166.01,8,0.0,1328.08,632.66,695.42,Delivered,4
ORD-20538,2025-09-17,CUST-1312,Consumer,North America,Mexico,Electronics,Smartphones & Tablets,737.38,1,0.0,737.38,464.46,272.92,Delivered,3
ORD-20539,2025-01-14,CUST-1358,Enterprise,Middle East & Africa,Saudi Arabia,Software & Cloud,Cybersecurity Suite,2057.0,8,0.0,16456.0,4836.46,11619.54,Delivered,5
ORD-20540,2025-07-18,CUST-1141,Corporate,Europe,Spain,Office Supplies,High-Volume Printers,578.41,2,0.0,1156.82,708.8,448.02,Delivered,2
ORD-20541,2025-12-21,CUST-1063,Small Business,North America,Mexico,Electronics,Laptops & Workstations,1852.03,2,0.0,3704.06,2321.12,1382.94,Delivered,4
ORD-20542,2025-05-10,CUST-1133,Corporate,North America,Mexico,Electronics,Laptops & Workstations,2493.57,8,0.0,19948.56,12426.2,7522.36,Delivered,3
ORD-20543,2025-03-20,CUST-1293,Corporate,North America,USA,Software & Cloud,Cloud Analytics Suite,4294.03,3,0.05,12237.99,1992.9,10245.09,Delivered,3
ORD-20544,2025-08-22,CUST-1364,Corporate,North America,USA,Software & Cloud,DevOps Productivity Tools,1071.34,3,0.0,3214.02,525.44,2688.58,Delivered,5
ORD-20545,2025-04-16,CUST-1076,Corporate,North America,Mexico,Office Furniture,Acoustic Office Pods,4416.92,3,0.1,11925.68,7062.82,4862.86,Processing,3
ORD-20546,2025-11-14,CUST-1380,Enterprise,Europe,Germany,Electronics,Laptops & Workstations,2328.35,5,0.0,11641.75,9157.15,2484.6,Shipped,4
ORD-20547,2025-02-11,CUST-1170,Consumer,North America,Canada,Electronics,Laptops & Workstations,2042.95,3,0.1,5515.97,4153.94,1362.03,Delivered,3
ORD-20548,2025-05-04,CUST-1175,Small Business,Europe,Spain,Software & Cloud,AI Assistant Subscription,709.08,2,0.0,1418.16,374.99,1043.17,Delivered,4
ORD-20549,2025-03-30,CUST-1300,Corporate,North America,Canada,Office Supplies,Paper & Stationeries Pack,89.32,1,0.0,89.32,57.24,32.08,Delivered,4
ORD-20550,2026-02-05,CUST-1167,Corporate,North America,Mexico,Electronics,Smart Wearables,373.16,5,0.0,1865.8,1346.08,519.72,Delivered,4
ORD-20551,2025-12-26,CUST-1307,Small Business,Europe,France,Software & Cloud,Cybersecurity Suite,931.51,1,0.0,931.51,167.62,763.89,Delivered,3
ORD-20552,2026-02-08,CUST-1127,Enterprise,North America,Canada,Electronics,Smartphones & Tablets,1298.11,1,0.0,1298.11,939.46,358.65,Delivered,3
ORD-20553,2026-05-21,CUST-1278,Corporate,Asia Pacific,Australia,Office Furniture,LED Desk Lighting,130.62,2,0.1,235.12,126.69,108.43,Processing,4
ORD-20554,2026-02-25,CUST-1244,Corporate,North America,Canada,Electronics,Smartphones & Tablets,728.57,3,0.0,2185.71,1553.62,632.09,Delivered,4
ORD-20555,2025-07-13,CUST-1043,Small Business,Europe,France,Electronics,Laptops & Workstations,1413.48,1,0.0,1413.48,867.88,545.6,Delivered,5
ORD-20556,2025-04-01,CUST-1101,Consumer,Middle East & Africa,South Africa,Office Furniture,LED Desk Lighting,84.79,2,0.0,169.58,78.41,91.17,Processing,4
ORD-20557,2026-02-27,CUST-1041,Corporate,Europe,United Kingdom,Office Supplies,Paper & Stationeries Pack,108.69,1,0.0,108.69,54.54,54.15,Cancelled,1
ORD-20558,2025-03-22,CUST-1362,Small Business,North America,USA,Software & Cloud,AI Assistant Subscription,867.4,1,0.0,867.4,123.79,743.61,Delivered,3
ORD-20559,2025-01-19,CUST-1364,Enterprise,Asia Pacific,South Korea,Office Supplies,Paper & Stationeries Pack,61.23,2,0.1,110.21,72.38,37.83,Delivered,3
ORD-20560,2026-04-13,CUST-1235,Consumer,Europe,Netherlands,Software & Cloud,AI Assistant Subscription,644.89,2,0.0,1289.78,334.29,955.49,Delivered,3
ORD-20561,2026-07-17,CUST-1337,Enterprise,Europe,Spain,Software & Cloud,DevOps Productivity Tools,1236.86,1,0.0,1236.86,155.4,1081.46,Cancelled,1
ORD-20562,2025-10-17,CUST-1117,Corporate,North America,USA,Office Supplies,Storage & Archiving Units,86.29,5,0.1,388.31,196.28,192.03,Delivered,4
ORD-20563,2025-04-03,CUST-1057,Enterprise,Latin America,Colombia,Electronics,Smart Wearables,243.45,1,0.0,243.45,184.37,59.08,Delivered,5
ORD-20564,2025-10-28,CUST-1060,Corporate,Europe,United Kingdom,Electronics,Wireless Audio,227.67,2,0.0,455.34,298.63,156.71,Delivered,4
ORD-20565,2025-06-19,CUST-1198,Small Business,Asia Pacific,South Korea,Electronics,Wireless Audio,133.89,2,0.0,267.78,179.05,88.73,Delivered,4
ORD-20566,2026-03-04,CUST-1253,Enterprise,North America,Canada,Office Furniture,Conference Tables,1225.83,1,0.0,1225.83,735.77,490.06,Delivered,3
ORD-20567,2026-05-21,CUST-1295,Enterprise,North America,Mexico,Software & Cloud,AI Assistant Subscription,819.6,8,0.0,6556.8,1523.6,5033.2,Delivered,5
ORD-20568,2026-06-09,CUST-1289,Small Business,Europe,Netherlands,Software & Cloud,Cloud Analytics Suite,3642.52,4,0.1,13113.07,1720.66,11392.41,Processing,3
ORD-20569,2026-02-12,CUST-1265,Small Business,Latin America,Brazil,Software & Cloud,Cloud Analytics Suite,3643.59,2,0.1,6558.46,1041.0,5517.46,Shipped,2
ORD-20570,2026-07-23,CUST-1309,Enterprise,Europe,Spain,Office Furniture,Conference Tables,1198.92,1,0.05,1138.97,517.62,621.35,Delivered,4
ORD-20571,2026-01-28,CUST-1399,Enterprise,North America,Mexico,Electronics,Smart Wearables,231.44,1,0.0,231.44,147.85,83.59,Delivered,5
ORD-20572,2026-05-31,CUST-1379,Corporate,Latin America,Brazil,Software & Cloud,AI Assistant Subscription,960.67,4,0.0,3842.68,711.19,3131.49,Delivered,3
ORD-20573,2026-02-16,CUST-1087,Small Business,North America,Mexico,Software & Cloud,Enterprise CRM License,1792.38,2,0.05,3405.52,757.18,2648.34,Delivered,3
ORD-20574,2025-08-15,CUST-1326,Enterprise,Europe,France,Office Supplies,Paper & Stationeries Pack,44.5,2,0.0,89.0,49.86,39.14,Delivered,3
ORD-20575,2025-05-01,CUST-1190,Corporate,Europe,France,Electronics,Monitors & Displays,338.16,1,0.0,338.16,236.07,102.09,Shipped,5
ORD-20576,2025-09-04,CUST-1037,Corporate,Asia Pacific,South Korea,Electronics,Smart Wearables,389.62,1,0.05,370.14,262.05,108.09,Delivered,3
ORD-20577,2025-02-21,CUST-1111,Small Business,Europe,Spain,Software & Cloud,Cloud Analytics Suite,1776.68,1,0.0,1776.68,488.41,1288.27,Delivered,3
ORD-20578,2026-04-03,CUST-1111,Corporate,Asia Pacific,Singapore,Electronics,Smartphones & Tablets,802.37,3,0.05,2286.75,1419.89,866.86,Delivered,4
ORD-20579,2026-03-04,CUST-1064,Small Business,Latin America,Colombia,Electronics,Smartphones & Tablets,1094.88,4,0.05,4160.54,3014.73,1145.81,Shipped,3
ORD-20580,2026-07-15,CUST-1112,Enterprise,North America,Canada,Software & Cloud,AI Assistant Subscription,806.73,1,0.0,806.73,106.37,700.36,Delivered,4
ORD-20581,2026-05-01,CUST-1102,Consumer,North America,Canada,Electronics,Smart Wearables,168.56,3,0.0,505.68,338.77,166.91,Shipped,4
ORD-20582,2025-03-30,CUST-1140,Small Business,North America,USA,Electronics,Laptops & Workstations,2320.12,1,0.0,2320.12,1812.71,507.41,Delivered,3
ORD-20583,2025-05-13,CUST-1390,Corporate,Middle East & Africa,UAE,Software & Cloud,AI Assistant Subscription,858.03,2,0.2,1372.85,221.46,1151.39,Delivered,5
ORD-20584,2025-12-27,CUST-1136,Small Business,Latin America,Chile,Software & Cloud,Enterprise CRM License,1026.61,2,0.0,2053.22,487.58,1565.64,Delivered,4
ORD-20585,2025-01-30,CUST-1388,Enterprise,North America,USA,Electronics,Monitors & Displays,368.12,1,0.0,368.12,239.44,128.68,Processing,4
ORD-20586,2025-02-19,CUST-1239,Small Business,Europe,Germany,Electronics,Wireless Audio,221.01,2,0.05,419.92,254.48,165.44,Shipped,3
ORD-20587,2026-01-25,CUST-1165,Enterprise,Europe,Netherlands,Electronics,Smartphones & Tablets,799.48,4,0.0,3197.92,2027.84,1170.08,Delivered,4
ORD-20588,2026-05-17,CUST-1217,Small Business,Europe,Netherlands,Electronics,Monitors & Displays,792.28,1,0.05,752.67,546.25,206.42,Delivered,3
ORD-20589,2026-02-10,CUST-1227,Enterprise,North America,Canada,Electronics,Laptops & Workstations,1571.34,1,0.1,1414.21,1097.93,316.28,Shipped,5
ORD-20590,2026-01-25,CUST-1393,Enterprise,North America,Mexico,Software & Cloud,DevOps Productivity Tools,1321.55,2,0.1,2378.79,671.86,1706.93,Cancelled,1
ORD-20591,2025-02-27,CUST-1342,Enterprise,North America,USA,Software & Cloud,DevOps Productivity Tools,1280.55,5,0.0,6402.75,826.19,5576.56,Shipped,4
ORD-20592,2026-07-15,CUST-1326,Enterprise,Europe,Spain,Office Furniture,Acoustic Office Pods,4821.09,1,0.1,4338.98,2556.14,1782.84,Delivered,4
ORD-20593,2026-02-02,CUST-1097,Corporate,Europe,Spain,Electronics,Monitors & Displays,688.86,2,0.1,1239.95,834.1,405.85,Delivered,3
ORD-20594,2026-04-10,CUST-1367,Enterprise,North America,Canada,Office Supplies,High-Volume Printers,596.18,4,0.0,2384.72,1565.69,819.03,Delivered,3
ORD-20595,2026-03-09,CUST-1298,Small Business,Europe,Spain,Office Furniture,LED Desk Lighting,78.65,3,0.0,235.95,144.81,91.14,Delivered,3
ORD-20596,2026-04-30,CUST-1268,Enterprise,North America,Canada,Software & Cloud,Cloud Analytics Suite,2420.72,4,0.05,9198.74,2550.12,6648.62,Delivered,3
ORD-20597,2025-06-13,CUST-1382,Small Business,North America,USA,Office Furniture,Ergonomic Executive Chairs,596.51,2,0.0,1193.02,739.1,453.92,Delivered,4
ORD-20598,2026-06-02,CUST-1227,Consumer,Middle East & Africa,South Africa,Office Furniture,Ergonomic Executive Chairs,372.54,2,0.1,670.57,410.33,260.24,Delivered,3
ORD-20599,2025-06-13,CUST-1254,Corporate,North America,Canada,Electronics,Wireless Audio,274.09,4,0.1,986.72,765.29,221.43,Delivered,4
ORD-20600,2026-04-14,CUST-1332,Corporate,Europe,United Kingdom,Software & Cloud,Cybersecurity Suite,1380.64,1,0.1,1242.58,231.43,1011.15,Delivered,4
ORD-20601,2025-12-09,CUST-1370,Enterprise,North America,Mexico,Office Furniture,Conference Tables,1489.52,2,0.0,2979.04,1643.14,1335.9,Delivered,3
ORD-20602,2026-06-27,CUST-1322,Corporate,Asia Pacific,South Korea,Software & Cloud,Cybersecurity Suite,1012.57,1,0.0,1012.57,277.24,735.33,Shipped,4
ORD-20603,2025-12-25,CUST-1365,Corporate,North America,Canada,Electronics,Laptops & Workstations,1420.31,2,0.2,2272.5,1648.76,623.74,Delivered,1
ORD-20604,2025-11-24,CUST-1082,Enterprise,Latin America,Chile,Office Furniture,LED Desk Lighting,179.16,4,0.1,644.98,338.49,306.49,Cancelled,1
ORD-20605,2026-03-30,CUST-1366,Corporate,North America,USA,Software & Cloud,Cybersecurity Suite,1343.33,5,0.2,5373.32,1358.43,4014.89,Delivered,3
ORD-20606,2025-04-17,CUST-1392,Enterprise,Asia Pacific,Australia,Office Supplies,High-Volume Printers,1068.17,1,0.0,1068.17,561.85,506.32,Delivered,4
ORD-20607,2026-02-07,CUST-1366,Consumer,Europe,France,Software & Cloud,Cloud Analytics Suite,4138.22,1,0.05,3931.31,1156.16,2775.15,Processing,5
ORD-20608,2026-07-07,CUST-1164,Small Business,Middle East & Africa,UAE,Electronics,Wireless Audio,198.54,1,0.0,198.54,140.11,58.43,Delivered,4
ORD-20609,2026-05-04,CUST-1190,Enterprise,Europe,United Kingdom,Software & Cloud,DevOps Productivity Tools,779.83,2,0.1,1403.69,306.87,1096.82,Delivered,4
ORD-20610,2026-03-25,CUST-1188,Corporate,North America,USA,Software & Cloud,AI Assistant Subscription,716.11,1,0.15,608.69,110.98,497.71,Delivered,3
ORD-20611,2026-07-12,CUST-1240,Corporate,Europe,United Kingdom,Software & Cloud,Cloud Analytics Suite,2919.68,2,0.0,5839.36,1381.28,4458.08,Delivered,5
ORD-20612,2026-03-30,CUST-1097,Small Business,Europe,United Kingdom,Software & Cloud,AI Assistant Subscription,825.68,2,0.05,1568.79,191.62,1377.17,Delivered,4
ORD-20613,2026-06-25,CUST-1093,Consumer,North America,Mexico,Electronics,Smartphones & Tablets,897.7,3,0.0,2693.1,1778.22,914.88,Delivered,3
ORD-20614,2026-01-08,CUST-1176,Corporate,North America,Canada,Electronics,Smartphones & Tablets,720.83,1,0.1,648.75,451.11,197.64,Delivered,4
ORD-20615,2025-01-24,CUST-1187,Corporate,Latin America,Colombia,Electronics,Smartphones & Tablets,1219.88,3,0.05,3476.66,2720.61,756.05,Delivered,4
ORD-20616,2025-06-20,CUST-1314,Corporate,Middle East & Africa,Saudi Arabia,Software & Cloud,AI Assistant Subscription,431.95,1,0.0,431.95,72.78,359.17,Delivered,3
ORD-20617,2025-11-29,CUST-1103,Enterprise,North America,Mexico,Electronics,Smart Wearables,189.31,1,0.05,179.84,140.35,39.49,Delivered,5
ORD-20618,2026-02-28,CUST-1339,Corporate,Asia Pacific,Japan,Software & Cloud,Cybersecurity Suite,794.32,2,0.1,1429.78,218.84,1210.94,Delivered,4
ORD-20619,2025-05-30,CUST-1074,Corporate,Europe,Netherlands,Software & Cloud,AI Assistant Subscription,945.2,2,0.05,1795.88,451.85,1344.03,Processing,5
ORD-20620,2026-03-26,CUST-1110,Small Business,Latin America,Brazil,Electronics,Laptops & Workstations,2041.52,1,0.0,2041.52,1354.22,687.3,Shipped,5
ORD-20621,2026-04-05,CUST-1228,Corporate,North America,Canada,Software & Cloud,DevOps Productivity Tools,943.74,2,0.15,1604.36,305.92,1298.44,Delivered,5
ORD-20622,2025-04-21,CUST-1020,Corporate,North America,Canada,Office Furniture,Adjustable Standing Desks,1298.89,3,0.1,3507.0,2026.36,1480.64,Delivered,4
ORD-20623,2026-04-26,CUST-1000,Enterprise,Latin America,Colombia,Office Furniture,Ergonomic Executive Chairs,826.01,4,0.05,3138.84,1503.64,1635.2,Delivered,4
ORD-20624,2025-10-18,CUST-1086,Corporate,Europe,Netherlands,Electronics,Smartphones & Tablets,1146.37,1,0.0,1146.37,745.89,400.48,Delivered,4
ORD-20625,2025-08-02,CUST-1074,Small Business,North America,USA,Software & Cloud,AI Assistant Subscription,815.71,3,0.2,1957.7,493.81,1463.89,Delivered,5
ORD-20626,2026-07-22,CUST-1264,Corporate,North America,Canada,Office Furniture,Ergonomic Executive Chairs,904.79,1,0.05,859.55,504.73,354.82,Delivered,4
ORD-20627,2025-04-13,CUST-1074,Corporate,North America,USA,Office Furniture,Ergonomic Executive Chairs,940.92,5,0.0,4704.6,2332.8,2371.8,Delivered,5
ORD-20628,2026-04-27,CUST-1036,Consumer,North America,Mexico,Electronics,Laptops & Workstations,2399.31,1,0.05,2279.34,1720.1,559.24,Delivered,5
ORD-20629,2025-12-12,CUST-1076,Corporate,North America,Mexico,Office Furniture,Ergonomic Executive Chairs,758.33,1,0.05,720.41,431.15,289.26,Delivered,3
ORD-20630,2026-02-07,CUST-1207,Small Business,Europe,Germany,Electronics,Wireless Audio,317.29,2,0.0,634.58,380.97,253.61,Delivered,5
ORD-20631,2025-08-12,CUST-1102,Corporate,North America,Mexico,Electronics,Smart Wearables,234.35,2,0.0,468.7,355.25,113.45,Delivered,3
ORD-20632,2025-10-04,CUST-1181,Corporate,Latin America,Colombia,Electronics,Monitors & Displays,383.65,1,0.0,383.65,244.15,139.5,Delivered,4
ORD-20633,2026-03-19,CUST-1153,Small Business,Latin America,Colombia,Electronics,Laptops & Workstations,2234.23,4,0.0,8936.92,6991.32,1945.6,Delivered,4
ORD-20634,2025-01-31,CUST-1028,Corporate,Middle East & Africa,Saudi Arabia,Electronics,Smartphones & Tablets,925.23,5,0.15,3932.23,2365.06,1567.17,Delivered,4
ORD-20635,2025-02-12,CUST-1068,Corporate,Middle East & Africa,Saudi Arabia,Software & Cloud,AI Assistant Subscription,511.23,15,0.2,6134.76,778.41,5356.35,Shipped,4
ORD-20636,2026-01-14,CUST-1076,Corporate,North America,Canada,Office Supplies,Presentation Equipment,513.61,1,0.1,462.25,298.47,163.78,Delivered,4
ORD-20637,2025-12-20,CUST-1062,Corporate,Europe,Spain,Office Furniture,Acoustic Office Pods,4775.14,2,0.0,9550.28,5254.6,4295.68,Delivered,3
ORD-20638,2025-06-05,CUST-1227,Corporate,Asia Pacific,Japan,Office Furniture,Adjustable Standing Desks,856.33,8,0.15,5823.04,3513.31,2309.73,Delivered,2
ORD-20639,2025-02-27,CUST-1256,Consumer,Europe,United Kingdom,Software & Cloud,AI Assistant Subscription,936.24,2,0.05,1778.86,296.04,1482.82,Delivered,4
ORD-20640,2025-07-21,CUST-1239,Enterprise,Asia Pacific,India,Electronics,Wireless Audio,272.94,1,0.15,232.0,169.41,62.59,Processing,5
ORD-20641,2026-01-21,CUST-1093,Corporate,Europe,Spain,Electronics,Laptops & Workstations,2108.35,1,0.0,2108.35,1371.32,737.03,Delivered,5
ORD-20642,2025-02-24,CUST-1058,Corporate,Europe,Netherlands,Electronics,Laptops & Workstations,1369.47,1,0.1,1232.52,831.61,400.91,Delivered,3
ORD-20643,2026-05-13,CUST-1079,Enterprise,North America,Mexico,Electronics,Laptops & Workstations,1253.29,5,0.0,6266.45,3925.91,2340.54,Delivered,5
ORD-20644,2026-04-07,CUST-1183,Enterprise,Latin America,Chile,Software & Cloud,DevOps Productivity Tools,1295.19,1,0.0,1295.19,164.9,1130.29,Delivered,1
ORD-20645,2026-02-27,CUST-1302,Corporate,Asia Pacific,India,Software & Cloud,Enterprise CRM License,974.12,1,0.15,828.0,143.65,684.35,Delivered,1
ORD-20646,2025-07-12,CUST-1347,Small Business,Europe,Germany,Office Furniture,LED Desk Lighting,66.57,4,0.05,252.97,160.91,92.06,Delivered,4
ORD-20647,2026-06-08,CUST-1242,Corporate,North America,Canada,Software & Cloud,Enterprise CRM License,1468.6,1,0.0,1468.6,438.68,1029.92,Delivered,5
ORD-20648,2026-04-24,CUST-1336,Small Business,Europe,Spain,Software & Cloud,DevOps Productivity Tools,1044.56,2,0.0,2089.12,512.59,1576.53,Delivered,3
ORD-20649,2025-03-08,CUST-1238,Corporate,Asia Pacific,Japan,Office Supplies,Paper & Stationeries Pack,62.83,3,0.0,188.49,110.89,77.6,Delivered,5
ORD-20650,2025-04-22,CUST-1292,Consumer,Latin America,Chile,Electronics,Monitors & Displays,435.29,3,0.0,1305.87,948.82,357.05,Delivered,5
ORD-20651,2026-05-23,CUST-1048,Corporate,Latin America,Chile,Software & Cloud,Cybersecurity Suite,1902.01,4,0.0,7608.04,1694.63,5913.41,Processing,5
ORD-20652,2025-07-29,CUST-1388,Enterprise,North America,Canada,Software & Cloud,AI Assistant Subscription,314.64,1,0.0,314.64,50.55,264.09,Cancelled,2
ORD-20653,2025-06-22,CUST-1243,Consumer,Europe,France,Electronics,Smartphones & Tablets,957.89,5,0.05,4549.98,3508.71,1041.27,Delivered,3
ORD-20654,2026-01-28,CUST-1133,Enterprise,North America,Mexico,Office Supplies,Storage & Archiving Units,146.48,1,0.1,131.83,92.19,39.64,Cancelled,1
ORD-20655,2026-06-09,CUST-1282,Corporate,Europe,Germany,Office Supplies,High-Volume Printers,891.7,2,0.1,1605.06,1037.11,567.95,Delivered,3
ORD-20656,2025-02-23,CUST-1384,Corporate,Europe,Germany,Software & Cloud,Enterprise CRM License,1753.03,3,0.0,5259.09,689.11,4569.98,Processing,3
ORD-20657,2025-07-16,CUST-1161,Corporate,Europe,Netherlands,Electronics,Smart Wearables,387.93,2,0.05,737.07,584.59,152.48,Delivered,5
ORD-20658,2026-01-06,CUST-1205,Small Business,Europe,Netherlands,Office Furniture,Ergonomic Executive Chairs,672.64,5,0.0,3363.2,1677.93,1685.27,Processing,4
ORD-20659,2026-04-06,CUST-1234,Enterprise,North America,Mexico,Office Furniture,Acoustic Office Pods,3517.61,8,0.0,28140.88,16233.67,11907.21,Delivered,3
ORD-20660,2025-07-05,CUST-1299,Corporate,North America,USA,Software & Cloud,Enterprise CRM License,2155.32,1,0.15,1832.02,473.55,1358.47,Delivered,2
ORD-20661,2025-10-25,CUST-1125,Corporate,Asia Pacific,Singapore,Software & Cloud,Enterprise CRM License,1909.29,1,0.1,1718.36,229.3,1489.06,Delivered,3
ORD-20662,2025-02-23,CUST-1122,Corporate,North America,USA,Software & Cloud,Cloud Analytics Suite,1421.15,1,0.0,1421.15,369.21,1051.94,Delivered,4
ORD-20663,2025-09-26,CUST-1052,Small Business,Europe,Spain,Office Furniture,Acoustic Office Pods,1965.51,1,0.0,1965.51,1056.63,908.88,Delivered,4
ORD-20664,2025-07-07,CUST-1048,Enterprise,Europe,Spain,Electronics,Laptops & Workstations,1379.3,10,0.0,13793.0,9308.07,4484.93,Delivered,3
ORD-20665,2025-10-16,CUST-1060,Corporate,North America,Mexico,Office Supplies,Breakroom Supplies,44.71,1,0.05,42.47,26.94,15.53,Delivered,4
ORD-20666,2025-10-20,CUST-1218,Corporate,Middle East & Africa,South Africa,Office Supplies,Breakroom Supplies,106.19,2,0.0,212.38,136.44,75.94,Delivered,4
ORD-20667,2026-05-31,CUST-1142,Small Business,Europe,Germany,Office Supplies,Storage & Archiving Units,109.67,1,0.2,87.74,54.75,32.99,Processing,3
ORD-20668,2026-03-18,CUST-1347,Corporate,Middle East & Africa,Saudi Arabia,Software & Cloud,Cloud Analytics Suite,3602.85,4,0.1,12970.26,3064.6,9905.66,Delivered,3
ORD-20669,2025-08-22,CUST-1206,Corporate,North America,Canada,Office Supplies,Paper & Stationeries Pack,34.8,3,0.0,104.4,68.84,35.56,Delivered,2
ORD-20670,2025-06-21,CUST-1032,Enterprise,North America,Mexico,Software & Cloud,Cybersecurity Suite,1555.84,2,0.15,2644.93,620.78,2024.15,Cancelled,1
ORD-20671,2026-04-30,CUST-1154,Corporate,Asia Pacific,Singapore,Software & Cloud,AI Assistant Subscription,767.62,3,0.15,1957.43,299.1,1658.33,Cancelled,1
ORD-20672,2025-05-28,CUST-1391,Enterprise,Europe,Germany,Software & Cloud,DevOps Productivity Tools,982.54,1,0.05,933.41,251.73,681.68,Delivered,4
ORD-20673,2025-10-19,CUST-1069,Small Business,North America,USA,Office Furniture,Conference Tables,2450.83,5,0.15,10416.03,6060.18,4355.85,Shipped,3
ORD-20674,2025-10-03,CUST-1346,Corporate,Latin America,Brazil,Software & Cloud,Enterprise CRM License,2771.31,2,0.05,5265.49,697.96,4567.53,Delivered,4
ORD-20675,2026-05-02,CUST-1157,Small Business,Middle East & Africa,Saudi Arabia,Electronics,Laptops & Workstations,1346.13,2,0.0,2692.26,1672.37,1019.89,Delivered,4
ORD-20676,2025-06-11,CUST-1094,Corporate,North America,Mexico,Office Supplies,Storage & Archiving Units,120.99,5,0.05,574.7,384.82,189.88,Delivered,4
ORD-20677,2025-04-22,CUST-1318,Consumer,North America,USA,Electronics,Monitors & Displays,775.7,2,0.05,1473.83,1079.59,394.24,Delivered,3
ORD-20678,2025-07-22,CUST-1249,Small Business,Europe,Spain,Office Supplies,Presentation Equipment,427.31,5,0.05,2029.72,1138.32,891.4,Delivered,3
ORD-20679,2025-07-20,CUST-1367,Corporate,North America,Canada,Electronics,Smartphones & Tablets,756.63,4,0.1,2723.87,2038.21,685.66,Delivered,4
ORD-20680,2025-06-28,CUST-1100,Corporate,North America,Mexico,Office Furniture,LED Desk Lighting,106.3,1,0.05,100.98,53.7,47.28,Delivered,5
ORD-20681,2025-03-03,CUST-1099,Consumer,Middle East & Africa,Saudi Arabia,Electronics,Smart Wearables,246.59,1,0.0,246.59,196.64,49.95,Delivered,1
ORD-20682,2025-08-09,CUST-1388,Consumer,Europe,United Kingdom,Electronics,Monitors & Displays,253.57,3,0.15,646.6,493.11,153.49,Delivered,1
ORD-20683,2025-03-07,CUST-1369,Corporate,Europe,Germany,Electronics,Smart Wearables,260.91,1,0.0,260.91,176.32,84.59,Delivered,3
ORD-20684,2026-04-03,CUST-1326,Enterprise,North America,Canada,Electronics,Smartphones & Tablets,1132.53,2,0.1,2038.55,1453.9,584.65,Delivered,3
ORD-20685,2025-12-24,CUST-1045,Small Business,Europe,France,Software & Cloud,AI Assistant Subscription,504.61,1,0.1,454.15,64.74,389.41,Delivered,4
ORD-20686,2025-03-23,CUST-1037,Corporate,Europe,Germany,Software & Cloud,Cloud Analytics Suite,860.59,4,0.05,3270.24,456.2,2814.04,Delivered,4
ORD-20687,2026-06-06,CUST-1094,Consumer,North America,Mexico,Software & Cloud,Cybersecurity Suite,2139.3,2,0.2,3422.88,840.64,2582.24,Delivered,2
ORD-20688,2025-11-19,CUST-1147,Consumer,Europe,Spain,Office Furniture,Adjustable Standing Desks,1297.79,1,0.05,1232.9,650.47,582.43,Processing,4
ORD-20689,2025-06-16,CUST-1054,Enterprise,Europe,United Kingdom,Software & Cloud,DevOps Productivity Tools,1050.25,2,0.1,1890.45,381.02,1509.43,Delivered,4
ORD-20690,2026-01-23,CUST-1168,Small Business,Latin America,Chile,Software & Cloud,DevOps Productivity Tools,1454.38,2,0.05,2763.32,360.65,2402.67,Delivered,3
ORD-20691,2025-08-31,CUST-1379,Small Business,Europe,Germany,Office Furniture,Conference Tables,2747.43,2,0.0,5494.86,3137.62,2357.24,Delivered,4
ORD-20692,2026-01-16,CUST-1105,Small Business,Europe,Spain,Office Furniture,LED Desk Lighting,98.93,2,0.0,197.86,123.46,74.4,Delivered,4
ORD-20693,2026-05-23,CUST-1277,Corporate,North America,Canada,Software & Cloud,Cybersecurity Suite,1962.66,1,0.0,1962.66,429.42,1533.24,Cancelled,1
ORD-20694,2026-06-28,CUST-1368,Small Business,Europe,Netherlands,Software & Cloud,Cloud Analytics Suite,2063.98,1,0.0,2063.98,273.51,1790.47,Delivered,4
ORD-20695,2025-04-17,CUST-1094,Enterprise,Asia Pacific,Japan,Software & Cloud,Enterprise CRM License,2293.84,1,0.1,2064.46,554.19,1510.27,Delivered,3
ORD-20696,2025-09-27,CUST-1359,Corporate,Latin America,Chile,Electronics,Wireless Audio,137.19,2,0.05,260.66,204.55,56.11,Delivered,5
ORD-20697,2026-06-30,CUST-1241,Corporate,Europe,France,Office Supplies,Storage & Archiving Units,283.89,2,0.0,567.78,351.09,216.69,Delivered,4
ORD-20698,2025-07-07,CUST-1108,Consumer,North America,USA,Office Furniture,LED Desk Lighting,156.36,2,0.1,281.45,154.49,126.96,Delivered,5
ORD-20699,2025-05-13,CUST-1245,Enterprise,Latin America,Colombia,Electronics,Smart Wearables,313.64,4,0.05,1191.83,830.26,361.57,Delivered,4
ORD-20700,2025-08-28,CUST-1278,Corporate,North America,Canada,Electronics,Smart Wearables,388.4,1,0.1,349.56,236.86,112.7,Delivered,1
ORD-20701,2026-03-11,CUST-1018,Corporate,North America,USA,Software & Cloud,AI Assistant Subscription,622.68,4,0.0,2490.72,510.78,1979.94,Shipped,5
ORD-20702,2026-03-27,CUST-1281,Corporate,Europe,Netherlands,Electronics,Wireless Audio,237.31,2,0.05,450.89,278.8,172.09,Processing,4
ORD-20703,2025-02-16,CUST-1199,Small Business,Europe,Spain,Software & Cloud,Cloud Analytics Suite,3105.74,1,0.05,2950.45,574.75,2375.7,Delivered,4
ORD-20704,2026-07-16,CUST-1095,Enterprise,Middle East & Africa,South Africa,Office Furniture,LED Desk Lighting,103.56,1,0.1,93.2,59.87,33.33,Delivered,4
ORD-20705,2025-12-25,CUST-1135,Corporate,Asia Pacific,Australia,Office Furniture,Acoustic Office Pods,4379.04,3,0.0,13137.12,6609.75,6527.37,Delivered,4
ORD-20706,2025-04-26,CUST-1129,Enterprise,North America,USA,Electronics,Smartphones & Tablets,731.52,1,0.05,694.94,489.58,205.36,Shipped,4
ORD-20707,2026-03-31,CUST-1182,Consumer,Asia Pacific,Japan,Office Supplies,Paper & Stationeries Pack,115.32,1,0.1,103.79,59.83,43.96,Processing,3
ORD-20708,2025-11-02,CUST-1102,Small Business,Europe,Netherlands,Office Supplies,High-Volume Printers,1083.59,2,0.05,2058.82,1408.55,650.27,Delivered,3
ORD-20709,2025-01-24,CUST-1218,Enterprise,Europe,Spain,Electronics,Wireless Audio,285.97,2,0.0,571.94,365.82,206.12,Shipped,4
ORD-20710,2025-09-27,CUST-1376,Corporate,Asia Pacific,Australia,Electronics,Smartphones & Tablets,757.39,1,0.0,757.39,511.23,246.16,Processing,5
ORD-20711,2025-10-12,CUST-1226,Small Business,North America,Mexico,Software & Cloud,AI Assistant Subscription,228.65,4,0.1,823.14,153.2,669.94,Delivered,3
ORD-20712,2026-06-10,CUST-1153,Enterprise,North America,Canada,Software & Cloud,Cloud Analytics Suite,3133.54,2,0.15,5327.02,973.92,4353.1,Delivered,4
ORD-20713,2025-11-08,CUST-1147,Corporate,North America,Mexico,Office Furniture,LED Desk Lighting,80.38,4,0.0,321.52,172.09,149.43,Delivered,5
ORD-20714,2025-12-10,CUST-1282,Small Business,North America,USA,Electronics,Laptops & Workstations,1469.51,8,0.05,11168.28,8821.08,2347.2,Shipped,3
ORD-20715,2025-11-12,CUST-1275,Corporate,North America,Canada,Software & Cloud,DevOps Productivity Tools,1103.87,3,0.0,3311.61,772.17,2539.44,Cancelled,1
ORD-20716,2025-03-13,CUST-1152,Consumer,Europe,France,Electronics,Monitors & Displays,588.3,3,0.0,1764.9,1218.26,546.64,Delivered,3
ORD-20717,2025-12-18,CUST-1257,Small Business,North America,USA,Software & Cloud,AI Assistant Subscription,416.67,2,0.0,833.34,249.37,583.97,Delivered,4
ORD-20718,2026-01-12,CUST-1176,Corporate,Latin America,Colombia,Office Furniture,Adjustable Standing Desks,677.33,3,0.0,2031.99,1320.28,711.71,Delivered,4
ORD-20719,2025-05-29,CUST-1208,Corporate,Europe,Spain,Electronics,Wireless Audio,240.26,3,0.1,648.7,412.89,235.81,Delivered,5
ORD-20720,2026-04-21,CUST-1193,Small Business,Europe,Netherlands,Office Furniture,Acoustic Office Pods,2092.9,4,0.0,8371.6,4968.7,3402.9,Delivered,5
ORD-20721,2025-01-18,CUST-1310,Corporate,North America,Canada,Software & Cloud,Cybersecurity Suite,1657.32,1,0.0,1657.32,310.81,1346.51,Delivered,4
ORD-20722,2025-12-26,CUST-1384,Enterprise,North America,Canada,Software & Cloud,Cloud Analytics Suite,1504.3,1,0.05,1429.08,372.8,1056.28,Delivered,3
ORD-20723,2025-10-29,CUST-1373,Corporate,North America,USA,Office Furniture,Acoustic Office Pods,3930.35,1,0.05,3733.83,1981.64,1752.19,Delivered,5
ORD-20724,2025-02-21,CUST-1372,Corporate,Asia Pacific,South Korea,Electronics,Laptops & Workstations,1810.2,5,0.1,8145.9,5491.04,2654.86,Delivered,4
ORD-20725,2025-03-22,CUST-1387,Corporate,North America,Canada,Office Furniture,Conference Tables,889.77,1,0.0,889.77,447.97,441.8,Delivered,4
ORD-20726,2025-10-17,CUST-1372,Enterprise,North America,Canada,Electronics,Smart Wearables,439.71,1,0.05,417.72,271.09,146.63,Delivered,4
ORD-20727,2026-04-25,CUST-1082,Corporate,Europe,United Kingdom,Office Furniture,Conference Tables,2307.24,5,0.1,10382.58,5121.37,5261.21,Delivered,4
ORD-20728,2026-03-18,CUST-1029,Corporate,Europe,Spain,Software & Cloud,DevOps Productivity Tools,876.98,1,0.0,876.98,120.66,756.32,Delivered,4
ORD-20729,2025-05-21,CUST-1336,Corporate,Asia Pacific,India,Electronics,Laptops & Workstations,1821.97,2,0.05,3461.74,2485.54,976.2,Delivered,2
ORD-20730,2026-03-10,CUST-1274,Small Business,Latin America,Colombia,Office Furniture,Ergonomic Executive Chairs,586.54,2,0.15,997.12,462.52,534.6,Processing,4
ORD-20731,2025-07-27,CUST-1070,Corporate,North America,Mexico,Software & Cloud,Cybersecurity Suite,559.93,2,0.05,1063.87,305.74,758.13,Delivered,4
ORD-20732,2025-03-07,CUST-1056,Corporate,Europe,Netherlands,Office Furniture,Adjustable Standing Desks,511.68,4,0.0,2046.72,990.89,1055.83,Shipped,2
ORD-20733,2026-05-14,CUST-1201,Corporate,Middle East & Africa,UAE,Office Furniture,Conference Tables,2597.62,4,0.1,9351.43,4344.33,5007.1,Delivered,3
ORD-20734,2025-07-21,CUST-1051,Corporate,Asia Pacific,South Korea,Office Furniture,Ergonomic Executive Chairs,788.62,2,0.0,1577.24,991.89,585.35,Delivered,2
ORD-20735,2026-04-15,CUST-1149,Corporate,Asia Pacific,Australia,Office Supplies,High-Volume Printers,1035.86,1,0.0,1035.86,563.0,472.86,Delivered,5
ORD-20736,2025-01-25,CUST-1270,Corporate,Europe,Netherlands,Office Furniture,LED Desk Lighting,120.85,1,0.0,120.85,76.74,44.11,Shipped,4
ORD-20737,2026-04-07,CUST-1049,Small Business,Latin America,Brazil,Software & Cloud,DevOps Productivity Tools,711.47,1,0.0,711.47,135.47,576.0,Shipped,5
ORD-20738,2026-05-02,CUST-1123,Corporate,North America,Mexico,Software & Cloud,Enterprise CRM License,1853.57,3,0.0,5560.71,1068.69,4492.02,Delivered,4
ORD-20739,2025-02-05,CUST-1155,Consumer,North America,Canada,Office Furniture,Conference Tables,1621.8,1,0.05,1540.71,741.05,799.66,Delivered,4
ORD-20740,2026-03-04,CUST-1335,Enterprise,Europe,Spain,Office Furniture,Conference Tables,2512.29,1,0.0,2512.29,1390.01,1122.28,Delivered,5
ORD-20741,2025-12-05,CUST-1212,Small Business,North America,Canada,Electronics,Smartphones & Tablets,1053.12,4,0.0,4212.48,2568.32,1644.16,Delivered,4
ORD-20742,2025-10-30,CUST-1121,Corporate,Asia Pacific,Singapore,Electronics,Laptops & Workstations,2132.53,4,0.0,8530.12,6219.38,2310.74,Cancelled,1
ORD-20743,2026-03-12,CUST-1146,Enterprise,North America,Canada,Electronics,Monitors & Displays,383.32,1,0.1,344.99,243.76,101.23,Delivered,4
ORD-20744,2025-09-08,CUST-1201,Enterprise,Middle East & Africa,Saudi Arabia,Electronics,Smartphones & Tablets,1377.18,8,0.0,11017.44,8315.22,2702.22,Delivered,4
ORD-20745,2026-05-17,CUST-1248,Small Business,Europe,Netherlands,Office Supplies,High-Volume Printers,451.51,1,0.05,428.93,289.69,139.24,Delivered,5
ORD-20746,2025-09-26,CUST-1303,Corporate,North America,Canada,Office Furniture,Conference Tables,1661.35,1,0.05,1578.28,957.14,621.14,Delivered,4
ORD-20747,2025-03-25,CUST-1012,Corporate,Asia Pacific,Singapore,Office Supplies,Presentation Equipment,197.08,3,0.0,591.24,402.28,188.96,Delivered,4
ORD-20748,2026-04-29,CUST-1086,Enterprise,North America,USA,Software & Cloud,DevOps Productivity Tools,381.21,2,0.1,686.18,112.57,573.61,Delivered,4
ORD-20749,2025-04-23,CUST-1206,Enterprise,North America,Mexico,Software & Cloud,DevOps Productivity Tools,1256.13,4,0.0,5024.52,1118.6,3905.92,Delivered,5
ORD-20750,2026-02-11,CUST-1243,Enterprise,North America,Mexico,Electronics,Laptops & Workstations,1437.9,2,0.1,2588.22,1831.47,756.75,Delivered,4
ORD-20751,2025-10-15,CUST-1280,Small Business,Asia Pacific,Australia,Office Supplies,Breakroom Supplies,54.37,2,0.05,103.3,64.72,38.58,Delivered,3
ORD-20752,2025-12-18,CUST-1329,Consumer,Middle East & Africa,UAE,Office Furniture,LED Desk Lighting,60.52,2,0.15,102.88,59.99,42.89,Delivered,4
ORD-20753,2025-03-16,CUST-1280,Small Business,Middle East & Africa,Saudi Arabia,Office Supplies,Storage & Archiving Units,198.08,1,0.0,198.08,126.35,71.73,Delivered,4
ORD-20754,2025-03-24,CUST-1327,Corporate,Europe,United Kingdom,Electronics,Smart Wearables,290.21,3,0.0,870.63,621.29,249.34,Delivered,5
ORD-20755,2025-12-30,CUST-1015,Corporate,North America,USA,Office Supplies,Storage & Archiving Units,155.14,1,0.05,147.38,94.18,53.2,Delivered,3
ORD-20756,2026-04-17,CUST-1173,Small Business,Asia Pacific,South Korea,Office Supplies,Presentation Equipment,344.48,3,0.0,1033.44,658.14,375.3,Delivered,4
ORD-20757,2025-04-07,CUST-1213,Enterprise,Latin America,Chile,Office Supplies,Presentation Equipment,406.08,1,0.0,406.08,227.93,178.15,Delivered,5
ORD-20758,2025-11-25,CUST-1276,Corporate,North America,Mexico,Software & Cloud,Cybersecurity Suite,993.87,5,0.0,4969.35,1456.83,3512.52,Delivered,5
ORD-20759,2026-07-05,CUST-1050,Corporate,Europe,United Kingdom,Electronics,Wireless Audio,267.65,1,0.0,267.65,183.36,84.29,Delivered,4
ORD-20760,2026-07-02,CUST-1075,Enterprise,Europe,Netherlands,Electronics,Monitors & Displays,794.61,4,0.0,3178.44,2338.95,839.49,Delivered,3
ORD-20761,2025-06-07,CUST-1191,Corporate,Asia Pacific,Japan,Electronics,Monitors & Displays,429.38,3,0.0,1288.14,1004.93,283.21,Shipped,5
ORD-20762,2026-04-17,CUST-1155,Consumer,North America,Canada,Electronics,Smart Wearables,370.18,4,0.1,1332.65,1005.31,327.34,Delivered,4
ORD-20763,2025-01-17,CUST-1104,Consumer,Asia Pacific,Singapore,Office Supplies,Paper & Stationeries Pack,64.58,2,0.05,122.7,74.4,48.3,Delivered,4
ORD-20764,2025-06-20,CUST-1194,Corporate,Europe,France,Office Supplies,Storage & Archiving Units,175.97,1,0.0,175.97,111.3,64.67,Processing,3
ORD-20765,2025-07-24,CUST-1121,Corporate,North America,Mexico,Software & Cloud,AI Assistant Subscription,596.36,5,0.05,2832.71,829.59,2003.12,Delivered,3
ORD-20766,2026-03-04,CUST-1194,Enterprise,North America,USA,Electronics,Wireless Audio,307.74,2,0.05,584.71,391.89,192.82,Delivered,4
ORD-20767,2025-06-28,CUST-1128,Corporate,North America,Canada,Office Furniture,Acoustic Office Pods,2592.0,5,0.05,12312.0,6288.54,6023.46,Delivered,4
ORD-20768,2025-12-20,CUST-1170,Corporate,North America,Mexico,Electronics,Wireless Audio,242.86,10,0.05,2307.17,1820.18,486.99,Delivered,4
ORD-20769,2025-05-10,CUST-1248,Enterprise,North America,Canada,Office Supplies,Breakroom Supplies,168.72,2,0.1,303.7,211.82,91.88,Delivered,3
ORD-20770,2026-07-06,CUST-1059,Corporate,North America,USA,Office Supplies,Breakroom Supplies,75.25,2,0.05,142.97,89.38,53.59,Delivered,3
ORD-20771,2025-04-24,CUST-1180,Corporate,Europe,Germany,Electronics,Laptops & Workstations,1988.77,2,0.15,3380.91,2367.65,1013.26,Delivered,4
ORD-20772,2026-04-30,CUST-1350,Corporate,Middle East & Africa,Saudi Arabia,Electronics,Monitors & Displays,718.64,2,0.0,1437.28,1045.82,391.46,Delivered,5
ORD-20773,2026-01-06,CUST-1208,Corporate,Europe,Germany,Electronics,Smart Wearables,301.97,4,0.1,1087.09,791.3,295.79,Shipped,4
ORD-20774,2025-04-19,CUST-1310,Small Business,North America,USA,Electronics,Wireless Audio,275.53,3,0.0,826.59,638.92,187.67,Delivered,3
ORD-20775,2025-07-06,CUST-1198,Corporate,Middle East & Africa,South Africa,Electronics,Wireless Audio,195.22,2,0.0,390.44,275.91,114.53,Delivered,4
ORD-20776,2025-09-21,CUST-1111,Corporate,Europe,Netherlands,Electronics,Wireless Audio,295.46,1,0.0,295.46,216.79,78.67,Delivered,5
ORD-20777,2026-01-31,CUST-1105,Consumer,Europe,Netherlands,Software & Cloud,Cybersecurity Suite,773.91,3,0.0,2321.73,372.96,1948.77,Delivered,4
ORD-20778,2025-12-16,CUST-1122,Enterprise,Middle East & Africa,South Africa,Software & Cloud,Enterprise CRM License,2898.88,3,0.0,8696.64,2276.92,6419.72,Delivered,5
ORD-20779,2026-03-06,CUST-1106,Small Business,Asia Pacific,Australia,Electronics,Monitors & Displays,552.95,3,0.0,1658.85,1052.65,606.2,Delivered,5
ORD-20780,2025-01-03,CUST-1259,Corporate,North America,USA,Electronics,Laptops & Workstations,2299.76,1,0.05,2184.77,1428.07,756.7,Delivered,4
ORD-20781,2026-04-25,CUST-1369,Enterprise,Europe,United Kingdom,Office Furniture,Adjustable Standing Desks,861.29,2,0.0,1722.58,933.6,788.98,Processing,4
ORD-20782,2025-02-03,CUST-1212,Small Business,Latin America,Colombia,Electronics,Monitors & Displays,718.51,1,0.05,682.58,414.19,268.39,Delivered,5
ORD-20783,2025-04-29,CUST-1331,Small Business,Asia Pacific,Singapore,Electronics,Smart Wearables,380.16,15,0.0,5702.4,4249.39,1453.01,Cancelled,1
ORD-20784,2025-03-07,CUST-1199,Small Business,North America,USA,Office Supplies,High-Volume Printers,834.33,1,0.0,834.33,562.87,271.46,Delivered,3
ORD-20785,2025-01-30,CUST-1067,Corporate,North America,USA,Electronics,Smartphones & Tablets,1102.88,3,0.0,3308.64,2505.82,802.82,Shipped,4
ORD-20786,2026-03-22,CUST-1092,Small Business,Europe,Netherlands,Electronics,Wireless Audio,331.42,1,0.15,281.71,196.93,84.78,Delivered,4
ORD-20787,2026-03-09,CUST-1000,Consumer,North America,Canada,Office Supplies,High-Volume Printers,815.46,1,0.05,774.69,430.18,344.51,Delivered,3
ORD-20788,2025-09-23,CUST-1156,Corporate,Asia Pacific,Singapore,Electronics,Monitors & Displays,774.65,5,0.05,3679.59,2467.58,1212.01,Cancelled,1
ORD-20789,2025-12-14,CUST-1276,Small Business,North America,Mexico,Electronics,Wireless Audio,133.62,2,0.0,267.24,166.68,100.56,Delivered,4
ORD-20790,2026-04-08,CUST-1095,Small Business,North America,Mexico,Software & Cloud,Cybersecurity Suite,2053.76,2,0.2,3286.02,535.42,2750.6,Shipped,4
ORD-20791,2026-05-14,CUST-1110,Small Business,North America,USA,Software & Cloud,Cloud Analytics Suite,1839.51,2,0.0,3679.02,891.04,2787.98,Delivered,4
ORD-20792,2025-01-23,CUST-1295,Corporate,Asia Pacific,India,Software & Cloud,Cloud Analytics Suite,883.86,5,0.1,3977.37,696.25,3281.12,Delivered,4
ORD-20793,2025-04-16,CUST-1336,Small Business,Europe,France,Office Furniture,LED Desk Lighting,69.54,4,0.0,278.16,140.41,137.75,Delivered,3
ORD-20794,2025-01-18,CUST-1159,Enterprise,Europe,Netherlands,Software & Cloud,AI Assistant Subscription,535.6,1,0.0,535.6,74.26,461.34,Delivered,3
ORD-20795,2025-10-03,CUST-1003,Corporate,North America,USA,Software & Cloud,Enterprise CRM License,505.2,8,0.05,3839.52,511.23,3328.29,Delivered,4
ORD-20796,2025-02-11,CUST-1228,Consumer,North America,USA,Office Furniture,Acoustic Office Pods,2130.82,2,0.05,4048.56,2520.62,1527.94,Delivered,3
ORD-20797,2025-08-09,CUST-1279,Consumer,North America,Mexico,Office Supplies,Paper & Stationeries Pack,118.26,1,0.05,112.35,62.13,50.22,Delivered,5
ORD-20798,2025-06-23,CUST-1336,Small Business,Europe,France,Office Furniture,Conference Tables,2258.33,3,0.0,6774.99,3470.64,3304.35,Shipped,1
ORD-20799,2025-04-27,CUST-1286,Small Business,Asia Pacific,Singapore,Office Furniture,Acoustic Office Pods,4343.29,2,0.0,8686.58,4470.04,4216.54,Delivered,4
ORD-20800,2025-01-31,CUST-1068,Small Business,Asia Pacific,India,Electronics,Smart Wearables,312.56,1,0.0,312.56,228.98,83.58,Delivered,3
ORD-20801,2025-02-13,CUST-1017,Corporate,North America,Canada,Office Supplies,Presentation Equipment,352.29,4,0.05,1338.7,847.1,491.6,Delivered,3
ORD-20802,2025-06-06,CUST-1315,Small Business,North America,Mexico,Office Furniture,Ergonomic Executive Chairs,527.51,1,0.05,501.13,276.16,224.97,Delivered,4
ORD-20803,2025-06-24,CUST-1235,Consumer,Europe,United Kingdom,Software & Cloud,AI Assistant Subscription,931.75,5,0.05,4425.81,1313.7,3112.11,Delivered,5
ORD-20804,2026-04-22,CUST-1392,Corporate,Europe,United Kingdom,Software & Cloud,Enterprise CRM License,2297.43,1,0.0,2297.43,393.08,1904.35,Delivered,4
ORD-20805,2026-05-26,CUST-1347,Corporate,North America,Mexico,Office Supplies,Breakroom Supplies,47.03,2,0.0,94.06,63.97,30.09,Delivered,3
ORD-20806,2025-05-01,CUST-1145,Corporate,North America,Mexico,Office Furniture,LED Desk Lighting,107.99,2,0.0,215.98,113.42,102.56,Processing,3
ORD-20807,2026-02-28,CUST-1170,Consumer,North America,Canada,Office Furniture,LED Desk Lighting,147.47,10,0.1,1327.23,708.6,618.63,Delivered,5
ORD-20808,2025-09-19,CUST-1332,Enterprise,Asia Pacific,Japan,Office Supplies,Breakroom Supplies,101.85,1,0.05,96.76,62.27,34.49,Delivered,4
ORD-20809,2025-08-28,CUST-1239,Corporate,Europe,France,Office Furniture,Ergonomic Executive Chairs,932.62,2,0.05,1771.98,947.55,824.43,Delivered,2
ORD-20810,2026-06-11,CUST-1352,Corporate,Asia Pacific,Japan,Electronics,Wireless Audio,171.44,1,0.05,162.87,100.46,62.41,Delivered,4
ORD-20811,2025-10-20,CUST-1299,Consumer,North America,Mexico,Electronics,Smartphones & Tablets,646.52,5,0.05,3070.97,2027.69,1043.28,Delivered,4
ORD-20812,2025-07-06,CUST-1077,Corporate,North America,Canada,Electronics,Monitors & Displays,639.21,2,0.1,1150.58,786.76,363.82,Shipped,3
ORD-20813,2026-02-06,CUST-1134,Small Business,Asia Pacific,Japan,Office Supplies,Breakroom Supplies,192.02,3,0.0,576.06,366.39,209.67,Delivered,1
ORD-20814,2026-06-27,CUST-1290,Corporate,Europe,Netherlands,Electronics,Laptops & Workstations,1655.41,2,0.05,3145.28,2201.71,943.57,Delivered,3
ORD-20815,2026-03-27,CUST-1106,Enterprise,North America,USA,Software & Cloud,Cloud Analytics Suite,2065.92,2,0.0,4131.84,860.43,3271.41,Shipped,2
ORD-20816,2025-05-29,CUST-1053,Enterprise,Asia Pacific,Singapore,Office Furniture,Conference Tables,1860.05,1,0.0,1860.05,921.56,938.49,Delivered,4
ORD-20817,2025-12-10,CUST-1252,Small Business,Europe,Spain,Office Supplies,High-Volume Printers,661.98,2,0.0,1323.96,721.61,602.35,Delivered,2
ORD-20818,2025-03-13,CUST-1133,Corporate,North America,Mexico,Electronics,Wireless Audio,158.79,2,0.15,269.94,187.78,82.16,Delivered,4
ORD-20819,2026-02-25,CUST-1182,Small Business,North America,Canada,Office Furniture,Ergonomic Executive Chairs,936.84,5,0.0,4684.2,2364.8,2319.4,Delivered,5
ORD-20820,2026-05-12,CUST-1228,Corporate,North America,Mexico,Office Supplies,Storage & Archiving Units,168.2,2,0.0,336.4,169.85,166.55,Delivered,5
ORD-20821,2025-12-10,CUST-1014,Corporate,Asia Pacific,India,Electronics,Monitors & Displays,663.09,2,0.0,1326.18,865.9,460.28,Delivered,5
ORD-20822,2025-10-02,CUST-1286,Enterprise,Asia Pacific,Singapore,Electronics,Monitors & Displays,425.95,2,0.2,681.52,486.47,195.05,Processing,4
ORD-20823,2026-05-11,CUST-1261,Corporate,North America,USA,Electronics,Laptops & Workstations,2365.27,2,0.05,4494.01,3057.5,1436.51,Delivered,5
ORD-20824,2026-05-29,CUST-1027,Corporate,North America,Mexico,Office Supplies,Presentation Equipment,508.65,4,0.1,1831.14,1089.59,741.55,Delivered,3
ORD-20825,2026-01-15,CUST-1220,Corporate,Europe,Spain,Office Supplies,Presentation Equipment,443.63,2,0.0,887.26,459.39,427.87,Delivered,3
ORD-20826,2025-02-02,CUST-1369,Enterprise,Europe,France,Office Supplies,Paper & Stationeries Pack,57.47,1,0.1,51.72,32.36,19.36,Delivered,4
ORD-20827,2026-01-30,CUST-1047,Small Business,North America,Canada,Electronics,Monitors & Displays,794.89,3,0.0,2384.67,1784.77,599.9,Shipped,4
ORD-20828,2025-06-06,CUST-1337,Small Business,Europe,Germany,Electronics,Smart Wearables,296.84,5,0.05,1409.99,1060.13,349.86,Delivered,4
ORD-20829,2025-07-05,CUST-1280,Consumer,Asia Pacific,South Korea,Electronics,Smartphones & Tablets,1085.49,4,0.05,4124.86,3132.44,992.42,Delivered,4
ORD-20830,2025-10-13,CUST-1222,Small Business,Middle East & Africa,UAE,Electronics,Wireless Audio,188.56,4,0.05,716.53,568.95,147.58,Delivered,4
ORD-20831,2025-09-19,CUST-1385,Small Business,Europe,Netherlands,Software & Cloud,AI Assistant Subscription,598.73,2,0.15,1017.84,211.84,806.0,Delivered,2
ORD-20832,2026-04-06,CUST-1122,Corporate,North America,Mexico,Electronics,Monitors & Displays,399.11,2,0.2,638.58,470.16,168.42,Delivered,5
ORD-20833,2025-09-16,CUST-1156,Consumer,North America,Canada,Electronics,Smart Wearables,382.4,5,0.05,1816.4,1437.08,379.32,Delivered,4
ORD-20834,2026-07-21,CUST-1330,Enterprise,Middle East & Africa,Saudi Arabia,Electronics,Monitors & Displays,400.33,4,0.0,1601.32,1011.22,590.1,Processing,3
ORD-20835,2025-11-29,CUST-1005,Corporate,Europe,Spain,Office Supplies,Storage & Archiving Units,239.85,2,0.05,455.71,259.4,196.31,Delivered,3
ORD-20836,2025-03-07,CUST-1349,Enterprise,Europe,Germany,Office Furniture,Adjustable Standing Desks,1354.97,3,0.0,4064.91,2510.86,1554.05,Cancelled,2
ORD-20837,2025-12-29,CUST-1341,Corporate,Middle East & Africa,Saudi Arabia,Office Supplies,Storage & Archiving Units,266.3,1,0.0,266.3,177.97,88.33,Delivered,5
ORD-20838,2025-11-07,CUST-1383,Small Business,North America,Canada,Office Furniture,Ergonomic Executive Chairs,793.14,8,0.0,6345.12,3223.87,3121.25,Delivered,4
ORD-20839,2026-03-16,CUST-1338,Small Business,North America,Canada,Office Furniture,Acoustic Office Pods,4902.64,2,0.0,9805.28,5730.88,4074.4,Delivered,4
ORD-20840,2025-08-21,CUST-1385,Enterprise,Europe,United Kingdom,Electronics,Laptops & Workstations,1503.46,3,0.05,4284.86,3168.72,1116.14,Delivered,3
ORD-20841,2026-06-12,CUST-1295,Corporate,North America,Canada,Office Supplies,Breakroom Supplies,72.29,4,0.05,274.7,176.4,98.3,Delivered,4
ORD-20842,2025-01-07,CUST-1051,Enterprise,Latin America,Colombia,Electronics,Wireless Audio,297.15,15,0.1,4011.53,2682.1,1329.43,Delivered,3
ORD-20843,2026-06-12,CUST-1188,Corporate,Asia Pacific,South Korea,Software & Cloud,Cloud Analytics Suite,1976.46,1,0.15,1679.99,401.56,1278.43,Delivered,4
ORD-20844,2026-01-20,CUST-1152,Small Business,North America,Mexico,Software & Cloud,DevOps Productivity Tools,1314.16,1,0.05,1248.45,325.88,922.57,Delivered,4
ORD-20845,2026-03-06,CUST-1236,Consumer,North America,Canada,Office Supplies,Breakroom Supplies,70.44,2,0.05,133.84,87.03,46.81,Delivered,4
ORD-20846,2025-01-02,CUST-1010,Enterprise,North America,Canada,Software & Cloud,Enterprise CRM License,1640.75,4,0.2,5250.4,1507.05,3743.35,Delivered,5
ORD-20847,2026-03-14,CUST-1297,Corporate,North America,Canada,Electronics,Monitors & Displays,549.48,2,0.0,1098.96,683.96,415.0,Delivered,5
ORD-20848,2025-12-23,CUST-1122,Enterprise,Asia Pacific,Australia,Electronics,Laptops & Workstations,1233.67,2,0.0,2467.34,1769.89,697.45,Processing,3
ORD-20849,2026-05-11,CUST-1186,Enterprise,Europe,France,Software & Cloud,DevOps Productivity Tools,475.76,5,0.0,2378.8,378.37,2000.43,Delivered,4
ORD-20850,2026-06-03,CUST-1277,Consumer,North America,USA,Software & Cloud,Cybersecurity Suite,1758.32,2,0.1,3164.98,393.32,2771.66,Delivered,4
ORD-20851,2025-04-18,CUST-1285,Small Business,North America,Mexico,Office Furniture,Ergonomic Executive Chairs,392.02,2,0.2,627.23,315.12,312.11,Delivered,3
ORD-20852,2025-01-11,CUST-1262,Corporate,Europe,Germany,Office Supplies,Presentation Equipment,567.33,2,0.0,1134.66,753.5,381.16,Delivered,3
ORD-20853,2026-07-04,CUST-1178,Corporate,Europe,United Kingdom,Electronics,Laptops & Workstations,2283.81,2,0.1,4110.86,3014.64,1096.22,Delivered,4
ORD-20854,2025-07-09,CUST-1324,Corporate,Europe,United Kingdom,Office Furniture,Adjustable Standing Desks,1034.45,5,0.05,4913.64,2330.46,2583.18,Delivered,4
ORD-20855,2025-03-18,CUST-1176,Consumer,Europe,Spain,Office Supplies,Paper & Stationeries Pack,42.78,5,0.0,213.9,121.74,92.16,Delivered,5
ORD-20856,2025-01-27,CUST-1339,Corporate,Europe,France,Office Supplies,Storage & Archiving Units,111.66,1,0.1,100.49,53.52,46.97,Delivered,4
ORD-20857,2026-05-22,CUST-1020,Corporate,Asia Pacific,India,Software & Cloud,DevOps Productivity Tools,624.89,1,0.05,593.65,72.5,521.15,Delivered,1
ORD-20858,2026-05-02,CUST-1094,Small Business,North America,Canada,Office Supplies,Breakroom Supplies,91.77,1,0.0,91.77,46.82,44.95,Delivered,4
ORD-20859,2025-09-19,CUST-1357,Small Business,Europe,Netherlands,Software & Cloud,DevOps Productivity Tools,903.65,3,0.0,2710.95,720.1,1990.85,Delivered,4
ORD-20860,2026-07-24,CUST-1128,Small Business,North America,Mexico,Software & Cloud,AI Assistant Subscription,332.66,1,0.0,332.66,83.77,248.89,Delivered,3
ORD-20861,2026-02-24,CUST-1178,Small Business,Europe,Germany,Software & Cloud,Enterprise CRM License,2648.92,8,0.05,20131.79,3590.57,16541.22,Delivered,4
ORD-20862,2026-05-01,CUST-1189,Small Business,Asia Pacific,Japan,Software & Cloud,Cloud Analytics Suite,2513.82,5,0.15,10683.74,1937.24,8746.5,Delivered,3
ORD-20863,2025-05-30,CUST-1199,Small Business,Asia Pacific,Australia,Electronics,Wireless Audio,159.48,4,0.05,606.02,414.43,191.59,Shipped,3
ORD-20864,2025-02-01,CUST-1278,Enterprise,Latin America,Chile,Software & Cloud,DevOps Productivity Tools,420.64,1,0.1,378.58,53.51,325.07,Delivered,5
ORD-20865,2026-07-20,CUST-1319,Corporate,Europe,Germany,Electronics,Wireless Audio,106.32,3,0.0,318.96,227.55,91.41,Delivered,4
ORD-20866,2026-02-11,CUST-1315,Corporate,Europe,United Kingdom,Electronics,Wireless Audio,162.75,1,0.05,154.61,92.94,61.67,Delivered,1
ORD-20867,2025-05-04,CUST-1397,Corporate,Middle East & Africa,Saudi Arabia,Electronics,Laptops & Workstations,2195.26,4,0.0,8781.04,5309.26,3471.78,Delivered,4
ORD-20868,2025-06-27,CUST-1154,Enterprise,Europe,Netherlands,Office Furniture,Conference Tables,1647.35,3,0.0,4942.05,2912.88,2029.17,Delivered,5
ORD-20869,2025-03-29,CUST-1051,Corporate,Europe,Spain,Electronics,Smart Wearables,162.12,1,0.05,154.01,107.14,46.87,Delivered,4
ORD-20870,2025-02-06,CUST-1068,Consumer,North America,USA,Electronics,Smartphones & Tablets,798.97,1,0.05,759.02,525.53,233.49,Cancelled,1
ORD-20871,2025-11-16,CUST-1288,Enterprise,Asia Pacific,India,Office Furniture,Adjustable Standing Desks,569.94,2,0.05,1082.89,641.69,441.2,Delivered,4
ORD-20872,2025-03-05,CUST-1064,Corporate,Europe,Netherlands,Electronics,Smartphones & Tablets,976.69,3,0.15,2490.56,1663.42,827.14,Delivered,4
ORD-20873,2025-06-29,CUST-1095,Corporate,Latin America,Brazil,Office Furniture,Conference Tables,2053.95,5,0.0,10269.75,5512.35,4757.4,Delivered,5
ORD-20874,2025-03-03,CUST-1198,Corporate,Europe,Spain,Electronics,Smart Wearables,382.43,2,0.05,726.62,450.43,276.19,Delivered,3
ORD-20875,2025-02-23,CUST-1021,Enterprise,North America,Canada,Electronics,Smart Wearables,304.59,1,0.05,289.36,173.77,115.59,Shipped,5
ORD-20876,2026-07-08,CUST-1030,Corporate,Asia Pacific,Japan,Software & Cloud,AI Assistant Subscription,644.38,1,0.15,547.72,163.06,384.66,Delivered,3
ORD-20877,2025-06-14,CUST-1368,Small Business,Europe,United Kingdom,Software & Cloud,Cybersecurity Suite,1559.27,10,0.0,15592.7,4155.02,11437.68,Delivered,4
ORD-20878,2025-12-23,CUST-1311,Corporate,North America,Canada,Software & Cloud,DevOps Productivity Tools,697.26,2,0.0,1394.52,348.32,1046.2,Delivered,3
ORD-20879,2025-10-20,CUST-1071,Small Business,North America,Canada,Office Supplies,High-Volume Printers,832.74,2,0.05,1582.21,1004.25,577.96,Delivered,3
ORD-20880,2025-09-28,CUST-1042,Enterprise,Europe,Spain,Office Furniture,Ergonomic Executive Chairs,528.45,5,0.0,2642.25,1607.53,1034.72,Delivered,3
ORD-20881,2025-08-02,CUST-1247,Corporate,Europe,France,Office Supplies,Breakroom Supplies,67.3,2,0.0,134.6,75.92,58.68,Delivered,4
ORD-20882,2025-12-09,CUST-1357,Corporate,Europe,Germany,Office Supplies,Storage & Archiving Units,235.65,4,0.0,942.6,566.58,376.02,Delivered,3
ORD-20883,2026-06-10,CUST-1073,Enterprise,Asia Pacific,Singapore,Electronics,Wireless Audio,172.79,5,0.05,820.75,642.73,178.02,Delivered,3
ORD-20884,2025-08-07,CUST-1359,Enterprise,Middle East & Africa,UAE,Office Furniture,Adjustable Standing Desks,772.35,8,0.0,6178.8,3288.51,2890.29,Cancelled,2
ORD-20885,2025-02-18,CUST-1053,Consumer,Latin America,Chile,Software & Cloud,AI Assistant Subscription,460.01,2,0.05,874.02,230.28,643.74,Delivered,5
ORD-20886,2026-05-29,CUST-1395,Corporate,North America,Mexico,Office Supplies,Presentation Equipment,370.71,4,0.1,1334.56,915.13,419.43,Delivered,3
ORD-20887,2025-10-16,CUST-1054,Small Business,Middle East & Africa,Saudi Arabia,Electronics,Wireless Audio,122.07,10,0.0,1220.7,756.54,464.16,Delivered,3
ORD-20888,2025-12-05,CUST-1196,Corporate,Asia Pacific,South Korea,Office Furniture,Conference Tables,2744.65,3,0.0,8233.95,5119.25,3114.7,Delivered,3
ORD-20889,2025-07-02,CUST-1288,Corporate,Europe,United Kingdom,Electronics,Laptops & Workstations,2386.94,1,0.1,2148.25,1483.4,664.85,Delivered,4
ORD-20890,2026-04-30,CUST-1356,Enterprise,Asia Pacific,India,Electronics,Laptops & Workstations,1648.93,2,0.1,2968.07,2151.63,816.44,Delivered,5
ORD-20891,2025-04-27,CUST-1226,Corporate,North America,USA,Electronics,Smart Wearables,196.97,3,0.0,590.91,375.16,215.75,Delivered,4
ORD-20892,2025-12-26,CUST-1148,Corporate,Asia Pacific,South Korea,Office Supplies,Presentation Equipment,303.47,3,0.05,864.89,566.89,298.0,Shipped,3
ORD-20893,2026-02-03,CUST-1240,Consumer,Europe,Spain,Office Furniture,Conference Tables,1234.77,1,0.0,1234.77,755.42,479.35,Delivered,4
ORD-20894,2025-07-14,CUST-1364,Corporate,Europe,Spain,Electronics,Laptops & Workstations,2184.81,3,0.0,6554.43,5215.18,1339.25,Delivered,3
ORD-20895,2025-01-01,CUST-1040,Corporate,North America,Mexico,Office Furniture,Conference Tables,2548.4,1,0.05,2420.98,1446.1,974.88,Delivered,2
ORD-20896,2026-02-11,CUST-1345,Small Business,Europe,Spain,Software & Cloud,DevOps Productivity Tools,1321.32,3,0.0,3963.96,508.62,3455.34,Delivered,3
ORD-20897,2025-04-05,CUST-1166,Small Business,North America,Canada,Office Furniture,Adjustable Standing Desks,1237.86,2,0.05,2351.93,1414.79,937.14,Delivered,4
ORD-20898,2026-01-06,CUST-1231,Enterprise,Asia Pacific,Singapore,Software & Cloud,AI Assistant Subscription,952.83,1,0.0,952.83,257.83,695.0,Delivered,3
ORD-20899,2026-03-17,CUST-1138,Corporate,Europe,France,Electronics,Smart Wearables,387.41,1,0.15,329.3,231.32,97.98,Delivered,5
ORD-20900,2025-03-18,CUST-1341,Corporate,Europe,United Kingdom,Electronics,Wireless Audio,224.62,1,0.05,213.39,145.51,67.88,Delivered,3
ORD-20901,2025-11-27,CUST-1082,Corporate,Latin America,Brazil,Office Furniture,Acoustic Office Pods,3991.03,3,0.1,10775.78,6367.07,4408.71,Delivered,4
ORD-20902,2026-01-04,CUST-1162,Corporate,Latin America,Brazil,Electronics,Wireless Audio,272.18,8,0.05,2068.57,1257.38,811.19,Delivered,4
ORD-20903,2026-01-25,CUST-1368,Enterprise,North America,Mexico,Office Furniture,Ergonomic Executive Chairs,575.16,1,0.0,575.16,288.54,286.62,Delivered,3
ORD-20904,2025-03-02,CUST-1399,Small Business,Latin America,Chile,Office Furniture,LED Desk Lighting,85.32,2,0.0,170.64,79.51,91.13,Delivered,4
ORD-20905,2025-08-19,CUST-1269,Corporate,Asia Pacific,Japan,Office Furniture,Conference Tables,1421.51,1,0.0,1421.51,904.35,517.16,Delivered,4
ORD-20906,2025-12-01,CUST-1194,Enterprise,Asia Pacific,Singapore,Electronics,Smart Wearables,311.26,1,0.0,311.26,241.24,70.02,Delivered,5
ORD-20907,2025-06-16,CUST-1139,Enterprise,North America,Mexico,Electronics,Smart Wearables,379.87,2,0.0,759.74,469.16,290.58,Delivered,3
ORD-20908,2025-12-26,CUST-1272,Enterprise,North America,USA,Software & Cloud,AI Assistant Subscription,641.49,2,0.0,1282.98,325.61,957.37,Delivered,3
ORD-20909,2025-06-26,CUST-1270,Small Business,Asia Pacific,Australia,Office Supplies,Presentation Equipment,531.27,1,0.05,504.71,257.04,247.67,Delivered,5
ORD-20910,2026-07-02,CUST-1353,Small Business,North America,USA,Software & Cloud,AI Assistant Subscription,939.81,1,0.15,798.84,194.69,604.15,Shipped,4
ORD-20911,2026-02-23,CUST-1311,Enterprise,Europe,Spain,Software & Cloud,AI Assistant Subscription,247.52,4,0.0,990.08,230.68,759.4,Delivered,3
ORD-20912,2026-03-13,CUST-1370,Small Business,Europe,Germany,Electronics,Laptops & Workstations,1391.23,4,0.0,5564.92,3756.83,1808.09,Delivered,5
ORD-20913,2025-04-02,CUST-1256,Corporate,Europe,France,Electronics,Smartphones & Tablets,992.24,3,0.05,2827.88,2060.86,767.02,Delivered,3
ORD-20914,2025-08-12,CUST-1116,Corporate,Asia Pacific,Japan,Office Supplies,Breakroom Supplies,168.04,5,0.0,840.2,502.85,337.35,Delivered,1
ORD-20915,2026-03-21,CUST-1151,Corporate,North America,USA,Electronics,Smart Wearables,246.56,5,0.0,1232.8,801.81,430.99,Delivered,4
ORD-20916,2026-02-28,CUST-1350,Consumer,Europe,France,Electronics,Laptops & Workstations,1816.75,5,0.0,9083.75,7232.1,1851.65,Delivered,4
ORD-20917,2026-03-23,CUST-1268,Corporate,Europe,Netherlands,Office Furniture,Ergonomic Executive Chairs,392.87,10,0.15,3339.39,1601.48,1737.91,Delivered,5
ORD-20918,2026-01-15,CUST-1197,Enterprise,Europe,United Kingdom,Software & Cloud,Enterprise CRM License,950.34,1,0.0,950.34,120.43,829.91,Shipped,4
ORD-20919,2026-02-09,CUST-1041,Enterprise,North America,Mexico,Electronics,Smartphones & Tablets,1213.69,2,0.1,2184.64,1739.67,444.97,Delivered,5
ORD-20920,2026-02-24,CUST-1124,Corporate,North America,Canada,Office Furniture,Conference Tables,1414.51,2,0.1,2546.12,1258.51,1287.61,Delivered,4
ORD-20921,2025-06-14,CUST-1004,Corporate,Europe,Spain,Software & Cloud,Enterprise CRM License,521.98,3,0.0,1565.94,278.04,1287.9,Delivered,3
ORD-20922,2025-06-11,CUST-1307,Corporate,North America,USA,Office Supplies,Storage & Archiving Units,112.43,1,0.0,112.43,73.59,38.84,Delivered,3
ORD-20923,2025-03-21,CUST-1288,Enterprise,North America,Mexico,Office Supplies,Breakroom Supplies,42.06,3,0.1,113.56,61.66,51.9,Delivered,4
ORD-20924,2026-02-26,CUST-1101,Small Business,Europe,Netherlands,Electronics,Smartphones & Tablets,840.82,2,0.05,1597.56,1255.67,341.89,Delivered,5
ORD-20925,2025-04-12,CUST-1131,Enterprise,Europe,Spain,Electronics,Smart Wearables,406.33,2,0.05,772.03,608.54,163.49,Shipped,5
ORD-20926,2026-05-27,CUST-1358,Corporate,North America,Canada,Office Supplies,Storage & Archiving Units,221.1,1,0.0,221.1,153.8,67.3,Delivered,1
ORD-20927,2026-04-07,CUST-1237,Corporate,Asia Pacific,Singapore,Software & Cloud,AI Assistant Subscription,526.89,1,0.05,500.55,81.85,418.7,Delivered,2
ORD-20928,2025-04-20,CUST-1092,Corporate,Europe,United Kingdom,Office Supplies,Breakroom Supplies,158.46,4,0.0,633.84,380.63,253.21,Processing,4
ORD-20929,2025-02-04,CUST-1104,Consumer,North America,Canada,Electronics,Smartphones & Tablets,1387.01,5,0.05,6588.3,4302.17,2286.13,Shipped,4
ORD-20930,2026-05-02,CUST-1281,Small Business,Asia Pacific,Singapore,Office Supplies,Storage & Archiving Units,233.01,3,0.05,664.08,366.31,297.77,Delivered,5
ORD-20931,2025-03-07,CUST-1110,Enterprise,Middle East & Africa,UAE,Office Supplies,Breakroom Supplies,143.14,5,0.05,679.91,367.18,312.73,Delivered,4
ORD-20932,2025-10-06,CUST-1147,Corporate,North America,USA,Software & Cloud,Enterprise CRM License,1547.58,2,0.1,2785.64,687.17,2098.47,Delivered,2
ORD-20933,2025-12-22,CUST-1383,Corporate,North America,Mexico,Software & Cloud,AI Assistant Subscription,579.23,2,0.2,926.77,119.3,807.47,Delivered,4
ORD-20934,2025-04-29,CUST-1323,Enterprise,Latin America,Brazil,Office Supplies,Presentation Equipment,477.43,1,0.0,477.43,318.65,158.78,Delivered,4
ORD-20935,2026-03-19,CUST-1283,Corporate,Latin America,Brazil,Electronics,Smartphones & Tablets,966.98,2,0.05,1837.26,1412.02,425.24,Delivered,2
ORD-20936,2025-12-09,CUST-1361,Enterprise,North America,Canada,Office Furniture,Conference Tables,2641.35,1,0.0,2641.35,1262.38,1378.97,Shipped,4
ORD-20937,2025-10-01,CUST-1084,Small Business,North America,USA,Electronics,Monitors & Displays,574.44,3,0.0,1723.32,1186.92,536.4,Delivered,4
ORD-20938,2025-08-15,CUST-1028,Corporate,North America,USA,Electronics,Smart Wearables,321.72,2,0.05,611.27,440.63,170.64,Delivered,4
ORD-20939,2026-07-08,CUST-1127,Corporate,Europe,Germany,Software & Cloud,AI Assistant Subscription,616.99,4,0.0,2467.96,652.7,1815.26,Delivered,5
ORD-20940,2025-06-29,CUST-1040,Consumer,Latin America,Brazil,Office Supplies,High-Volume Printers,1076.25,3,0.15,2744.44,1783.17,961.27,Delivered,3
ORD-20941,2025-01-13,CUST-1023,Corporate,Europe,United Kingdom,Software & Cloud,Cloud Analytics Suite,1651.68,3,0.0,4955.04,1141.02,3814.02,Shipped,4
ORD-20942,2026-06-24,CUST-1079,Enterprise,Europe,United Kingdom,Electronics,Smart Wearables,240.87,4,0.0,963.48,687.92,275.56,Delivered,3
ORD-20943,2025-10-04,CUST-1224,Enterprise,North America,Mexico,Software & Cloud,Cybersecurity Suite,823.48,3,0.0,2470.44,451.0,2019.44,Delivered,4
ORD-20944,2026-07-02,CUST-1160,Corporate,North America,USA,Software & Cloud,AI Assistant Subscription,501.54,3,0.1,1354.16,402.68,951.48,Delivered,4
ORD-20945,2025-09-30,CUST-1056,Enterprise,North America,Mexico,Office Furniture,Adjustable Standing Desks,850.51,3,0.0,2551.53,1356.52,1195.01,Shipped,3
ORD-20946,2025-03-26,CUST-1178,Enterprise,North America,Canada,Electronics,Smart Wearables,177.89,5,0.0,889.45,601.51,287.94,Delivered,4
ORD-20947,2026-02-06,CUST-1104,Corporate,North America,Mexico,Office Supplies,High-Volume Printers,1004.44,3,0.0,3013.32,1744.47,1268.85,Delivered,4
ORD-20948,2025-10-01,CUST-1223,Corporate,North America,Mexico,Office Supplies,Breakroom Supplies,98.24,3,0.05,279.98,150.44,129.54,Delivered,2
ORD-20949,2025-06-19,CUST-1194,Small Business,Europe,Netherlands,Electronics,Laptops & Workstations,2420.4,1,0.0,2420.4,1691.92,728.48,Delivered,5
ORD-20950,2025-05-18,CUST-1164,Enterprise,North America,Canada,Office Supplies,Storage & Archiving Units,113.41,1,0.05,107.74,70.36,37.38,Delivered,3
ORD-20951,2026-01-12,CUST-1396,Corporate,Europe,United Kingdom,Electronics,Laptops & Workstations,1305.55,5,0.05,6201.36,4435.17,1766.19,Shipped,2
ORD-20952,2025-08-09,CUST-1385,Small Business,Europe,France,Office Furniture,Conference Tables,1580.96,2,0.0,3161.92,1585.34,1576.58,Delivered,4
ORD-20953,2025-07-23,CUST-1083,Enterprise,Latin America,Brazil,Software & Cloud,AI Assistant Subscription,957.47,3,0.0,2872.41,801.49,2070.92,Delivered,4
ORD-20954,2025-07-24,CUST-1066,Small Business,North America,Mexico,Electronics,Wireless Audio,235.57,3,0.0,706.71,519.88,186.83,Delivered,4
ORD-20955,2025-02-03,CUST-1398,Small Business,North America,Canada,Electronics,Smart Wearables,282.14,1,0.0,282.14,187.38,94.76,Delivered,3
ORD-20956,2025-06-12,CUST-1379,Corporate,Europe,Spain,Software & Cloud,Enterprise CRM License,2761.92,4,0.05,10495.3,1996.53,8498.77,Delivered,4
ORD-20957,2025-03-18,CUST-1315,Corporate,Asia Pacific,South Korea,Office Furniture,Ergonomic Executive Chairs,359.84,1,0.0,359.84,194.03,165.81,Delivered,5
ORD-20958,2025-09-05,CUST-1004,Corporate,Asia Pacific,Singapore,Office Furniture,Conference Tables,2184.23,2,0.0,4368.46,2757.26,1611.2,Delivered,4
ORD-20959,2025-05-19,CUST-1252,Corporate,Middle East & Africa,South Africa,Electronics,Laptops & Workstations,1848.33,4,0.0,7393.32,4600.27,2793.05,Delivered,4
ORD-20960,2026-05-06,CUST-1034,Corporate,North America,Canada,Electronics,Smartphones & Tablets,934.49,1,0.0,934.49,669.79,264.7,Processing,3
ORD-20961,2025-06-16,CUST-1240,Small Business,Asia Pacific,India,Office Furniture,Adjustable Standing Desks,1175.95,10,0.0,11759.5,6152.46,5607.04,Shipped,2
ORD-20962,2025-07-11,CUST-1252,Small Business,North America,Canada,Electronics,Smartphones & Tablets,1100.08,8,0.1,7920.58,6164.16,1756.42,Delivered,4
ORD-20963,2025-05-29,CUST-1381,Small Business,Europe,United Kingdom,Office Supplies,Breakroom Supplies,82.38,1,0.0,82.38,53.35,29.03,Delivered,5
ORD-20964,2025-09-12,CUST-1136,Small Business,Asia Pacific,Japan,Office Supplies,High-Volume Printers,896.64,2,0.0,1793.28,1222.38,570.9,Shipped,4
ORD-20965,2025-04-14,CUST-1212,Small Business,Europe,France,Electronics,Wireless Audio,189.73,1,0.0,189.73,116.31,73.42,Delivered,3
ORD-20966,2025-03-16,CUST-1352,Corporate,Europe,United Kingdom,Office Supplies,Breakroom Supplies,42.68,4,0.0,170.72,104.05,66.67,Delivered,4
ORD-20967,2025-08-05,CUST-1178,Enterprise,North America,Mexico,Office Furniture,LED Desk Lighting,81.44,4,0.0,325.76,181.32,144.44,Delivered,3
ORD-20968,2025-01-10,CUST-1052,Small Business,North America,Mexico,Electronics,Wireless Audio,199.34,1,0.0,199.34,125.58,73.76,Processing,3
ORD-20969,2026-01-20,CUST-1314,Small Business,North America,USA,Office Supplies,Breakroom Supplies,116.04,1,0.0,116.04,79.79,36.25,Delivered,3
ORD-20970,2025-09-21,CUST-1251,Small Business,Asia Pacific,India,Office Supplies,Presentation Equipment,430.6,1,0.0,430.6,255.03,175.57,Delivered,5
ORD-20971,2026-04-01,CUST-1265,Corporate,Middle East & Africa,Saudi Arabia,Office Furniture,Conference Tables,2479.98,2,0.0,4959.96,2843.95,2116.01,Delivered,5
ORD-20972,2025-06-11,CUST-1181,Small Business,Asia Pacific,South Korea,Office Supplies,Storage & Archiving Units,80.8,1,0.0,80.8,55.21,25.59,Delivered,4
ORD-20973,2025-04-28,CUST-1312,Corporate,Europe,Spain,Electronics,Monitors & Displays,654.26,1,0.0,654.26,402.16,252.1,Delivered,4
ORD-20974,2025-12-17,CUST-1126,Enterprise,Europe,France,Software & Cloud,AI Assistant Subscription,401.64,4,0.0,1606.56,423.69,1182.87,Delivered,4
ORD-20975,2026-05-04,CUST-1003,Corporate,North America,USA,Office Furniture,Adjustable Standing Desks,700.97,1,0.0,700.97,398.11,302.86,Delivered,3
ORD-20976,2026-02-11,CUST-1166,Enterprise,North America,Mexico,Office Furniture,LED Desk Lighting,84.28,3,0.0,252.84,121.83,131.01,Delivered,4
ORD-20977,2025-03-25,CUST-1245,Corporate,Europe,Netherlands,Electronics,Smartphones & Tablets,1059.48,1,0.0,1059.48,640.85,418.63,Delivered,4
ORD-20978,2025-02-11,CUST-1370,Small Business,North America,Canada,Office Supplies,Breakroom Supplies,46.66,4,0.0,186.64,95.39,91.25,Processing,4
ORD-20979,2026-05-06,CUST-1190,Small Business,North America,USA,Software & Cloud,Cloud Analytics Suite,4298.56,3,0.0,12895.68,3508.43,9387.25,Delivered,4
ORD-20980,2025-03-05,CUST-1120,Small Business,North America,Mexico,Office Furniture,Conference Tables,1995.09,2,0.0,3990.18,2451.54,1538.64,Delivered,4
ORD-20981,2025-08-21,CUST-1210,Enterprise,Asia Pacific,Japan,Electronics,Smartphones & Tablets,785.6,2,0.0,1571.2,1146.16,425.04,Delivered,4
ORD-20982,2025-05-27,CUST-1010,Enterprise,North America,Mexico,Electronics,Monitors & Displays,251.05,1,0.05,238.5,151.71,86.79,Delivered,5
ORD-20983,2026-07-22,CUST-1338,Enterprise,North America,Canada,Software & Cloud,Cloud Analytics Suite,1715.15,4,0.0,6860.6,830.48,6030.12,Delivered,2
ORD-20984,2025-01-26,CUST-1323,Consumer,North America,USA,Electronics,Wireless Audio,143.66,3,0.05,409.43,265.67,143.76,Delivered,4
ORD-20985,2025-04-14,CUST-1183,Enterprise,Latin America,Chile,Electronics,Smartphones & Tablets,928.42,2,0.15,1578.31,1053.8,524.51,Shipped,4
ORD-20986,2026-06-17,CUST-1105,Consumer,North America,Canada,Electronics,Smart Wearables,239.55,5,0.15,1018.09,755.08,263.01,Delivered,4
ORD-20987,2025-01-11,CUST-1293,Consumer,Europe,United Kingdom,Electronics,Monitors & Displays,796.5,1,0.05,756.67,581.87,174.8,Delivered,3
ORD-20988,2026-04-13,CUST-1016,Small Business,North America,Canada,Electronics,Smart Wearables,426.48,5,0.15,1812.54,1421.83,390.71,Delivered,5
ORD-20989,2026-07-06,CUST-1279,Enterprise,Europe,Germany,Office Supplies,Paper & Stationeries Pack,105.36,4,0.0,421.44,261.16,160.28,Delivered,4
ORD-20990,2026-03-25,CUST-1375,Small Business,North America,USA,Software & Cloud,DevOps Productivity Tools,1095.75,4,0.0,4383.0,805.79,3577.21,Shipped,4
ORD-20991,2026-07-01,CUST-1102,Small Business,North America,Canada,Electronics,Smart Wearables,359.95,15,0.0,5399.25,3522.65,1876.6,Shipped,3
ORD-20992,2026-02-01,CUST-1055,Small Business,Europe,Spain,Electronics,Smartphones & Tablets,997.43,4,0.0,3989.72,2859.17,1130.55,Delivered,4
ORD-20993,2025-03-14,CUST-1311,Corporate,Europe,United Kingdom,Office Supplies,Presentation Equipment,588.58,4,0.1,2118.89,1238.63,880.26,Delivered,3
ORD-20994,2025-07-30,CUST-1233,Small Business,North America,USA,Electronics,Wireless Audio,156.49,1,0.05,148.67,92.4,56.27,Delivered,2
ORD-20995,2025-10-07,CUST-1096,Corporate,North America,Mexico,Electronics,Smart Wearables,169.57,3,0.0,508.71,316.99,191.72,Delivered,4
ORD-20996,2026-06-26,CUST-1356,Enterprise,Europe,Spain,Office Furniture,Conference Tables,2234.41,2,0.0,4468.82,2327.24,2141.58,Delivered,5
ORD-20997,2025-04-28,CUST-1006,Enterprise,Europe,Netherlands,Software & Cloud,DevOps Productivity Tools,719.38,3,0.05,2050.23,258.94,1791.29,Processing,2
ORD-20998,2025-08-02,CUST-1199,Enterprise,Asia Pacific,South Korea,Software & Cloud,Cybersecurity Suite,1901.18,4,0.15,6464.01,1283.24,5180.77,Delivered,3
ORD-20999,2025-07-04,CUST-1287,Corporate,Latin America,Colombia,Electronics,Smartphones & Tablets,1195.23,1,0.1,1075.71,710.57,365.14,Delivered,5
ORD-21000,2025-09-04,CUST-1220,Corporate,Asia Pacific,South Korea,Office Furniture,Ergonomic Executive Chairs,413.04,5,0.0,2065.2,962.51,1102.69,Delivered,3
ORD-21001,2026-03-07,CUST-1118,Small Business,Asia Pacific,India,Software & Cloud,Cloud Analytics Suite,2187.9,3,0.0,6563.7,1360.21,5203.49,Delivered,4
ORD-21002,2025-01-13,CUST-1206,Small Business,North America,Canada,Software & Cloud,DevOps Productivity Tools,1201.88,4,0.05,4567.14,954.19,3612.95,Delivered,5
ORD-21003,2025-07-07,CUST-1216,Corporate,Europe,Germany,Office Furniture,Acoustic Office Pods,1719.37,1,0.05,1633.4,998.13,635.27,Delivered,3
ORD-21004,2026-07-07,CUST-1024,Corporate,North America,USA,Electronics,Monitors & Displays,648.59,3,0.0,1945.77,1248.74,697.03,Delivered,4
ORD-21005,2025-12-18,CUST-1332,Corporate,Asia Pacific,Australia,Electronics,Smart Wearables,282.83,3,0.05,806.07,589.91,216.16,Delivered,4
ORD-21006,2026-04-28,CUST-1169,Corporate,Asia Pacific,Australia,Office Supplies,Breakroom Supplies,81.46,3,0.0,244.38,152.73,91.65,Delivered,4
ORD-21007,2026-01-28,CUST-1244,Enterprise,Europe,France,Software & Cloud,DevOps Productivity Tools,1371.53,4,0.15,4663.2,818.84,3844.36,Delivered,4
ORD-21008,2025-11-30,CUST-1373,Enterprise,Middle East & Africa,Saudi Arabia,Software & Cloud,Cybersecurity Suite,711.3,1,0.05,675.73,183.11,492.62,Delivered,4
ORD-21009,2025-08-02,CUST-1288,Small Business,Europe,Germany,Office Furniture,LED Desk Lighting,66.39,1,0.1,59.75,33.31,26.44,Delivered,5
ORD-21010,2026-06-22,CUST-1041,Corporate,Europe,Spain,Electronics,Smart Wearables,163.7,4,0.0,654.8,483.46,171.34,Delivered,3
ORD-21011,2026-01-23,CUST-1151,Corporate,North America,Mexico,Office Furniture,LED Desk Lighting,152.29,4,0.05,578.7,268.71,309.99,Delivered,4
ORD-21012,2025-04-01,CUST-1398,Corporate,North America,Canada,Electronics,Smartphones & Tablets,1246.48,2,0.0,2492.96,1565.97,926.99,Delivered,4
ORD-21013,2026-06-23,CUST-1067,Small Business,Europe,Netherlands,Office Furniture,Acoustic Office Pods,3956.89,2,0.0,7913.78,3807.34,4106.44,Delivered,2
ORD-21014,2025-03-27,CUST-1226,Corporate,North America,Mexico,Software & Cloud,Cybersecurity Suite,1518.05,1,0.0,1518.05,428.07,1089.98,Delivered,3
ORD-21015,2026-01-24,CUST-1398,Corporate,Latin America,Chile,Electronics,Monitors & Displays,418.26,1,0.1,376.43,259.04,117.39,Delivered,3
ORD-21016,2026-05-15,CUST-1205,Corporate,North America,Canada,Electronics,Smartphones & Tablets,1187.04,1,0.0,1187.04,725.46,461.58,Delivered,3
ORD-21017,2026-03-19,CUST-1331,Corporate,North America,Canada,Software & Cloud,DevOps Productivity Tools,704.24,1,0.0,704.24,93.63,610.61,Delivered,4
ORD-21018,2026-07-10,CUST-1321,Enterprise,Europe,Netherlands,Office Supplies,Storage & Archiving Units,103.53,2,0.0,207.06,127.14,79.92,Cancelled,1
ORD-21019,2025-02-08,CUST-1159,Small Business,Europe,France,Software & Cloud,Cybersecurity Suite,1689.0,1,0.0,1689.0,461.64,1227.36,Delivered,4
ORD-21020,2025-06-05,CUST-1101,Small Business,Asia Pacific,Australia,Software & Cloud,Cybersecurity Suite,1211.0,2,0.2,1937.6,251.04,1686.56,Delivered,4
ORD-21021,2025-06-06,CUST-1135,Corporate,North America,Mexico,Software & Cloud,Enterprise CRM License,1598.07,1,0.15,1358.36,210.51,1147.85,Delivered,2
ORD-21022,2025-01-15,CUST-1176,Small Business,Asia Pacific,Singapore,Office Supplies,High-Volume Printers,1184.71,3,0.05,3376.42,2231.67,1144.75,Delivered,2
ORD-21023,2025-11-07,CUST-1122,Enterprise,North America,Mexico,Electronics,Smartphones & Tablets,1243.89,3,0.1,3358.5,2280.14,1078.36,Delivered,4
ORD-21024,2026-03-04,CUST-1357,Corporate,North America,USA,Software & Cloud,Cybersecurity Suite,1909.42,10,0.05,18139.49,2498.32,15641.17,Delivered,3
ORD-21025,2026-06-10,CUST-1315,Small Business,North America,Canada,Office Supplies,Paper & Stationeries Pack,102.3,2,0.0,204.6,139.12,65.48,Delivered,4
ORD-21026,2026-05-08,CUST-1285,Small Business,Asia Pacific,Australia,Software & Cloud,DevOps Productivity Tools,1053.17,2,0.0,2106.34,376.4,1729.94,Delivered,4
ORD-21027,2025-01-24,CUST-1309,Corporate,Asia Pacific,South Korea,Software & Cloud,Enterprise CRM License,1025.83,1,0.05,974.54,213.99,760.55,Delivered,5
ORD-21028,2025-02-12,CUST-1025,Enterprise,North America,Mexico,Software & Cloud,Cloud Analytics Suite,3723.03,2,0.2,5956.85,773.23,5183.62,Delivered,5
ORD-21029,2026-07-14,CUST-1250,Enterprise,Latin America,Brazil,Office Furniture,Acoustic Office Pods,3494.68,2,0.05,6639.89,3148.77,3491.12,Delivered,4
ORD-21030,2025-08-05,CUST-1105,Enterprise,Europe,Spain,Software & Cloud,Cybersecurity Suite,1248.82,1,0.0,1248.82,187.37,1061.45,Delivered,3
ORD-21031,2025-02-18,CUST-1172,Small Business,Latin America,Chile,Electronics,Laptops & Workstations,1400.73,1,0.0,1400.73,1067.6,333.13,Processing,4
ORD-21032,2025-09-30,CUST-1127,Enterprise,North America,USA,Electronics,Laptops & Workstations,1440.7,2,0.1,2593.26,1622.02,971.24,Delivered,4
ORD-21033,2025-06-22,CUST-1089,Small Business,North America,USA,Office Furniture,Acoustic Office Pods,3685.95,1,0.0,3685.95,2264.74,1421.21,Delivered,4
ORD-21034,2026-04-04,CUST-1171,Small Business,Europe,Spain,Electronics,Smartphones & Tablets,1067.11,10,0.05,10137.54,6185.84,3951.7,Delivered,4
ORD-21035,2025-01-24,CUST-1121,Small Business,Middle East & Africa,UAE,Office Supplies,High-Volume Printers,504.66,4,0.1,1816.78,1100.52,716.26,Delivered,3
ORD-21036,2025-11-03,CUST-1117,Enterprise,Asia Pacific,Singapore,Office Supplies,High-Volume Printers,651.22,2,0.1,1172.2,638.06,534.14,Delivered,3
ORD-21037,2025-12-17,CUST-1103,Consumer,Asia Pacific,Singapore,Software & Cloud,Enterprise CRM License,2169.24,3,0.1,5856.95,1609.96,4246.99,Delivered,4
ORD-21038,2025-04-30,CUST-1009,Enterprise,North America,USA,Office Furniture,Acoustic Office Pods,4083.66,4,0.05,15517.91,8422.35,7095.56,Delivered,4
ORD-21039,2026-02-01,CUST-1042,Corporate,North America,Mexico,Office Furniture,Acoustic Office Pods,2730.12,3,0.0,8190.36,4365.57,3824.79,Shipped,4
ORD-21040,2025-11-12,CUST-1385,Corporate,Asia Pacific,Japan,Software & Cloud,AI Assistant Subscription,701.59,2,0.05,1333.02,289.68,1043.34,Delivered,3
ORD-21041,2025-11-24,CUST-1263,Enterprise,North America,Canada,Software & Cloud,AI Assistant Subscription,481.92,4,0.0,1927.68,459.46,1468.22,Delivered,4
ORD-21042,2026-01-13,CUST-1387,Corporate,North America,USA,Office Supplies,High-Volume Printers,593.72,5,0.05,2820.17,1973.3,846.87,Delivered,4
ORD-21043,2025-01-31,CUST-1168,Corporate,Asia Pacific,Singapore,Software & Cloud,AI Assistant Subscription,615.01,2,0.0,1230.02,315.04,914.98,Delivered,5
ORD-21044,2025-02-08,CUST-1010,Corporate,Asia Pacific,South Korea,Office Furniture,Conference Tables,1939.04,10,0.0,19390.4,8780.35,10610.05,Delivered,3
ORD-21045,2025-02-07,CUST-1191,Corporate,North America,Canada,Software & Cloud,Enterprise CRM License,1072.34,1,0.0,1072.34,253.36,818.98,Shipped,3
ORD-21046,2026-01-19,CUST-1282,Corporate,Europe,Spain,Software & Cloud,Enterprise CRM License,1980.36,3,0.05,5644.03,1546.55,4097.48,Delivered,4
ORD-21047,2025-05-18,CUST-1219,Consumer,Middle East & Africa,South Africa,Office Furniture,Adjustable Standing Desks,517.8,1,0.0,517.8,274.0,243.8,Delivered,3
ORD-21048,2026-05-29,CUST-1181,Small Business,North America,Canada,Electronics,Laptops & Workstations,1648.0,1,0.05,1565.6,1079.84,485.76,Delivered,2
ORD-21049,2026-07-06,CUST-1212,Corporate,North America,USA,Electronics,Wireless Audio,191.17,3,0.15,487.48,339.51,147.97,Delivered,4
ORD-21050,2026-06-24,CUST-1011,Corporate,Europe,United Kingdom,Electronics,Monitors & Displays,687.58,2,0.0,1375.16,976.12,399.04,Delivered,5
ORD-21051,2026-05-31,CUST-1020,Corporate,North America,USA,Electronics,Wireless Audio,137.78,8,0.0,1102.24,715.2,387.04,Processing,3
ORD-21052,2026-06-26,CUST-1088,Corporate,Middle East & Africa,UAE,Software & Cloud,AI Assistant Subscription,873.1,1,0.05,829.44,182.28,647.16,Delivered,4
ORD-21053,2025-01-14,CUST-1302,Small Business,North America,Mexico,Electronics,Smart Wearables,210.81,4,0.0,843.24,508.36,334.88,Delivered,4
ORD-21054,2026-04-30,CUST-1076,Small Business,North America,Canada,Office Supplies,Paper & Stationeries Pack,82.55,5,0.0,412.75,240.22,172.53,Cancelled,2
ORD-21055,2026-07-01,CUST-1215,Small Business,Asia Pacific,India,Software & Cloud,Enterprise CRM License,826.52,1,0.0,826.52,151.99,674.53,Processing,3
ORD-21056,2025-10-31,CUST-1154,Consumer,North America,Canada,Software & Cloud,DevOps Productivity Tools,1101.09,1,0.15,935.93,204.65,731.28,Delivered,5
ORD-21057,2026-05-03,CUST-1320,Small Business,North America,USA,Software & Cloud,AI Assistant Subscription,350.87,3,0.0,1052.61,253.97,798.64,Delivered,4
ORD-21058,2025-12-09,CUST-1043,Enterprise,North America,USA,Software & Cloud,DevOps Productivity Tools,347.23,4,0.1,1250.03,224.26,1025.77,Delivered,3
ORD-21059,2026-06-20,CUST-1051,Consumer,Europe,United Kingdom,Electronics,Wireless Audio,190.26,2,0.1,342.47,254.6,87.87,Processing,5
ORD-21060,2025-10-27,CUST-1087,Corporate,Asia Pacific,Japan,Software & Cloud,Enterprise CRM License,1449.26,1,0.0,1449.26,395.48,1053.78,Delivered,5
ORD-21061,2026-04-22,CUST-1236,Enterprise,Europe,Netherlands,Electronics,Smartphones & Tablets,769.18,1,0.1,692.26,430.68,261.58,Delivered,4
ORD-21062,2026-01-14,CUST-1082,Enterprise,Asia Pacific,India,Office Supplies,Presentation Equipment,275.68,1,0.0,275.68,154.38,121.3,Delivered,3
ORD-21063,2026-06-29,CUST-1314,Corporate,Asia Pacific,India,Office Furniture,Conference Tables,2692.18,3,0.1,7268.89,3736.27,3532.62,Shipped,3
ORD-21064,2026-03-04,CUST-1074,Small Business,Asia Pacific,Australia,Electronics,Monitors & Displays,588.65,5,0.0,2943.25,1928.24,1015.01,Delivered,4
ORD-21065,2025-07-28,CUST-1311,Small Business,Latin America,Chile,Electronics,Smartphones & Tablets,1053.16,5,0.15,4475.93,2735.56,1740.37,Delivered,3
ORD-21066,2026-01-11,CUST-1106,Small Business,Europe,United Kingdom,Electronics,Monitors & Displays,591.44,2,0.0,1182.88,833.58,349.3,Delivered,4
ORD-21067,2025-06-09,CUST-1335,Corporate,Middle East & Africa,UAE,Office Supplies,Paper & Stationeries Pack,72.44,1,0.0,72.44,45.33,27.11,Delivered,3
ORD-21068,2025-10-19,CUST-1079,Small Business,Asia Pacific,Singapore,Office Furniture,Adjustable Standing Desks,864.79,2,0.0,1729.58,1111.95,617.63,Delivered,3
ORD-21069,2025-09-09,CUST-1028,Corporate,Asia Pacific,Japan,Software & Cloud,AI Assistant Subscription,807.97,4,0.0,3231.88,642.06,2589.82,Delivered,5
ORD-21070,2025-12-27,CUST-1219,Small Business,North America,Mexico,Software & Cloud,DevOps Productivity Tools,407.18,5,0.0,2035.9,610.24,1425.66,Delivered,4
ORD-21071,2026-02-18,CUST-1204,Corporate,Europe,France,Software & Cloud,DevOps Productivity Tools,1307.36,1,0.0,1307.36,287.51,1019.85,Delivered,3
ORD-21072,2026-03-12,CUST-1006,Enterprise,Asia Pacific,Singapore,Office Furniture,Ergonomic Executive Chairs,448.12,1,0.0,448.12,276.55,171.57,Delivered,4
ORD-21073,2026-01-03,CUST-1335,Corporate,North America,Mexico,Electronics,Monitors & Displays,351.99,8,0.05,2675.12,2027.43,647.69,Delivered,3
ORD-21074,2026-05-12,CUST-1058,Enterprise,North America,USA,Software & Cloud,DevOps Productivity Tools,1475.63,1,0.1,1328.07,264.98,1063.09,Delivered,4
ORD-21075,2025-08-04,CUST-1061,Enterprise,North America,Mexico,Software & Cloud,DevOps Productivity Tools,839.33,1,0.1,755.4,188.6,566.8,Delivered,4
ORD-21076,2026-04-12,CUST-1191,Enterprise,North America,Canada,Office Supplies,Storage & Archiving Units,100.81,1,0.2,80.65,44.47,36.18,Delivered,4
ORD-21077,2026-04-14,CUST-1143,Enterprise,North America,USA,Office Furniture,Adjustable Standing Desks,1157.87,4,0.05,4399.91,2442.17,1957.74,Delivered,5
ORD-21078,2025-10-26,CUST-1391,Enterprise,Asia Pacific,India,Software & Cloud,DevOps Productivity Tools,832.82,2,0.05,1582.36,194.99,1387.37,Delivered,5
ORD-21079,2026-04-14,CUST-1037,Small Business,Asia Pacific,Australia,Electronics,Smart Wearables,300.25,5,0.15,1276.06,979.12,296.94,Delivered,5
ORD-21080,2026-02-14,CUST-1165,Enterprise,North America,Mexico,Software & Cloud,AI Assistant Subscription,496.2,1,0.1,446.58,85.48,361.1,Shipped,4
ORD-21081,2025-02-19,CUST-1297,Enterprise,Asia Pacific,Japan,Software & Cloud,Cloud Analytics Suite,1560.2,2,0.05,2964.38,507.55,2456.83,Delivered,4
ORD-21082,2025-01-30,CUST-1366,Enterprise,North America,USA,Electronics,Smartphones & Tablets,1358.23,1,0.1,1222.41,936.58,285.83,Processing,5
ORD-21083,2025-10-25,CUST-1363,Corporate,North America,Canada,Electronics,Smart Wearables,362.0,1,0.0,362.0,243.49,118.51,Cancelled,1
ORD-21084,2025-11-23,CUST-1221,Consumer,Asia Pacific,South Korea,Office Furniture,Conference Tables,2174.43,5,0.0,10872.15,6475.47,4396.68,Delivered,4
ORD-21085,2025-09-01,CUST-1210,Corporate,Latin America,Chile,Software & Cloud,AI Assistant Subscription,203.43,4,0.0,813.72,131.98,681.74,Delivered,4
ORD-21086,2026-02-05,CUST-1035,Small Business,North America,Canada,Software & Cloud,Enterprise CRM License,1479.32,5,0.1,6656.94,1752.75,4904.19,Processing,5
ORD-21087,2025-02-13,CUST-1185,Corporate,Asia Pacific,Japan,Office Furniture,Adjustable Standing Desks,1289.86,4,0.0,5159.44,3116.78,2042.66,Delivered,3
ORD-21088,2026-03-14,CUST-1015,Consumer,Latin America,Chile,Office Furniture,Conference Tables,2660.98,1,0.05,2527.93,1451.99,1075.94,Delivered,4
ORD-21089,2026-04-08,CUST-1272,Enterprise,North America,Mexico,Electronics,Smart Wearables,154.99,5,0.05,736.2,582.31,153.89,Processing,5
ORD-21090,2026-06-05,CUST-1353,Consumer,Asia Pacific,Singapore,Office Supplies,Storage & Archiving Units,94.64,4,0.0,378.56,233.28,145.28,Processing,4
ORD-21091,2026-01-02,CUST-1129,Enterprise,Asia Pacific,Singapore,Software & Cloud,Cybersecurity Suite,1263.57,1,0.1,1137.21,261.01,876.2,Delivered,4
ORD-21092,2026-06-06,CUST-1022,Enterprise,Asia Pacific,South Korea,Electronics,Wireless Audio,208.35,10,0.0,2083.5,1313.46,770.04,Delivered,4
ORD-21093,2026-04-27,CUST-1156,Small Business,Asia Pacific,Japan,Electronics,Smart Wearables,252.47,1,0.1,227.22,137.94,89.28,Delivered,4
ORD-21094,2026-01-29,CUST-1017,Small Business,Middle East & Africa,UAE,Office Furniture,Ergonomic Executive Chairs,503.2,1,0.0,503.2,275.78,227.42,Delivered,4
ORD-21095,2025-01-28,CUST-1007,Enterprise,Asia Pacific,Australia,Software & Cloud,Enterprise CRM License,2780.94,5,0.0,13904.7,3346.73,10557.97,Delivered,4
ORD-21096,2025-12-17,CUST-1210,Corporate,North America,Mexico,Software & Cloud,AI Assistant Subscription,207.3,4,0.0,829.2,168.36,660.84,Delivered,1
ORD-21097,2026-02-27,CUST-1166,Small Business,Europe,United Kingdom,Office Furniture,Acoustic Office Pods,3981.33,1,0.05,3782.26,1896.49,1885.77,Delivered,1
ORD-21098,2025-04-17,CUST-1129,Small Business,Asia Pacific,Singapore,Software & Cloud,AI Assistant Subscription,896.97,3,0.05,2556.36,437.65,2118.71,Delivered,3
ORD-21099,2026-07-15,CUST-1134,Enterprise,Europe,Netherlands,Office Supplies,Paper & Stationeries Pack,52.39,1,0.05,49.77,27.36,22.41,Delivered,5
ORD-21100,2025-05-28,CUST-1137,Corporate,North America,Canada,Electronics,Wireless Audio,275.67,1,0.0,275.67,199.34,76.33,Delivered,5
ORD-21101,2026-06-08,CUST-1186,Small Business,Europe,United Kingdom,Software & Cloud,Cloud Analytics Suite,3247.77,1,0.0,3247.77,784.31,2463.46,Cancelled,2
ORD-21102,2025-06-12,CUST-1334,Enterprise,Asia Pacific,Singapore,Software & Cloud,Enterprise CRM License,2627.98,1,0.05,2496.58,731.87,1764.71,Delivered,4
ORD-21103,2025-04-23,CUST-1251,Corporate,Europe,Germany,Office Furniture,Acoustic Office Pods,1892.55,5,0.15,8043.34,4464.82,3578.52,Delivered,5
ORD-21104,2025-06-04,CUST-1150,Enterprise,North America,Mexico,Software & Cloud,DevOps Productivity Tools,958.86,1,0.0,958.86,194.69,764.17,Delivered,4
ORD-21105,2025-04-08,CUST-1265,Small Business,Asia Pacific,Japan,Software & Cloud,DevOps Productivity Tools,1441.78,5,0.0,7208.9,1956.9,5252.0,Delivered,5
ORD-21106,2026-05-27,CUST-1079,Enterprise,Asia Pacific,South Korea,Software & Cloud,Cloud Analytics Suite,3750.29,4,0.0,15001.16,2660.01,12341.15,Delivered,3
ORD-21107,2025-07-26,CUST-1387,Corporate,North America,Canada,Software & Cloud,Cybersecurity Suite,1948.0,1,0.0,1948.0,541.83,1406.17,Delivered,4
ORD-21108,2026-06-14,CUST-1215,Small Business,Europe,Netherlands,Electronics,Wireless Audio,331.22,1,0.0,331.22,252.35,78.87,Delivered,4
ORD-21109,2026-04-29,CUST-1292,Corporate,Middle East & Africa,UAE,Office Supplies,Presentation Equipment,508.98,1,0.05,483.53,286.39,197.14,Delivered,4
ORD-21110,2025-10-01,CUST-1244,Enterprise,Latin America,Colombia,Electronics,Smart Wearables,220.63,2,0.1,397.13,285.24,111.89,Delivered,3
ORD-21111,2025-08-01,CUST-1226,Consumer,Asia Pacific,India,Office Supplies,Storage & Archiving Units,217.83,4,0.05,827.75,507.8,319.95,Delivered,5
ORD-21112,2026-05-07,CUST-1206,Small Business,North America,Canada,Office Supplies,Paper & Stationeries Pack,95.01,4,0.05,361.04,224.89,136.15,Shipped,3
ORD-21113,2025-08-23,CUST-1167,Consumer,Asia Pacific,Japan,Electronics,Wireless Audio,212.09,1,0.0,212.09,151.65,60.44,Delivered,3
ORD-21114,2026-06-10,CUST-1102,Small Business,North America,Canada,Software & Cloud,Enterprise CRM License,691.59,2,0.1,1244.86,219.8,1025.06,Delivered,5
ORD-21115,2025-08-21,CUST-1259,Corporate,Europe,Germany,Software & Cloud,AI Assistant Subscription,266.74,2,0.0,533.48,127.41,406.07,Delivered,3
ORD-21116,2025-09-15,CUST-1248,Enterprise,Europe,Netherlands,Electronics,Smartphones & Tablets,1328.99,1,0.0,1328.99,889.0,439.99,Delivered,5
ORD-21117,2025-12-23,CUST-1264,Corporate,Latin America,Chile,Office Supplies,Paper & Stationeries Pack,32.99,8,0.05,250.72,150.31,100.41,Delivered,5
ORD-21118,2025-09-03,CUST-1087,Small Business,Asia Pacific,India,Office Supplies,Presentation Equipment,538.27,2,0.0,1076.54,636.95,439.59,Delivered,1
ORD-21119,2026-05-16,CUST-1320,Corporate,North America,Mexico,Office Furniture,Acoustic Office Pods,4538.4,3,0.0,13615.2,6979.46,6635.74,Shipped,4
ORD-21120,2026-06-15,CUST-1048,Enterprise,Asia Pacific,India,Office Furniture,LED Desk Lighting,120.12,3,0.0,360.36,170.03,190.33,Delivered,5
ORD-21121,2025-06-30,CUST-1115,Small Business,North America,Canada,Software & Cloud,DevOps Productivity Tools,486.94,1,0.0,486.94,70.25,416.69,Delivered,4
ORD-21122,2025-10-06,CUST-1013,Enterprise,Europe,Germany,Electronics,Monitors & Displays,664.9,2,0.0,1329.8,1049.2,280.6,Delivered,3
ORD-21123,2026-05-29,CUST-1370,Small Business,Europe,Netherlands,Software & Cloud,Cloud Analytics Suite,1948.6,1,0.0,1948.6,349.96,1598.64,Delivered,4
ORD-21124,2026-06-27,CUST-1263,Corporate,Europe,Germany,Electronics,Smartphones & Tablets,1094.22,1,0.0,1094.22,686.82,407.4,Delivered,3
ORD-21125,2026-04-10,CUST-1393,Corporate,North America,Canada,Office Furniture,Conference Tables,1930.83,5,0.0,9654.15,5734.96,3919.19,Delivered,4
ORD-21126,2025-09-16,CUST-1212,Corporate,Europe,Spain,Office Furniture,Acoustic Office Pods,4896.91,1,0.0,4896.91,2495.57,2401.34,Delivered,4
ORD-21127,2025-08-11,CUST-1347,Small Business,Europe,Spain,Office Supplies,Paper & Stationeries Pack,61.42,1,0.05,58.35,36.44,21.91,Cancelled,1
ORD-21128,2025-04-29,CUST-1247,Corporate,Middle East & Africa,South Africa,Office Supplies,Breakroom Supplies,83.9,4,0.0,335.6,234.86,100.74,Delivered,3
ORD-21129,2025-03-25,CUST-1172,Corporate,Asia Pacific,Singapore,Electronics,Smartphones & Tablets,993.67,1,0.05,943.99,720.8,223.19,Delivered,4
ORD-21130,2025-09-02,CUST-1339,Corporate,Latin America,Chile,Electronics,Laptops & Workstations,2267.52,1,0.0,2267.52,1599.61,667.91,Delivered,5
ORD-21131,2025-03-07,CUST-1075,Corporate,Europe,Germany,Electronics,Smart Wearables,346.85,2,0.05,659.01,495.65,163.36,Shipped,5
ORD-21132,2026-01-06,CUST-1257,Small Business,Europe,United Kingdom,Software & Cloud,Enterprise CRM License,1924.32,3,0.05,5484.31,869.78,4614.53,Shipped,3
ORD-21133,2026-04-26,CUST-1301,Corporate,North America,USA,Office Furniture,Acoustic Office Pods,3278.28,1,0.0,3278.28,2011.45,1266.83,Delivered,4
ORD-21134,2025-09-02,CUST-1177,Enterprise,North America,Canada,Office Supplies,Breakroom Supplies,170.24,2,0.1,306.43,204.28,102.15,Delivered,4
ORD-21135,2026-04-07,CUST-1040,Small Business,North America,USA,Software & Cloud,AI Assistant Subscription,200.19,3,0.05,570.54,149.61,420.93,Delivered,4
ORD-21136,2025-09-30,CUST-1055,Small Business,Europe,France,Office Supplies,Storage & Archiving Units,257.1,2,0.1,462.78,307.57,155.21,Delivered,4
ORD-21137,2025-09-17,CUST-1342,Corporate,North America,USA,Electronics,Smart Wearables,397.01,10,0.05,3771.59,2461.08,1310.51,Delivered,4
ORD-21138,2026-03-01,CUST-1338,Enterprise,Asia Pacific,India,Electronics,Smartphones & Tablets,680.63,4,0.05,2586.39,2054.21,532.18,Shipped,4
ORD-21139,2025-11-27,CUST-1061,Consumer,Europe,Spain,Electronics,Monitors & Displays,578.38,8,0.05,4395.69,3204.44,1191.25,Delivered,4
ORD-21140,2026-02-14,CUST-1172,Small Business,Europe,United Kingdom,Electronics,Monitors & Displays,781.92,1,0.0,781.92,541.68,240.24,Delivered,4
ORD-21141,2025-06-10,CUST-1285,Corporate,Asia Pacific,South Korea,Software & Cloud,Cybersecurity Suite,466.42,5,0.1,2098.89,534.65,1564.24,Delivered,4
ORD-21142,2025-12-18,CUST-1152,Consumer,Asia Pacific,Singapore,Electronics,Monitors & Displays,772.16,3,0.05,2200.66,1427.11,773.55,Delivered,3
ORD-21143,2025-05-26,CUST-1220,Small Business,North America,Mexico,Electronics,Wireless Audio,209.24,2,0.15,355.71,222.18,133.53,Delivered,3
ORD-21144,2025-12-08,CUST-1254,Corporate,North America,Mexico,Electronics,Smartphones & Tablets,1259.08,4,0.1,4532.69,2946.61,1586.08,Delivered,5
ORD-21145,2026-05-24,CUST-1362,Corporate,Europe,Germany,Electronics,Laptops & Workstations,1497.21,5,0.05,7111.75,4892.35,2219.4,Delivered,2
ORD-21146,2026-05-10,CUST-1143,Consumer,Latin America,Brazil,Electronics,Laptops & Workstations,2070.21,8,0.0,16561.68,10402.09,6159.59,Delivered,3
ORD-21147,2026-05-24,CUST-1063,Corporate,North America,USA,Software & Cloud,Cloud Analytics Suite,1594.86,5,0.05,7575.58,1885.74,5689.84,Shipped,4
ORD-21148,2025-11-25,CUST-1077,Corporate,Europe,Spain,Office Supplies,High-Volume Printers,908.91,1,0.0,908.91,584.21,324.7,Delivered,4
ORD-21149,2026-01-09,CUST-1304,Small Business,North America,USA,Office Supplies,Presentation Equipment,379.5,1,0.0,379.5,263.67,115.83,Delivered,4
ORD-21150,2025-01-14,CUST-1199,Enterprise,Middle East & Africa,South Africa,Electronics,Smart Wearables,349.49,1,0.0,349.49,222.71,126.78,Delivered,4
ORD-21151,2026-03-08,CUST-1070,Small Business,North America,Mexico,Electronics,Smart Wearables,209.01,1,0.05,198.56,139.26,59.3,Cancelled,1
ORD-21152,2026-04-23,CUST-1294,Corporate,Europe,Spain,Software & Cloud,AI Assistant Subscription,259.0,2,0.0,518.0,70.08,447.92,Delivered,2
ORD-21153,2025-01-31,CUST-1258,Small Business,North America,Mexico,Electronics,Monitors & Displays,473.72,1,0.1,426.35,324.01,102.34,Delivered,3
ORD-21154,2025-07-20,CUST-1063,Enterprise,Europe,France,Electronics,Smartphones & Tablets,726.31,4,0.0,2905.24,2084.52,820.72,Shipped,4
ORD-21155,2025-04-15,CUST-1042,Enterprise,Asia Pacific,Australia,Software & Cloud,DevOps Productivity Tools,1491.08,2,0.0,2982.16,504.24,2477.92,Delivered,5
ORD-21156,2025-11-16,CUST-1324,Small Business,North America,Canada,Electronics,Smart Wearables,279.82,1,0.0,279.82,205.78,74.04,Delivered,3
ORD-21157,2026-03-18,CUST-1159,Small Business,North America,USA,Office Supplies,High-Volume Printers,1171.4,1,0.05,1112.83,556.55,556.28,Delivered,4
ORD-21158,2025-07-15,CUST-1392,Enterprise,North America,Mexico,Office Furniture,LED Desk Lighting,168.88,1,0.0,168.88,89.92,78.96,Delivered,3
ORD-21159,2025-01-25,CUST-1387,Corporate,Middle East & Africa,South Africa,Electronics,Smart Wearables,243.72,1,0.0,243.72,161.71,82.01,Delivered,4
ORD-21160,2025-09-24,CUST-1327,Consumer,Asia Pacific,Japan,Office Supplies,High-Volume Printers,769.6,8,0.2,4925.44,2962.06,1963.38,Delivered,5
ORD-21161,2025-06-28,CUST-1010,Small Business,North America,Mexico,Software & Cloud,Cybersecurity Suite,951.33,2,0.0,1902.66,399.91,1502.75,Delivered,3
ORD-21162,2025-10-30,CUST-1271,Small Business,Latin America,Chile,Software & Cloud,AI Assistant Subscription,968.45,8,0.15,6585.46,897.12,5688.34,Delivered,4
ORD-21163,2025-01-09,CUST-1083,Corporate,Middle East & Africa,Saudi Arabia,Office Supplies,Storage & Archiving Units,129.68,2,0.0,259.36,131.57,127.79,Delivered,1
ORD-21164,2025-01-20,CUST-1390,Enterprise,Latin America,Brazil,Software & Cloud,Cybersecurity Suite,2159.05,1,0.05,2051.1,277.14,1773.96,Shipped,1
ORD-21165,2025-05-22,CUST-1238,Enterprise,Asia Pacific,Japan,Software & Cloud,Enterprise CRM License,1415.12,1,0.0,1415.12,270.37,1144.75,Delivered,4
ORD-21166,2025-03-20,CUST-1202,Corporate,North America,Canada,Software & Cloud,Cloud Analytics Suite,3517.26,1,0.1,3165.53,566.36,2599.17,Delivered,3
ORD-21167,2025-04-20,CUST-1026,Corporate,Latin America,Chile,Electronics,Smartphones & Tablets,1120.87,3,0.0,3362.61,2350.35,1012.26,Shipped,5
ORD-21168,2025-09-06,CUST-1170,Consumer,Europe,France,Software & Cloud,Cloud Analytics Suite,2360.97,1,0.0,2360.97,304.49,2056.48,Delivered,3
ORD-21169,2025-04-13,CUST-1010,Corporate,North America,Canada,Software & Cloud,DevOps Productivity Tools,816.84,5,0.1,3675.78,479.88,3195.9,Delivered,4
ORD-21170,2026-06-16,CUST-1007,Small Business,Europe,Netherlands,Software & Cloud,Cloud Analytics Suite,2894.85,1,0.0,2894.85,390.0,2504.85,Delivered,4
ORD-21171,2025-03-31,CUST-1102,Small Business,North America,USA,Office Furniture,Ergonomic Executive Chairs,820.06,1,0.1,738.05,402.85,335.2,Delivered,4
ORD-21172,2025-05-26,CUST-1394,Small Business,Europe,France,Software & Cloud,Cloud Analytics Suite,3147.58,4,0.0,12590.32,3103.43,9486.89,Delivered,5
ORD-21173,2025-02-26,CUST-1358,Enterprise,Europe,Germany,Office Furniture,Ergonomic Executive Chairs,872.28,3,0.05,2486.0,1128.78,1357.22,Delivered,2
ORD-21174,2025-03-10,CUST-1270,Corporate,Asia Pacific,Japan,Electronics,Smart Wearables,433.43,3,0.05,1235.28,964.94,270.34,Delivered,5
ORD-21175,2026-05-19,CUST-1394,Small Business,North America,Canada,Software & Cloud,DevOps Productivity Tools,663.27,3,0.05,1890.32,503.12,1387.2,Delivered,5
ORD-21176,2025-07-27,CUST-1045,Enterprise,Asia Pacific,South Korea,Electronics,Smartphones & Tablets,1170.44,2,0.0,2340.88,1520.53,820.35,Delivered,3
ORD-21177,2026-03-20,CUST-1331,Enterprise,Europe,Spain,Software & Cloud,Enterprise CRM License,1236.76,1,0.0,1236.76,340.94,895.82,Delivered,4
ORD-21178,2025-03-28,CUST-1160,Enterprise,Europe,Germany,Electronics,Monitors & Displays,272.9,2,0.05,518.51,317.16,201.35,Delivered,4
ORD-21179,2026-05-30,CUST-1063,Corporate,Latin America,Chile,Office Furniture,Acoustic Office Pods,4730.83,1,0.0,4730.83,2824.68,1906.15,Delivered,5
ORD-21180,2025-01-05,CUST-1285,Enterprise,Europe,Spain,Software & Cloud,Enterprise CRM License,836.02,8,0.05,6353.75,1189.89,5163.86,Delivered,4
ORD-21181,2026-05-14,CUST-1122,Corporate,Asia Pacific,Australia,Electronics,Smart Wearables,365.99,2,0.0,731.98,576.6,155.38,Delivered,2
ORD-21182,2025-11-10,CUST-1392,Enterprise,North America,Mexico,Software & Cloud,AI Assistant Subscription,966.96,3,0.0,2900.88,579.9,2320.98,Delivered,4
ORD-21183,2025-07-28,CUST-1265,Corporate,Europe,France,Electronics,Wireless Audio,311.8,2,0.0,623.6,434.18,189.42,Delivered,3
ORD-21184,2025-05-01,CUST-1024,Consumer,North America,Canada,Electronics,Wireless Audio,321.19,2,0.05,610.26,418.66,191.6,Processing,4
ORD-21185,2026-06-17,CUST-1111,Small Business,Europe,United Kingdom,Office Furniture,Adjustable Standing Desks,971.96,3,0.05,2770.09,1300.37,1469.72,Delivered,3
ORD-21186,2025-06-07,CUST-1030,Corporate,Latin America,Chile,Office Supplies,Storage & Archiving Units,129.46,1,0.0,129.46,72.5,56.96,Delivered,4
ORD-21187,2025-11-19,CUST-1305,Enterprise,Europe,Spain,Office Furniture,Adjustable Standing Desks,1307.66,4,0.1,4707.58,2768.48,1939.1,Delivered,4
ORD-21188,2025-01-17,CUST-1206,Enterprise,North America,USA,Office Furniture,Acoustic Office Pods,3493.45,1,0.0,3493.45,1772.71,1720.74,Delivered,5
ORD-21189,2025-01-11,CUST-1240,Small Business,North America,Mexico,Office Furniture,Conference Tables,1350.11,8,0.0,10800.88,5599.04,5201.84,Delivered,4
ORD-21190,2025-03-24,CUST-1017,Small Business,Europe,United Kingdom,Software & Cloud,Cybersecurity Suite,1261.62,3,0.05,3595.62,1032.15,2563.47,Delivered,4
ORD-21191,2025-06-02,CUST-1164,Corporate,Europe,Spain,Electronics,Monitors & Displays,624.7,1,0.0,624.7,445.46,179.24,Delivered,4
ORD-21192,2025-06-04,CUST-1026,Corporate,Europe,Germany,Office Furniture,Adjustable Standing Desks,779.66,3,0.0,2338.98,1223.3,1115.68,Delivered,4
ORD-21193,2025-10-22,CUST-1364,Corporate,North America,Canada,Software & Cloud,Cloud Analytics Suite,1707.16,3,0.15,4353.26,1031.39,3321.87,Delivered,5
ORD-21194,2025-12-30,CUST-1364,Small Business,Europe,Germany,Electronics,Laptops & Workstations,1504.39,1,0.0,1504.39,1017.59,486.8,Delivered,4
ORD-21195,2025-06-01,CUST-1109,Small Business,North America,Mexico,Electronics,Monitors & Displays,551.06,1,0.05,523.51,352.32,171.19,Delivered,5
ORD-21196,2026-02-07,CUST-1153,Corporate,Asia Pacific,Japan,Electronics,Monitors & Displays,540.46,3,0.0,1621.38,1203.5,417.88,Delivered,4
ORD-21197,2025-09-07,CUST-1056,Enterprise,Latin America,Chile,Electronics,Monitors & Displays,420.04,1,0.0,420.04,264.72,155.32,Delivered,5
ORD-21198,2025-03-17,CUST-1013,Corporate,North America,Mexico,Office Supplies,Storage & Archiving Units,229.98,2,0.1,413.96,228.66,185.3,Delivered,4
ORD-21199,2025-12-05,CUST-1184,Corporate,North America,USA,Office Supplies,Breakroom Supplies,79.49,1,0.0,79.49,43.18,36.31,Delivered,2
ORD-21200,2025-09-19,CUST-1280,Corporate,Europe,United Kingdom,Office Furniture,Ergonomic Executive Chairs,647.68,3,0.15,1651.58,958.44,693.14,Delivered,2
ORD-21201,2025-09-08,CUST-1386,Enterprise,Europe,United Kingdom,Office Furniture,Adjustable Standing Desks,1305.72,2,0.05,2480.87,1265.88,1214.99,Delivered,4
ORD-21202,2026-05-17,CUST-1071,Small Business,Europe,Spain,Office Furniture,Adjustable Standing Desks,920.72,1,0.0,920.72,593.39,327.33,Delivered,2
ORD-21203,2025-12-21,CUST-1196,Small Business,North America,Canada,Electronics,Smart Wearables,203.81,1,0.0,203.81,150.23,53.58,Delivered,4
ORD-21204,2025-05-13,CUST-1178,Enterprise,Asia Pacific,Australia,Electronics,Laptops & Workstations,1420.8,5,0.1,6393.6,4333.3,2060.3,Delivered,5
ORD-21205,2026-01-02,CUST-1238,Enterprise,Europe,Germany,Office Furniture,Ergonomic Executive Chairs,394.73,1,0.0,394.73,237.36,157.37,Delivered,3
ORD-21206,2025-03-27,CUST-1030,Small Business,Asia Pacific,Japan,Office Supplies,High-Volume Printers,503.22,4,0.15,1710.95,1076.49,634.46,Delivered,3
ORD-21207,2026-03-18,CUST-1090,Corporate,Europe,Netherlands,Office Furniture,LED Desk Lighting,132.71,1,0.0,132.71,79.31,53.4,Delivered,3
ORD-21208,2025-06-14,CUST-1263,Consumer,North America,USA,Office Furniture,LED Desk Lighting,179.22,2,0.0,358.44,169.89,188.55,Delivered,3
ORD-21209,2026-06-05,CUST-1038,Corporate,North America,Mexico,Electronics,Smart Wearables,280.35,2,0.2,448.56,272.11,176.45,Shipped,3
ORD-21210,2025-05-21,CUST-1025,Corporate,North America,Canada,Electronics,Smart Wearables,362.5,4,0.0,1450.0,1061.41,388.59,Delivered,4
ORD-21211,2026-07-01,CUST-1375,Corporate,North America,Canada,Software & Cloud,Cloud Analytics Suite,1042.31,3,0.2,2501.54,719.85,1781.69,Delivered,5
ORD-21212,2025-08-20,CUST-1181,Small Business,Europe,Spain,Software & Cloud,Cloud Analytics Suite,2907.42,4,0.0,11629.68,2608.47,9021.21,Delivered,4
ORD-21213,2025-11-18,CUST-1145,Corporate,Europe,France,Office Furniture,Acoustic Office Pods,4199.45,1,0.1,3779.51,1784.47,1995.04,Delivered,3
ORD-21214,2025-11-24,CUST-1395,Corporate,Asia Pacific,India,Electronics,Smart Wearables,391.83,1,0.0,391.83,261.1,130.73,Delivered,4
ORD-21215,2025-12-25,CUST-1174,Corporate,North America,Canada,Office Supplies,High-Volume Printers,1137.82,2,0.1,2048.08,1382.8,665.28,Delivered,5
ORD-21216,2025-03-30,CUST-1288,Corporate,North America,USA,Software & Cloud,Cybersecurity Suite,1165.3,1,0.05,1107.03,247.3,859.73,Delivered,4
ORD-21217,2025-04-02,CUST-1015,Corporate,Asia Pacific,South Korea,Office Furniture,Adjustable Standing Desks,1054.74,3,0.1,2847.8,1662.05,1185.75,Delivered,4
ORD-21218,2026-01-25,CUST-1217,Corporate,North America,Canada,Office Furniture,Adjustable Standing Desks,863.84,3,0.0,2591.52,1293.73,1297.79,Delivered,5
ORD-21219,2026-06-01,CUST-1281,Small Business,Latin America,Chile,Electronics,Monitors & Displays,715.45,1,0.1,643.91,486.58,157.33,Delivered,3
ORD-21220,2025-04-07,CUST-1366,Consumer,North America,Canada,Software & Cloud,AI Assistant Subscription,931.03,2,0.0,1862.06,309.31,1552.75,Delivered,3
ORD-21221,2026-05-08,CUST-1291,Small Business,Europe,France,Office Furniture,Conference Tables,1474.33,2,0.1,2653.79,1534.7,1119.09,Delivered,5
ORD-21222,2026-06-18,CUST-1024,Corporate,Europe,Germany,Office Supplies,Breakroom Supplies,117.49,1,0.05,111.62,69.44,42.18,Processing,3
ORD-21223,2025-06-09,CUST-1162,Small Business,North America,Mexico,Electronics,Monitors & Displays,642.58,3,0.0,1927.74,1432.18,495.56,Delivered,3
ORD-21224,2025-02-24,CUST-1371,Corporate,Asia Pacific,India,Software & Cloud,Enterprise CRM License,1327.69,3,0.1,3584.76,1014.63,2570.13,Delivered,3
ORD-21225,2025-02-16,CUST-1067,Corporate,North America,Canada,Office Furniture,Acoustic Office Pods,1845.29,2,0.05,3506.05,1767.13,1738.92,Delivered,5
ORD-21226,2026-07-06,CUST-1362,Corporate,Europe,France,Office Furniture,Ergonomic Executive Chairs,545.67,1,0.2,436.54,263.76,172.78,Delivered,5
ORD-21227,2026-07-15,CUST-1327,Corporate,Asia Pacific,Singapore,Software & Cloud,DevOps Productivity Tools,1308.51,3,0.0,3925.53,1030.29,2895.24,Delivered,3
ORD-21228,2026-03-19,CUST-1042,Corporate,North America,Mexico,Software & Cloud,Cloud Analytics Suite,1320.07,2,0.0,2640.14,442.98,2197.16,Delivered,3
ORD-21229,2025-06-11,CUST-1112,Small Business,North America,Mexico,Office Furniture,LED Desk Lighting,141.73,8,0.05,1077.15,614.59,462.56,Delivered,4
ORD-21230,2025-07-21,CUST-1354,Corporate,North America,USA,Electronics,Smartphones & Tablets,876.84,2,0.0,1753.68,1163.69,589.99,Delivered,5
ORD-21231,2025-10-20,CUST-1096,Enterprise,North America,Mexico,Office Supplies,Presentation Equipment,553.08,10,0.05,5254.26,3333.94,1920.32,Delivered,4
ORD-21232,2025-11-18,CUST-1356,Small Business,North America,Canada,Office Furniture,Ergonomic Executive Chairs,899.19,2,0.0,1798.38,822.59,975.79,Delivered,5
ORD-21233,2025-04-29,CUST-1155,Small Business,North America,Canada,Electronics,Wireless Audio,159.27,1,0.0,159.27,101.84,57.43,Delivered,4
ORD-21234,2026-04-02,CUST-1347,Small Business,Middle East & Africa,South Africa,Office Furniture,Acoustic Office Pods,2317.96,1,0.0,2317.96,1174.91,1143.05,Shipped,5
ORD-21235,2026-04-16,CUST-1257,Consumer,Asia Pacific,Singapore,Electronics,Monitors & Displays,746.64,1,0.0,746.64,536.38,210.26,Delivered,4
ORD-21236,2025-06-15,CUST-1010,Corporate,North America,USA,Office Supplies,Breakroom Supplies,182.8,1,0.0,182.8,127.16,55.64,Shipped,5
ORD-21237,2026-04-14,CUST-1185,Enterprise,Europe,Germany,Office Furniture,Adjustable Standing Desks,743.46,2,0.1,1338.23,679.37,658.86,Cancelled,2
ORD-21238,2026-07-24,CUST-1144,Corporate,Asia Pacific,India,Electronics,Monitors & Displays,477.98,3,0.05,1362.24,1016.91,345.33,Delivered,3
ORD-21239,2026-05-31,CUST-1082,Enterprise,North America,Canada,Software & Cloud,Cloud Analytics Suite,1857.12,1,0.05,1764.26,382.86,1381.4,Delivered,4
ORD-21240,2026-03-02,CUST-1048,Enterprise,North America,Canada,Software & Cloud,Cybersecurity Suite,1332.92,1,0.05,1266.27,176.33,1089.94,Shipped,5
ORD-21241,2025-09-06,CUST-1266,Corporate,Latin America,Chile,Electronics,Smartphones & Tablets,933.28,1,0.05,886.62,532.57,354.05,Delivered,4
ORD-21242,2025-06-14,CUST-1164,Small Business,Middle East & Africa,South Africa,Electronics,Smartphones & Tablets,1335.95,2,0.1,2404.71,1771.12,633.59,Delivered,5
ORD-21243,2025-09-23,CUST-1006,Corporate,North America,USA,Electronics,Smartphones & Tablets,1099.36,1,0.05,1044.39,756.39,288.0,Shipped,4
ORD-21244,2025-02-05,CUST-1188,Corporate,Europe,Netherlands,Electronics,Smartphones & Tablets,1132.45,1,0.1,1019.21,749.62,269.59,Delivered,3
ORD-21245,2026-02-19,CUST-1026,Small Business,Asia Pacific,Singapore,Electronics,Smartphones & Tablets,1136.56,3,0.1,3068.71,2207.6,861.11,Delivered,4
ORD-21246,2025-11-11,CUST-1210,Enterprise,Europe,Spain,Electronics,Smartphones & Tablets,1070.7,2,0.05,2034.33,1453.25,581.08,Delivered,1
ORD-21247,2026-05-02,CUST-1107,Corporate,North America,USA,Electronics,Monitors & Displays,793.38,3,0.15,2023.12,1576.49,446.63,Shipped,4
ORD-21248,2025-07-29,CUST-1024,Small Business,Europe,Spain,Software & Cloud,DevOps Productivity Tools,1005.8,2,0.05,1911.02,468.32,1442.7,Delivered,5
ORD-21249,2025-07-25,CUST-1035,Corporate,Asia Pacific,India,Software & Cloud,Enterprise CRM License,2955.51,1,0.0,2955.51,562.41,2393.1,Shipped,3
ORD-21250,2025-01-19,CUST-1150,Small Business,North America,Canada,Software & Cloud,Cloud Analytics Suite,4327.26,3,0.05,12332.69,1581.31,10751.38,Delivered,3
ORD-21251,2025-03-09,CUST-1016,Consumer,North America,Mexico,Electronics,Laptops & Workstations,1415.93,2,0.15,2407.08,1912.47,494.61,Delivered,4
ORD-21252,2025-08-26,CUST-1030,Corporate,North America,Canada,Software & Cloud,DevOps Productivity Tools,1407.7,3,0.05,4011.95,681.08,3330.87,Delivered,1
ORD-21253,2025-09-03,CUST-1059,Corporate,North America,Mexico,Office Supplies,Breakroom Supplies,196.31,8,0.1,1413.43,882.78,530.65,Delivered,2
ORD-21254,2026-05-23,CUST-1001,Enterprise,Asia Pacific,India,Office Furniture,Adjustable Standing Desks,1323.8,1,0.0,1323.8,646.4,677.4,Delivered,4
ORD-21255,2025-05-05,CUST-1102,Corporate,North America,Mexico,Electronics,Monitors & Displays,411.72,5,0.1,1852.74,1299.28,553.46,Delivered,3
ORD-21256,2026-01-15,CUST-1259,Corporate,Asia Pacific,Singapore,Software & Cloud,AI Assistant Subscription,752.3,3,0.05,2144.05,507.04,1637.01,Delivered,4
ORD-21257,2026-02-11,CUST-1383,Corporate,Asia Pacific,Japan,Office Supplies,Presentation Equipment,451.59,3,0.15,1151.55,717.72,433.83,Delivered,4
ORD-21258,2026-07-08,CUST-1053,Corporate,Asia Pacific,India,Electronics,Wireless Audio,267.82,1,0.05,254.43,156.56,97.87,Delivered,4
ORD-21259,2025-01-13,CUST-1144,Small Business,North America,USA,Office Supplies,Breakroom Supplies,40.99,1,0.0,40.99,25.83,15.16,Shipped,5
ORD-21260,2025-08-25,CUST-1377,Consumer,North America,USA,Office Supplies,Presentation Equipment,412.89,1,0.1,371.6,250.42,121.18,Delivered,3
ORD-21261,2025-06-20,CUST-1051,Enterprise,North America,USA,Software & Cloud,Enterprise CRM License,2028.92,2,0.05,3854.95,1113.16,2741.79,Delivered,4
ORD-21262,2025-07-19,CUST-1301,Small Business,North America,USA,Office Furniture,Ergonomic Executive Chairs,418.02,5,0.0,2090.1,1308.41,781.69,Delivered,4
ORD-21263,2026-06-09,CUST-1219,Enterprise,North America,Canada,Software & Cloud,Cloud Analytics Suite,1417.8,1,0.0,1417.8,298.06,1119.74,Delivered,5
ORD-21264,2026-03-06,CUST-1099,Corporate,Europe,Spain,Software & Cloud,Enterprise CRM License,2220.92,1,0.0,2220.92,646.78,1574.14,Delivered,4
ORD-21265,2026-03-12,CUST-1271,Enterprise,Latin America,Chile,Software & Cloud,AI Assistant Subscription,598.24,2,0.0,1196.48,300.48,896.0,Shipped,4
ORD-21266,2026-01-15,CUST-1378,Small Business,Europe,Spain,Office Supplies,High-Volume Printers,1058.59,2,0.0,2117.18,1419.26,697.92,Delivered,4
ORD-21267,2026-02-17,CUST-1278,Corporate,North America,USA,Electronics,Smart Wearables,260.12,5,0.1,1170.54,719.66,450.88,Delivered,4
ORD-21268,2026-04-06,CUST-1143,Corporate,North America,Mexico,Office Furniture,Adjustable Standing Desks,780.72,2,0.0,1561.44,870.87,690.57,Delivered,3
ORD-21269,2025-02-10,CUST-1367,Corporate,North America,USA,Office Supplies,Storage & Archiving Units,182.59,3,0.0,547.77,312.85,234.92,Delivered,5
ORD-21270,2026-02-19,CUST-1174,Corporate,North America,USA,Electronics,Laptops & Workstations,2109.49,5,0.1,9492.7,6349.38,3143.32,Delivered,3
ORD-21271,2025-09-26,CUST-1009,Small Business,North America,Mexico,Electronics,Wireless Audio,301.49,1,0.1,271.34,204.25,67.09,Delivered,5
ORD-21272,2025-02-19,CUST-1160,Corporate,Latin America,Colombia,Office Supplies,Storage & Archiving Units,256.45,1,0.05,243.63,136.31,107.32,Processing,2
ORD-21273,2026-01-08,CUST-1251,Small Business,Europe,Netherlands,Office Furniture,Ergonomic Executive Chairs,498.16,4,0.05,1893.01,917.64,975.37,Delivered,4
ORD-21274,2025-04-10,CUST-1338,Enterprise,Asia Pacific,South Korea,Electronics,Wireless Audio,237.57,3,0.05,677.07,417.33,259.74,Delivered,4
ORD-21275,2026-06-15,CUST-1309,Small Business,Middle East & Africa,UAE,Electronics,Laptops & Workstations,2238.21,2,0.0,4476.42,3218.15,1258.27,Delivered,3
ORD-21276,2026-01-03,CUST-1289,Enterprise,North America,Canada,Office Furniture,Adjustable Standing Desks,950.74,2,0.0,1901.48,872.2,1029.28,Delivered,4
ORD-21277,2025-07-03,CUST-1046,Corporate,North America,Mexico,Office Supplies,Presentation Equipment,374.81,4,0.0,1499.24,999.75,499.49,Delivered,4
ORD-21278,2025-10-17,CUST-1173,Enterprise,Europe,Spain,Software & Cloud,Cybersecurity Suite,774.47,5,0.1,3485.12,1024.63,2460.49,Shipped,4
ORD-21279,2025-06-16,CUST-1008,Enterprise,North America,Canada,Office Furniture,Acoustic Office Pods,4831.08,2,0.1,8695.94,4463.9,4232.04,Cancelled,1
ORD-21280,2025-09-29,CUST-1065,Corporate,North America,USA,Electronics,Wireless Audio,120.01,4,0.05,456.04,291.78,164.26,Delivered,3
ORD-21281,2025-01-30,CUST-1291,Corporate,North America,USA,Software & Cloud,Cloud Analytics Suite,3273.52,4,0.0,13094.08,2601.32,10492.76,Shipped,3
ORD-21282,2025-03-20,CUST-1332,Corporate,North America,USA,Software & Cloud,DevOps Productivity Tools,772.96,1,0.0,772.96,154.13,618.83,Delivered,4
ORD-21283,2025-10-05,CUST-1334,Corporate,Latin America,Colombia,Electronics,Smart Wearables,294.77,2,0.1,530.59,401.49,129.1,Delivered,5
ORD-21284,2025-01-19,CUST-1218,Corporate,North America,USA,Software & Cloud,Cybersecurity Suite,2045.85,1,0.0,2045.85,573.51,1472.34,Delivered,3
ORD-21285,2025-07-22,CUST-1247,Corporate,North America,USA,Software & Cloud,AI Assistant Subscription,527.45,1,0.05,501.08,111.79,389.29,Delivered,4
ORD-21286,2025-04-28,CUST-1005,Corporate,North America,Canada,Software & Cloud,Cloud Analytics Suite,3186.66,1,0.0,3186.66,394.66,2792.0,Delivered,4
ORD-21287,2026-03-27,CUST-1211,Small Business,Latin America,Colombia,Software & Cloud,Enterprise CRM License,699.72,2,0.0,1399.44,212.21,1187.23,Delivered,4
ORD-21288,2025-06-06,CUST-1276,Consumer,Europe,Germany,Software & Cloud,Cybersecurity Suite,2044.55,1,0.05,1942.32,456.49,1485.83,Delivered,3
ORD-21289,2025-07-24,CUST-1248,Enterprise,Europe,Germany,Software & Cloud,Enterprise CRM License,817.14,5,0.1,3677.13,621.69,3055.44,Delivered,5
ORD-21290,2026-07-20,CUST-1095,Corporate,Europe,Netherlands,Office Furniture,Conference Tables,2631.25,2,0.0,5262.5,2724.5,2538.0,Shipped,3
ORD-21291,2026-04-02,CUST-1207,Corporate,Europe,Netherlands,Office Furniture,Adjustable Standing Desks,570.16,3,0.2,1368.38,873.78,494.6,Cancelled,1
ORD-21292,2026-02-03,CUST-1374,Small Business,North America,Canada,Office Supplies,Paper & Stationeries Pack,118.63,5,0.05,563.49,327.0,236.49,Delivered,5
ORD-21293,2026-05-04,CUST-1123,Small Business,North America,Mexico,Office Furniture,Adjustable Standing Desks,1226.13,1,0.0,1226.13,704.21,521.92,Delivered,5
ORD-21294,2026-05-22,CUST-1251,Small Business,Asia Pacific,South Korea,Software & Cloud,Enterprise CRM License,1869.17,1,0.0,1869.17,357.62,1511.55,Cancelled,2
ORD-21295,2025-06-22,CUST-1124,Corporate,Europe,United Kingdom,Software & Cloud,Enterprise CRM License,927.34,1,0.0,927.34,120.8,806.54,Shipped,4
ORD-21296,2025-08-03,CUST-1167,Small Business,Europe,Netherlands,Office Furniture,Acoustic Office Pods,1716.55,3,0.0,5149.65,2723.18,2426.47,Delivered,2
ORD-21297,2025-04-29,CUST-1053,Corporate,North America,Canada,Electronics,Laptops & Workstations,2269.65,1,0.05,2156.17,1506.52,649.65,Delivered,4
ORD-21298,2025-09-07,CUST-1081,Small Business,Latin America,Brazil,Software & Cloud,Cybersecurity Suite,1428.74,2,0.0,2857.48,807.12,2050.36,Delivered,5
ORD-21299,2025-07-13,CUST-1125,Small Business,Asia Pacific,Japan,Office Furniture,Ergonomic Executive Chairs,884.06,1,0.0,884.06,559.07,324.99,Shipped,4
ORD-21300,2025-09-17,CUST-1199,Enterprise,Europe,United Kingdom,Software & Cloud,DevOps Productivity Tools,1211.37,5,0.0,6056.85,1144.66,4912.19,Delivered,5
ORD-21301,2025-11-16,CUST-1047,Corporate,Middle East & Africa,UAE,Electronics,Smart Wearables,212.86,1,0.1,191.57,122.01,69.56,Delivered,4
ORD-21302,2025-08-16,CUST-1006,Consumer,North America,Canada,Software & Cloud,Cybersecurity Suite,1393.73,3,0.0,4181.19,607.47,3573.72,Processing,4
ORD-21303,2025-05-25,CUST-1375,Small Business,North America,USA,Electronics,Monitors & Displays,627.77,2,0.05,1192.76,867.16,325.6,Delivered,4
ORD-21304,2025-10-20,CUST-1293,Enterprise,North America,Mexico,Office Supplies,Paper & Stationeries Pack,48.74,1,0.1,43.87,27.88,15.99,Delivered,5
ORD-21305,2026-03-16,CUST-1292,Corporate,Europe,Germany,Software & Cloud,DevOps Productivity Tools,812.99,3,0.0,2438.97,525.9,1913.07,Delivered,3
ORD-21306,2026-03-27,CUST-1286,Corporate,North America,Canada,Software & Cloud,AI Assistant Subscription,980.1,1,0.0,980.1,181.83,798.27,Shipped,5
ORD-21307,2026-04-27,CUST-1327,Corporate,North America,USA,Office Furniture,Adjustable Standing Desks,1288.28,4,0.0,5153.12,2766.81,2386.31,Delivered,3
ORD-21308,2025-07-23,CUST-1314,Corporate,Europe,Netherlands,Software & Cloud,Cloud Analytics Suite,2254.81,2,0.0,4509.62,592.32,3917.3,Delivered,4
ORD-21309,2026-05-30,CUST-1115,Small Business,Europe,France,Electronics,Monitors & Displays,509.84,5,0.05,2421.74,1611.66,810.08,Delivered,3
ORD-21310,2026-04-16,CUST-1005,Enterprise,Middle East & Africa,UAE,Office Supplies,High-Volume Printers,1050.06,1,0.0,1050.06,668.27,381.79,Delivered,4
ORD-21311,2025-12-29,CUST-1275,Small Business,Europe,United Kingdom,Software & Cloud,Cloud Analytics Suite,3859.61,5,0.05,18333.15,2639.05,15694.1,Delivered,3
ORD-21312,2025-05-27,CUST-1254,Corporate,Asia Pacific,Australia,Office Furniture,Acoustic Office Pods,2173.16,1,0.0,2173.16,1398.6,774.56,Delivered,5
ORD-21313,2025-10-25,CUST-1098,Small Business,Europe,Spain,Electronics,Smartphones & Tablets,1262.0,1,0.1,1135.8,773.07,362.73,Delivered,3
ORD-21314,2026-03-11,CUST-1226,Consumer,Europe,Netherlands,Software & Cloud,Cybersecurity Suite,775.02,2,0.05,1472.54,209.9,1262.64,Cancelled,1
ORD-21315,2025-07-01,CUST-1089,Corporate,Europe,Netherlands,Software & Cloud,Enterprise CRM License,2108.05,5,0.0,10540.25,2367.71,8172.54,Processing,3
ORD-21316,2025-03-01,CUST-1003,Corporate,Asia Pacific,Japan,Office Supplies,Breakroom Supplies,115.5,2,0.05,219.45,112.05,107.4,Delivered,4
ORD-21317,2025-03-06,CUST-1354,Small Business,Europe,Netherlands,Office Supplies,High-Volume Printers,568.93,2,0.0,1137.86,779.26,358.6,Delivered,3
ORD-21318,2026-02-28,CUST-1210,Small Business,Asia Pacific,South Korea,Software & Cloud,AI Assistant Subscription,614.1,4,0.05,2333.58,486.2,1847.38,Delivered,3
ORD-21319,2025-03-21,CUST-1009,Corporate,Latin America,Colombia,Electronics,Monitors & Displays,433.31,2,0.0,866.62,542.48,324.14,Delivered,4
ORD-21320,2025-08-09,CUST-1355,Enterprise,North America,USA,Electronics,Laptops & Workstations,2445.64,5,0.2,9782.56,7010.51,2772.05,Delivered,4
ORD-21321,2025-06-01,CUST-1303,Enterprise,Asia Pacific,Japan,Office Furniture,LED Desk Lighting,70.95,2,0.0,141.9,76.98,64.92,Delivered,4
ORD-21322,2025-07-15,CUST-1387,Corporate,Europe,Germany,Software & Cloud,Cloud Analytics Suite,2923.52,1,0.05,2777.34,635.34,2142.0,Delivered,5
ORD-21323,2025-01-08,CUST-1030,Consumer,North America,Canada,Software & Cloud,Cloud Analytics Suite,3080.6,1,0.0,3080.6,573.61,2506.99,Delivered,4
ORD-21324,2025-11-25,CUST-1295,Enterprise,Middle East & Africa,Saudi Arabia,Software & Cloud,Enterprise CRM License,2608.18,2,0.0,5216.36,1561.36,3655.0,Delivered,5
ORD-21325,2025-06-10,CUST-1305,Corporate,Europe,Netherlands,Software & Cloud,AI Assistant Subscription,262.26,5,0.0,1311.3,279.93,1031.37,Delivered,4
ORD-21326,2025-11-25,CUST-1019,Corporate,North America,USA,Electronics,Monitors & Displays,285.49,2,0.0,570.98,406.22,164.76,Delivered,5
ORD-21327,2026-04-14,CUST-1305,Corporate,North America,Canada,Software & Cloud,DevOps Productivity Tools,1331.67,3,0.0,3995.01,1002.88,2992.13,Shipped,4
ORD-21328,2025-05-01,CUST-1370,Consumer,Asia Pacific,Japan,Electronics,Monitors & Displays,447.57,2,0.0,895.14,602.36,292.78,Delivered,4
ORD-21329,2025-06-21,CUST-1215,Corporate,Europe,Germany,Software & Cloud,DevOps Productivity Tools,743.89,2,0.0,1487.78,310.39,1177.39,Processing,4
ORD-21330,2025-06-02,CUST-1075,Corporate,Europe,France,Office Supplies,Storage & Archiving Units,244.01,2,0.0,488.02,319.62,168.4,Delivered,4
ORD-21331,2025-02-05,CUST-1174,Enterprise,Europe,Spain,Office Furniture,Conference Tables,2479.8,15,0.0,37197.0,17907.19,19289.81,Delivered,4
ORD-21332,2026-05-19,CUST-1190,Small Business,North America,Mexico,Office Furniture,Conference Tables,1214.35,3,0.05,3460.9,1596.4,1864.5,Delivered,4
ORD-21333,2026-01-04,CUST-1308,Small Business,North America,Mexico,Software & Cloud,DevOps Productivity Tools,500.01,4,0.0,2000.04,409.53,1590.51,Shipped,4
ORD-21334,2025-09-21,CUST-1228,Enterprise,Asia Pacific,India,Electronics,Wireless Audio,275.41,8,0.0,2203.28,1364.88,838.4,Delivered,4
ORD-21335,2026-02-21,CUST-1120,Corporate,Europe,France,Software & Cloud,DevOps Productivity Tools,1499.81,3,0.05,4274.46,778.81,3495.65,Delivered,5
ORD-21336,2025-01-28,CUST-1143,Corporate,Latin America,Chile,Software & Cloud,Cybersecurity Suite,2038.27,2,0.0,4076.54,957.78,3118.76,Delivered,4
ORD-21337,2025-12-02,CUST-1274,Enterprise,North America,Mexico,Software & Cloud,AI Assistant Subscription,257.15,3,0.05,732.88,144.38,588.5,Delivered,5
ORD-21338,2025-03-10,CUST-1186,Consumer,North America,USA,Electronics,Smart Wearables,311.4,5,0.0,1557.0,1113.42,443.58,Processing,3
ORD-21339,2025-11-02,CUST-1084,Corporate,Latin America,Chile,Software & Cloud,Cloud Analytics Suite,1686.89,1,0.0,1686.89,484.39,1202.5,Delivered,2
ORD-21340,2025-01-18,CUST-1306,Enterprise,North America,USA,Software & Cloud,Enterprise CRM License,537.27,2,0.05,1020.81,255.18,765.63,Delivered,4
ORD-21341,2025-11-15,CUST-1325,Corporate,Europe,Germany,Software & Cloud,Cloud Analytics Suite,1425.24,1,0.0,1425.24,388.9,1036.34,Delivered,5
ORD-21342,2025-02-14,CUST-1204,Corporate,Asia Pacific,India,Software & Cloud,DevOps Productivity Tools,1282.37,4,0.05,4873.01,1245.08,3627.93,Delivered,3
ORD-21343,2025-09-10,CUST-1393,Corporate,Europe,France,Office Supplies,Storage & Archiving Units,190.36,1,0.0,190.36,123.09,67.27,Delivered,5
ORD-21344,2025-02-06,CUST-1006,Corporate,North America,USA,Electronics,Monitors & Displays,506.04,1,0.0,506.04,391.4,114.64,Delivered,4
ORD-21345,2025-02-05,CUST-1348,Corporate,Europe,Spain,Office Supplies,High-Volume Printers,612.77,8,0.0,4902.16,2657.9,2244.26,Shipped,3
ORD-21346,2026-01-04,CUST-1374,Corporate,Europe,France,Electronics,Wireless Audio,226.81,5,0.0,1134.05,759.95,374.1,Delivered,4
ORD-21347,2026-06-12,CUST-1297,Corporate,Europe,United Kingdom,Software & Cloud,Enterprise CRM License,1280.33,3,0.0,3840.99,928.78,2912.21,Delivered,4
ORD-21348,2025-04-21,CUST-1316,Small Business,North America,Canada,Electronics,Smartphones & Tablets,612.28,2,0.05,1163.33,861.5,301.83,Delivered,4
ORD-21349,2025-08-26,CUST-1246,Enterprise,North America,Mexico,Software & Cloud,Enterprise CRM License,2892.17,5,0.0,14460.85,3376.33,11084.52,Delivered,1
ORD-21350,2026-03-01,CUST-1274,Consumer,North America,USA,Office Supplies,Presentation Equipment,576.48,5,0.15,2450.04,1316.96,1133.08,Cancelled,1
ORD-21351,2025-01-18,CUST-1088,Small Business,Europe,Germany,Electronics,Smart Wearables,259.82,3,0.15,662.54,453.77,208.77,Delivered,4
ORD-21352,2025-08-21,CUST-1009,Corporate,North America,Mexico,Electronics,Wireless Audio,243.84,1,0.05,231.65,162.48,69.17,Delivered,4
ORD-21353,2025-05-04,CUST-1193,Corporate,Europe,Netherlands,Software & Cloud,Cybersecurity Suite,999.05,5,0.05,4745.49,966.07,3779.42,Delivered,4
ORD-21354,2025-11-25,CUST-1131,Consumer,Asia Pacific,South Korea,Software & Cloud,AI Assistant Subscription,359.98,5,0.15,1529.91,286.38,1243.53,Delivered,5
ORD-21355,2025-10-17,CUST-1147,Small Business,North America,Mexico,Office Furniture,Ergonomic Executive Chairs,813.71,3,0.05,2319.07,1059.04,1260.03,Delivered,4
ORD-21356,2025-11-16,CUST-1142,Corporate,Europe,Germany,Electronics,Smart Wearables,224.77,1,0.0,224.77,168.23,56.54,Delivered,4
ORD-21357,2025-08-26,CUST-1109,Enterprise,Asia Pacific,India,Office Supplies,High-Volume Printers,1123.84,1,0.0,1123.84,747.27,376.57,Shipped,4
ORD-21358,2026-03-14,CUST-1152,Corporate,Europe,France,Electronics,Monitors & Displays,757.46,2,0.0,1514.92,1089.63,425.29,Delivered,5
ORD-21359,2025-08-07,CUST-1171,Consumer,Asia Pacific,Singapore,Electronics,Monitors & Displays,573.74,1,0.0,573.74,385.14,188.6,Delivered,4
ORD-21360,2025-03-22,CUST-1184,Small Business,Latin America,Chile,Software & Cloud,Enterprise CRM License,1151.26,2,0.1,2072.27,511.21,1561.06,Delivered,4
ORD-21361,2025-03-14,CUST-1311,Small Business,Asia Pacific,India,Software & Cloud,Cybersecurity Suite,1317.65,3,0.2,3162.36,865.05,2297.31,Delivered,5
ORD-21362,2025-10-05,CUST-1105,Enterprise,Asia Pacific,Australia,Electronics,Wireless Audio,148.19,1,0.0,148.19,93.33,54.86,Delivered,3
ORD-21363,2025-04-08,CUST-1243,Corporate,Europe,Netherlands,Electronics,Wireless Audio,185.58,1,0.0,185.58,123.44,62.14,Delivered,4
ORD-21364,2025-09-19,CUST-1068,Corporate,North America,Mexico,Office Furniture,Acoustic Office Pods,4725.7,8,0.0,37805.6,24212.59,13593.01,Delivered,4
ORD-21365,2025-12-31,CUST-1158,Small Business,Asia Pacific,Japan,Electronics,Smart Wearables,393.15,4,0.0,1572.6,1248.51,324.09,Delivered,3
ORD-21366,2025-04-04,CUST-1059,Corporate,Europe,Spain,Office Furniture,Conference Tables,1019.33,1,0.0,1019.33,561.04,458.29,Delivered,4
ORD-21367,2025-03-29,CUST-1247,Corporate,North America,Canada,Software & Cloud,Enterprise CRM License,2917.94,1,0.05,2772.04,805.86,1966.18,Delivered,4
ORD-21368,2025-07-31,CUST-1024,Small Business,Asia Pacific,Singapore,Electronics,Monitors & Displays,398.56,8,0.0,3188.48,2196.86,991.62,Shipped,2
ORD-21369,2025-04-18,CUST-1242,Corporate,Latin America,Chile,Software & Cloud,Enterprise CRM License,1308.25,5,0.1,5887.12,1655.21,4231.91,Delivered,4
ORD-21370,2025-08-06,CUST-1088,Small Business,Asia Pacific,Japan,Software & Cloud,DevOps Productivity Tools,1448.37,1,0.0,1448.37,247.25,1201.12,Delivered,4
ORD-21371,2026-05-28,CUST-1007,Corporate,Europe,United Kingdom,Electronics,Wireless Audio,305.56,3,0.0,916.68,680.37,236.31,Processing,3
ORD-21372,2026-07-11,CUST-1091,Consumer,Europe,Netherlands,Office Supplies,Presentation Equipment,538.91,4,0.05,2047.86,1246.29,801.57,Delivered,4
ORD-21373,2025-12-03,CUST-1271,Small Business,North America,Mexico,Office Supplies,Breakroom Supplies,82.08,2,0.0,164.16,111.04,53.12,Delivered,3
ORD-21374,2025-02-03,CUST-1378,Small Business,Middle East & Africa,Saudi Arabia,Software & Cloud,AI Assistant Subscription,461.4,1,0.0,461.4,119.09,342.31,Delivered,4
ORD-21375,2026-01-25,CUST-1287,Small Business,Middle East & Africa,South Africa,Software & Cloud,AI Assistant Subscription,316.45,2,0.0,632.9,152.72,480.18,Processing,4
ORD-21376,2026-02-22,CUST-1093,Enterprise,North America,USA,Software & Cloud,AI Assistant Subscription,974.84,1,0.2,779.87,202.74,577.13,Delivered,4
ORD-21377,2026-01-04,CUST-1166,Enterprise,North America,Mexico,Software & Cloud,Cloud Analytics Suite,3233.33,1,0.0,3233.33,407.72,2825.61,Delivered,4
ORD-21378,2025-08-02,CUST-1015,Corporate,Europe,United Kingdom,Electronics,Wireless Audio,304.31,5,0.05,1445.47,1014.82,430.65,Delivered,3
ORD-21379,2025-02-03,CUST-1244,Enterprise,Latin America,Brazil,Electronics,Smart Wearables,202.68,1,0.15,172.28,122.76,49.52,Processing,4
ORD-21380,2025-12-08,CUST-1039,Corporate,Asia Pacific,Australia,Software & Cloud,Cybersecurity Suite,2040.22,5,0.0,10201.1,2327.35,7873.75,Shipped,5
ORD-21381,2026-04-03,CUST-1389,Enterprise,North America,Canada,Software & Cloud,AI Assistant Subscription,948.22,2,0.0,1896.44,459.17,1437.27,Delivered,3
ORD-21382,2025-01-11,CUST-1260,Corporate,Europe,Spain,Office Furniture,LED Desk Lighting,135.49,1,0.0,135.49,87.81,47.68,Delivered,5
ORD-21383,2025-03-19,CUST-1264,Enterprise,Europe,Spain,Office Furniture,Conference Tables,2368.69,2,0.0,4737.38,2409.65,2327.73,Shipped,4
ORD-21384,2026-01-14,CUST-1325,Small Business,Europe,France,Electronics,Laptops & Workstations,2313.67,3,0.0,6941.01,4709.19,2231.82,Delivered,4
ORD-21385,2025-10-02,CUST-1332,Corporate,Asia Pacific,India,Electronics,Smart Wearables,248.06,1,0.0,248.06,170.24,77.82,Delivered,4
ORD-21386,2025-07-24,CUST-1384,Small Business,North America,Mexico,Electronics,Wireless Audio,275.05,4,0.0,1100.2,729.01,371.19,Processing,5
ORD-21387,2026-05-17,CUST-1335,Corporate,Europe,Germany,Office Furniture,Adjustable Standing Desks,762.12,8,0.0,6096.96,3439.46,2657.5,Delivered,3
ORD-21388,2025-11-06,CUST-1234,Enterprise,North America,Canada,Software & Cloud,DevOps Productivity Tools,1107.26,1,0.0,1107.26,160.08,947.18,Shipped,4
ORD-21389,2025-11-25,CUST-1320,Corporate,Asia Pacific,South Korea,Software & Cloud,Cybersecurity Suite,1299.68,4,0.0,5198.72,785.73,4412.99,Cancelled,1
ORD-21390,2025-06-26,CUST-1325,Small Business,North America,Canada,Electronics,Smartphones & Tablets,1101.17,3,0.1,2973.16,2002.31,970.85,Delivered,3
ORD-21391,2026-02-20,CUST-1105,Small Business,North America,Canada,Electronics,Monitors & Displays,598.35,10,0.0,5983.5,4616.02,1367.48,Delivered,4
ORD-21392,2026-04-30,CUST-1192,Enterprise,Europe,Netherlands,Office Furniture,LED Desk Lighting,99.91,4,0.15,339.69,169.19,170.5,Delivered,5
ORD-21393,2025-04-08,CUST-1311,Enterprise,Europe,Spain,Office Supplies,Paper & Stationeries Pack,107.57,2,0.05,204.38,103.63,100.75,Delivered,3
ORD-21394,2025-07-03,CUST-1349,Small Business,Middle East & Africa,South Africa,Electronics,Smart Wearables,292.9,2,0.05,556.51,391.46,165.05,Delivered,3
ORD-21395,2026-03-14,CUST-1375,Corporate,North America,USA,Office Furniture,Acoustic Office Pods,3442.63,1,0.0,3442.63,1967.07,1475.56,Delivered,5
ORD-21396,2026-07-14,CUST-1377,Corporate,Latin America,Brazil,Office Furniture,Conference Tables,1991.59,3,0.1,5377.29,2471.25,2906.04,Delivered,5
ORD-21397,2025-12-20,CUST-1345,Small Business,Europe,United Kingdom,Office Supplies,Presentation Equipment,373.27,5,0.15,1586.4,1007.49,578.91,Delivered,3
ORD-21398,2026-01-12,CUST-1205,Corporate,Asia Pacific,Australia,Office Furniture,Conference Tables,1386.65,1,0.1,1247.99,762.89,485.1,Delivered,3
ORD-21399,2026-05-16,CUST-1190,Enterprise,Asia Pacific,Japan,Electronics,Monitors & Displays,774.03,1,0.05,735.33,446.82,288.51,Delivered,5
ORD-21400,2025-07-10,CUST-1356,Enterprise,Europe,Netherlands,Software & Cloud,AI Assistant Subscription,502.2,1,0.0,502.2,89.75,412.45,Delivered,4
ORD-21401,2025-06-16,CUST-1240,Corporate,Asia Pacific,Australia,Software & Cloud,Enterprise CRM License,2192.33,4,0.0,8769.32,1876.21,6893.11,Processing,5
ORD-21402,2025-11-12,CUST-1350,Corporate,North America,USA,Software & Cloud,Cybersecurity Suite,1028.74,4,0.0,4114.96,607.24,3507.72,Delivered,5
ORD-21403,2025-10-19,CUST-1391,Enterprise,Europe,United Kingdom,Electronics,Monitors & Displays,703.73,1,0.0,703.73,482.83,220.9,Delivered,4
ORD-21404,2025-01-21,CUST-1106,Corporate,Asia Pacific,South Korea,Office Furniture,Ergonomic Executive Chairs,808.39,1,0.0,808.39,473.11,335.28,Delivered,4
ORD-21405,2025-01-02,CUST-1070,Corporate,North America,Mexico,Software & Cloud,AI Assistant Subscription,403.64,1,0.05,383.46,81.2,302.26,Delivered,1
ORD-21406,2026-01-22,CUST-1015,Small Business,North America,Canada,Office Furniture,Acoustic Office Pods,3359.04,3,0.05,9573.26,5780.87,3792.39,Cancelled,1
ORD-21407,2025-02-28,CUST-1074,Enterprise,Middle East & Africa,UAE,Office Supplies,Breakroom Supplies,173.18,1,0.0,173.18,119.46,53.72,Delivered,2
ORD-21408,2026-05-01,CUST-1115,Small Business,North America,Mexico,Electronics,Smartphones & Tablets,851.68,2,0.0,1703.36,1159.02,544.34,Delivered,3
ORD-21409,2026-01-04,CUST-1301,Corporate,Asia Pacific,Japan,Software & Cloud,Enterprise CRM License,880.68,2,0.0,1761.36,479.34,1282.02,Delivered,3
ORD-21410,2026-03-13,CUST-1390,Small Business,North America,Canada,Office Supplies,Storage & Archiving Units,99.83,1,0.1,89.85,62.7,27.15,Delivered,3
ORD-21411,2026-04-19,CUST-1228,Corporate,North America,Mexico,Software & Cloud,DevOps Productivity Tools,839.54,8,0.0,6716.32,1660.29,5056.03,Delivered,1
ORD-21412,2025-07-01,CUST-1001,Corporate,Asia Pacific,South Korea,Office Supplies,High-Volume Printers,603.28,2,0.1,1085.9,615.63,470.27,Delivered,2
ORD-21413,2026-04-23,CUST-1051,Small Business,Asia Pacific,Singapore,Electronics,Laptops & Workstations,1776.51,3,0.0,5329.53,4178.67,1150.86,Delivered,3
ORD-21414,2025-07-30,CUST-1093,Small Business,North America,USA,Electronics,Smartphones & Tablets,884.35,2,0.05,1680.26,1113.23,567.03,Delivered,5
ORD-21415,2026-03-28,CUST-1395,Small Business,North America,USA,Electronics,Smart Wearables,203.69,1,0.0,203.69,147.59,56.1,Delivered,4
ORD-21416,2025-10-17,CUST-1016,Enterprise,North America,Canada,Office Supplies,High-Volume Printers,748.64,4,0.05,2844.83,1776.71,1068.12,Delivered,5
ORD-21417,2026-05-14,CUST-1157,Corporate,Latin America,Colombia,Electronics,Wireless Audio,173.04,1,0.1,155.74,118.08,37.66,Delivered,4
ORD-21418,2026-02-23,CUST-1102,Enterprise,Europe,Germany,Office Furniture,Acoustic Office Pods,3564.28,3,0.15,9088.91,4217.5,4871.41,Delivered,3
ORD-21419,2025-02-02,CUST-1196,Enterprise,Asia Pacific,India,Software & Cloud,AI Assistant Subscription,217.79,2,0.1,392.02,115.44,276.58,Delivered,5
ORD-21420,2025-03-20,CUST-1098,Enterprise,North America,USA,Electronics,Monitors & Displays,772.2,3,0.1,2084.94,1465.48,619.46,Shipped,1
ORD-21421,2025-04-05,CUST-1363,Small Business,Europe,Netherlands,Office Supplies,High-Volume Printers,678.7,5,0.0,3393.5,2295.34,1098.16,Delivered,2
ORD-21422,2025-12-02,CUST-1085,Corporate,Europe,Spain,Office Supplies,Storage & Archiving Units,158.13,4,0.0,632.52,352.29,280.23,Delivered,2
ORD-21423,2025-04-16,CUST-1294,Enterprise,Asia Pacific,Australia,Office Furniture,Acoustic Office Pods,3519.88,1,0.0,3519.88,1934.39,1585.49,Delivered,4
ORD-21424,2025-08-23,CUST-1127,Corporate,Middle East & Africa,South Africa,Software & Cloud,AI Assistant Subscription,458.91,1,0.0,458.91,72.3,386.61,Delivered,5
ORD-21425,2026-07-12,CUST-1077,Consumer,North America,Canada,Software & Cloud,AI Assistant Subscription,648.34,3,0.05,1847.77,548.83,1298.94,Delivered,4
ORD-21426,2025-01-06,CUST-1116,Corporate,Middle East & Africa,UAE,Electronics,Wireless Audio,287.22,2,0.0,574.44,421.29,153.15,Delivered,4
ORD-21427,2025-11-16,CUST-1304,Enterprise,North America,USA,Office Furniture,Acoustic Office Pods,3684.64,3,0.0,11053.92,6199.76,4854.16,Delivered,4
ORD-21428,2026-04-22,CUST-1350,Small Business,Europe,Spain,Software & Cloud,DevOps Productivity Tools,302.35,1,0.0,302.35,52.23,250.12,Delivered,4
ORD-21429,2025-01-23,CUST-1051,Enterprise,North America,Mexico,Electronics,Smart Wearables,225.88,5,0.0,1129.4,892.45,236.95,Delivered,2
ORD-21430,2025-10-20,CUST-1249,Enterprise,Europe,France,Office Furniture,Conference Tables,2127.09,2,0.05,4041.47,1836.3,2205.17,Processing,3
ORD-21431,2025-01-29,CUST-1212,Small Business,Europe,Germany,Software & Cloud,Cloud Analytics Suite,3565.89,1,0.0,3565.89,1046.77,2519.12,Delivered,4
ORD-21432,2025-02-15,CUST-1367,Enterprise,Asia Pacific,Australia,Software & Cloud,DevOps Productivity Tools,338.05,2,0.05,642.29,104.72,537.57,Delivered,5
ORD-21433,2025-05-25,CUST-1107,Small Business,Latin America,Colombia,Electronics,Wireless Audio,203.05,8,0.1,1461.96,886.57,575.39,Delivered,4
ORD-21434,2026-04-05,CUST-1139,Small Business,Europe,France,Office Supplies,High-Volume Printers,612.59,4,0.1,2205.32,1325.25,880.07,Delivered,5
ORD-21435,2025-07-17,CUST-1020,Corporate,North America,Mexico,Electronics,Smart Wearables,341.08,4,0.05,1296.1,926.69,369.41,Delivered,3
ORD-21436,2025-07-07,CUST-1077,Corporate,North America,USA,Software & Cloud,Cybersecurity Suite,745.24,2,0.0,1490.48,210.02,1280.46,Delivered,5
ORD-21437,2025-11-15,CUST-1389,Small Business,Latin America,Brazil,Software & Cloud,Cloud Analytics Suite,3152.87,1,0.05,2995.23,601.66,2393.57,Delivered,4
ORD-21438,2025-09-30,CUST-1040,Corporate,Asia Pacific,Australia,Electronics,Wireless Audio,303.23,4,0.0,1212.92,957.86,255.06,Delivered,4
ORD-21439,2025-02-17,CUST-1174,Enterprise,North America,Mexico,Electronics,Monitors & Displays,364.01,2,0.0,728.02,480.78,247.24,Processing,5
ORD-21440,2025-02-27,CUST-1159,Enterprise,Europe,Netherlands,Office Supplies,Paper & Stationeries Pack,44.47,2,0.0,88.94,46.06,42.88,Delivered,2
ORD-21441,2025-03-11,CUST-1337,Small Business,Asia Pacific,Singapore,Software & Cloud,Cloud Analytics Suite,3159.17,10,0.1,28432.53,7989.91,20442.62,Delivered,3
ORD-21442,2025-08-19,CUST-1393,Enterprise,Middle East & Africa,Saudi Arabia,Office Furniture,Acoustic Office Pods,2944.01,5,0.05,13984.05,6743.19,7240.86,Delivered,3
ORD-21443,2025-06-16,CUST-1396,Corporate,Asia Pacific,Singapore,Office Supplies,Breakroom Supplies,43.04,8,0.2,275.46,175.07,100.39,Delivered,5
ORD-21444,2026-01-25,CUST-1186,Enterprise,Europe,Netherlands,Electronics,Smartphones & Tablets,797.38,2,0.15,1355.55,877.99,477.56,Delivered,5
ORD-21445,2025-02-03,CUST-1210,Consumer,Asia Pacific,Singapore,Electronics,Smartphones & Tablets,779.5,1,0.05,740.52,518.66,221.86,Delivered,4
ORD-21446,2025-12-05,CUST-1396,Corporate,North America,Canada,Electronics,Smart Wearables,306.88,1,0.05,291.54,178.13,113.41,Delivered,3
ORD-21447,2026-01-01,CUST-1353,Consumer,North America,Mexico,Software & Cloud,Enterprise CRM License,2071.61,1,0.0,2071.61,500.35,1571.26,Delivered,4
ORD-21448,2025-01-02,CUST-1173,Small Business,North America,Canada,Office Furniture,LED Desk Lighting,121.1,3,0.1,326.97,163.88,163.09,Delivered,4
ORD-21449,2025-12-07,CUST-1130,Small Business,North America,USA,Electronics,Laptops & Workstations,2347.83,1,0.0,2347.83,1521.16,826.67,Delivered,3
ORD-21450,2025-10-21,CUST-1330,Small Business,North America,Canada,Office Furniture,Acoustic Office Pods,4662.05,1,0.1,4195.85,2306.02,1889.83,Delivered,5
ORD-21451,2026-03-25,CUST-1036,Corporate,Asia Pacific,India,Software & Cloud,Cloud Analytics Suite,2178.15,3,0.0,6534.45,1512.81,5021.64,Delivered,3
ORD-21452,2025-05-01,CUST-1031,Enterprise,Asia Pacific,South Korea,Electronics,Wireless Audio,333.16,4,0.05,1266.01,927.66,338.35,Delivered,4
ORD-21453,2026-07-24,CUST-1360,Small Business,North America,Canada,Software & Cloud,Enterprise CRM License,987.78,4,0.0,3951.12,933.96,3017.16,Delivered,3
ORD-21454,2026-05-31,CUST-1090,Enterprise,North America,Canada,Electronics,Smart Wearables,206.19,3,0.0,618.57,434.79,183.78,Delivered,4
ORD-21455,2026-01-20,CUST-1067,Corporate,North America,Canada,Software & Cloud,Cybersecurity Suite,1127.12,2,0.0,2254.24,315.69,1938.55,Delivered,4
ORD-21456,2025-09-21,CUST-1252,Corporate,North America,Mexico,Software & Cloud,Cybersecurity Suite,1038.5,1,0.0,1038.5,182.2,856.3,Delivered,3
ORD-21457,2026-04-22,CUST-1256,Corporate,North America,Mexico,Electronics,Smart Wearables,238.09,1,0.0,238.09,180.11,57.98,Delivered,5
ORD-21458,2026-07-02,CUST-1276,Small Business,North America,USA,Electronics,Smartphones & Tablets,645.4,3,0.05,1839.39,1429.65,409.74,Delivered,4
ORD-21459,2025-04-21,CUST-1128,Enterprise,Latin America,Chile,Electronics,Smartphones & Tablets,1282.22,4,0.0,5128.88,3503.77,1625.11,Delivered,5
ORD-21460,2026-07-23,CUST-1195,Small Business,Europe,France,Office Supplies,Presentation Equipment,217.12,3,0.05,618.79,337.01,281.78,Delivered,3
ORD-21461,2025-05-21,CUST-1310,Small Business,Middle East & Africa,UAE,Software & Cloud,DevOps Productivity Tools,931.59,4,0.1,3353.72,609.42,2744.3,Delivered,4
ORD-21462,2025-05-29,CUST-1186,Small Business,North America,USA,Software & Cloud,Enterprise CRM License,1338.24,2,0.0,2676.48,369.77,2306.71,Delivered,4
ORD-21463,2026-01-09,CUST-1357,Corporate,Latin America,Brazil,Office Furniture,LED Desk Lighting,106.23,1,0.05,100.92,61.26,39.66,Delivered,4
ORD-21464,2026-06-24,CUST-1163,Enterprise,North America,Canada,Office Supplies,High-Volume Printers,950.0,1,0.0,950.0,510.61,439.39,Shipped,4
ORD-21465,2025-06-07,CUST-1097,Corporate,North America,Mexico,Office Supplies,Paper & Stationeries Pack,91.01,3,0.0,273.03,148.27,124.76,Processing,3
ORD-21466,2025-08-27,CUST-1043,Corporate,Latin America,Chile,Office Furniture,LED Desk Lighting,74.74,1,0.0,74.74,42.39,32.35,Delivered,5
ORD-21467,2026-03-27,CUST-1106,Enterprise,North America,USA,Office Furniture,Ergonomic Executive Chairs,612.69,2,0.15,1041.57,598.22,443.35,Delivered,4
ORD-21468,2025-04-05,CUST-1367,Corporate,North America,Mexico,Software & Cloud,Enterprise CRM License,2607.67,1,0.0,2607.67,671.97,1935.7,Delivered,3
ORD-21469,2025-05-30,CUST-1379,Corporate,Latin America,Chile,Software & Cloud,Enterprise CRM License,1389.84,3,0.15,3544.09,509.5,3034.59,Delivered,5
ORD-21470,2025-05-25,CUST-1318,Small Business,Asia Pacific,India,Office Supplies,Breakroom Supplies,142.36,1,0.0,142.36,78.96,63.4,Delivered,3
ORD-21471,2026-06-13,CUST-1196,Corporate,Europe,France,Electronics,Smartphones & Tablets,757.76,4,0.0,3031.04,2386.41,644.63,Delivered,3
ORD-21472,2025-06-25,CUST-1115,Enterprise,Europe,France,Office Supplies,Paper & Stationeries Pack,52.93,2,0.0,105.86,70.2,35.66,Processing,1
ORD-21473,2025-03-25,CUST-1372,Small Business,North America,Mexico,Software & Cloud,Cybersecurity Suite,1087.81,2,0.0,2175.62,495.6,1680.02,Delivered,4
ORD-21474,2025-04-11,CUST-1068,Small Business,Middle East & Africa,South Africa,Office Furniture,LED Desk Lighting,102.59,1,0.1,92.33,49.67,42.66,Delivered,4
ORD-21475,2025-12-03,CUST-1127,Corporate,North America,Canada,Electronics,Laptops & Workstations,2232.43,3,0.0,6697.29,4234.29,2463.0,Delivered,3
ORD-21476,2026-07-09,CUST-1210,Corporate,Middle East & Africa,Saudi Arabia,Office Furniture,Adjustable Standing Desks,929.49,5,0.05,4415.08,2049.86,2365.22,Delivered,5
ORD-21477,2025-01-20,CUST-1270,Consumer,Europe,Germany,Software & Cloud,AI Assistant Subscription,263.88,4,0.0,1055.52,163.67,891.85,Delivered,4
ORD-21478,2026-04-08,CUST-1245,Small Business,Middle East & Africa,Saudi Arabia,Software & Cloud,Cloud Analytics Suite,941.77,1,0.15,800.5,179.08,621.42,Delivered,5
ORD-21479,2026-02-12,CUST-1000,Small Business,Europe,United Kingdom,Office Supplies,High-Volume Printers,619.96,1,0.1,557.96,335.3,222.66,Delivered,4
ORD-21480,2026-04-16,CUST-1274,Enterprise,North America,Canada,Electronics,Smartphones & Tablets,1279.48,3,0.0,3838.44,2760.05,1078.39,Processing,5
ORD-21481,2025-11-16,CUST-1285,Consumer,Asia Pacific,Australia,Office Supplies,High-Volume Printers,930.01,1,0.0,930.01,556.56,373.45,Delivered,5
ORD-21482,2025-08-16,CUST-1000,Enterprise,Latin America,Chile,Electronics,Monitors & Displays,640.37,2,0.0,1280.74,816.85,463.89,Delivered,4
ORD-21483,2025-08-18,CUST-1056,Small Business,North America,USA,Office Supplies,Paper & Stationeries Pack,49.66,2,0.0,99.32,57.66,41.66,Shipped,4
ORD-21484,2025-02-07,CUST-1288,Small Business,Europe,Netherlands,Office Supplies,Presentation Equipment,577.58,2,0.1,1039.64,673.38,366.26,Delivered,4
ORD-21485,2025-11-14,CUST-1144,Corporate,North America,Mexico,Office Furniture,LED Desk Lighting,106.19,2,0.0,212.38,127.09,85.29,Shipped,3
ORD-21486,2025-01-30,CUST-1108,Corporate,Europe,Netherlands,Electronics,Laptops & Workstations,1660.08,1,0.15,1411.07,1008.07,403.0,Processing,4
ORD-21487,2025-05-31,CUST-1130,Enterprise,Europe,Netherlands,Office Furniture,Adjustable Standing Desks,802.07,1,0.05,761.97,442.44,319.53,Delivered,4
ORD-21488,2025-09-17,CUST-1302,Small Business,Middle East & Africa,UAE,Office Furniture,Ergonomic Executive Chairs,667.06,3,0.1,1801.06,1001.0,800.06,Delivered,3
ORD-21489,2026-05-05,CUST-1395,Enterprise,North America,Mexico,Office Furniture,Adjustable Standing Desks,1296.58,1,0.0,1296.58,683.44,613.14,Delivered,4
ORD-21490,2025-03-20,CUST-1187,Enterprise,Middle East & Africa,South Africa,Software & Cloud,AI Assistant Subscription,999.76,1,0.1,899.78,128.54,771.24,Delivered,4
ORD-21491,2025-01-29,CUST-1175,Corporate,Europe,Germany,Electronics,Laptops & Workstations,1469.32,4,0.0,5877.28,4447.49,1429.79,Delivered,3
ORD-21492,2026-01-14,CUST-1075,Corporate,Europe,Netherlands,Electronics,Smart Wearables,264.91,1,0.0,264.91,165.19,99.72,Delivered,3
ORD-21493,2025-08-22,CUST-1306,Corporate,North America,Mexico,Software & Cloud,Cloud Analytics Suite,3845.75,1,0.05,3653.46,954.66,2698.8,Delivered,3
ORD-21494,2025-06-30,CUST-1092,Corporate,Europe,Germany,Electronics,Smart Wearables,402.38,2,0.0,804.76,564.75,240.01,Delivered,4
ORD-21495,2026-02-08,CUST-1384,Consumer,North America,Mexico,Software & Cloud,Cloud Analytics Suite,904.85,2,0.15,1538.24,391.47,1146.77,Delivered,4
ORD-21496,2026-07-20,CUST-1399,Small Business,North America,USA,Office Supplies,Breakroom Supplies,146.85,4,0.0,587.4,300.05,287.35,Delivered,5
ORD-21497,2025-07-05,CUST-1303,Corporate,North America,Canada,Electronics,Laptops & Workstations,2163.58,1,0.15,1839.04,1274.54,564.5,Processing,1
ORD-21498,2025-05-14,CUST-1194,Corporate,North America,Mexico,Software & Cloud,Enterprise CRM License,1788.54,5,0.0,8942.7,2514.75,6427.95,Delivered,3
ORD-21499,2025-10-27,CUST-1278,Corporate,North America,Canada,Office Furniture,Acoustic Office Pods,2937.81,10,0.0,29378.1,14649.07,14729.03,Delivered,5
ORD-21500,2025-08-10,CUST-1015,Corporate,North America,USA,Office Furniture,Ergonomic Executive Chairs,356.79,5,0.05,1694.75,768.18,926.57,Processing,4
ORD-21501,2025-07-23,CUST-1190,Corporate,North America,Mexico,Software & Cloud,DevOps Productivity Tools,1187.59,15,0.0,17813.85,3311.07,14502.78,Delivered,3
ORD-21502,2026-03-05,CUST-1249,Corporate,Asia Pacific,India,Office Furniture,LED Desk Lighting,113.93,1,0.0,113.93,67.7,46.23,Delivered,3
ORD-21503,2025-03-23,CUST-1308,Enterprise,Europe,United Kingdom,Office Supplies,High-Volume Printers,611.56,8,0.0,4892.48,3068.94,1823.54,Shipped,3
ORD-21504,2025-04-20,CUST-1223,Small Business,Europe,United Kingdom,Office Supplies,Breakroom Supplies,153.65,3,0.0,460.95,309.98,150.97,Delivered,2
ORD-21505,2025-11-29,CUST-1192,Corporate,Asia Pacific,South Korea,Office Furniture,Acoustic Office Pods,2533.73,5,0.0,12668.65,6878.98,5789.67,Delivered,4
ORD-21506,2025-02-26,CUST-1323,Enterprise,Europe,Spain,Office Furniture,LED Desk Lighting,173.23,5,0.0,866.15,507.86,358.29,Delivered,4
ORD-21507,2025-04-07,CUST-1206,Enterprise,Asia Pacific,Australia,Electronics,Monitors & Displays,417.3,1,0.0,417.3,269.12,148.18,Delivered,4
ORD-21508,2025-10-29,CUST-1082,Consumer,North America,USA,Electronics,Laptops & Workstations,1499.89,3,0.05,4274.69,3401.5,873.19,Delivered,4
ORD-21509,2025-07-20,CUST-1109,Consumer,Asia Pacific,Singapore,Office Furniture,Conference Tables,2715.45,2,0.0,5430.9,2476.14,2954.76,Delivered,4
ORD-21510,2025-02-27,CUST-1213,Corporate,Europe,France,Software & Cloud,Cybersecurity Suite,1436.34,1,0.0,1436.34,338.65,1097.69,Delivered,4
ORD-21511,2026-07-02,CUST-1319,Enterprise,North America,Mexico,Office Furniture,Acoustic Office Pods,4802.37,5,0.0,24011.85,14562.98,9448.87,Delivered,3
ORD-21512,2025-03-18,CUST-1117,Enterprise,North America,Mexico,Software & Cloud,Cloud Analytics Suite,3819.54,4,0.05,14514.25,3487.4,11026.85,Cancelled,1
ORD-21513,2026-05-03,CUST-1142,Small Business,North America,Mexico,Software & Cloud,Cybersecurity Suite,1956.28,1,0.1,1760.65,480.18,1280.47,Delivered,3
ORD-21514,2026-02-23,CUST-1242,Corporate,North America,Mexico,Software & Cloud,DevOps Productivity Tools,358.77,1,0.1,322.89,43.9,278.99,Delivered,2
ORD-21515,2025-09-15,CUST-1133,Consumer,Asia Pacific,Australia,Electronics,Laptops & Workstations,1773.27,8,0.0,14186.16,9844.96,4341.2,Delivered,2
ORD-21516,2025-09-15,CUST-1010,Consumer,North America,USA,Software & Cloud,Cybersecurity Suite,1801.85,5,0.05,8558.79,1366.32,7192.47,Delivered,3
ORD-21517,2026-07-03,CUST-1125,Small Business,North America,Mexico,Electronics,Laptops & Workstations,2025.79,1,0.0,2025.79,1498.43,527.36,Delivered,4
ORD-21518,2026-02-15,CUST-1310,Enterprise,North America,Canada,Software & Cloud,Enterprise CRM License,652.31,1,0.15,554.46,122.38,432.08,Delivered,3
ORD-21519,2025-02-27,CUST-1356,Small Business,Europe,France,Electronics,Laptops & Workstations,1686.2,1,0.0,1686.2,1213.12,473.08,Delivered,5
ORD-21520,2025-01-04,CUST-1180,Corporate,Asia Pacific,Japan,Electronics,Smartphones & Tablets,1195.16,2,0.0,2390.32,1587.43,802.89,Delivered,3
ORD-21521,2025-07-31,CUST-1166,Enterprise,Europe,Spain,Electronics,Smartphones & Tablets,1118.05,3,0.1,3018.73,2341.91,676.82,Delivered,4
ORD-21522,2026-01-16,CUST-1211,Enterprise,Europe,France,Electronics,Laptops & Workstations,1432.23,4,0.1,5156.03,3723.02,1433.01,Cancelled,1
ORD-21523,2025-12-22,CUST-1385,Small Business,Europe,Netherlands,Electronics,Wireless Audio,341.26,2,0.15,580.14,447.75,132.39,Delivered,3
ORD-21524,2025-03-14,CUST-1020,Small Business,North America,Mexico,Electronics,Wireless Audio,171.7,10,0.0,1717.0,1076.03,640.97,Delivered,5
ORD-21525,2025-07-25,CUST-1278,Enterprise,Middle East & Africa,Saudi Arabia,Office Furniture,Adjustable Standing Desks,579.72,1,0.0,579.72,316.41,263.31,Delivered,4
ORD-21526,2025-11-04,CUST-1317,Small Business,Asia Pacific,Singapore,Electronics,Monitors & Displays,587.99,3,0.05,1675.77,1049.09,626.68,Delivered,3
ORD-21527,2026-05-30,CUST-1009,Corporate,Asia Pacific,Singapore,Office Supplies,High-Volume Printers,1044.78,8,0.0,8358.24,4417.48,3940.76,Shipped,5
ORD-21528,2026-01-10,CUST-1348,Enterprise,Europe,United Kingdom,Software & Cloud,AI Assistant Subscription,277.75,4,0.0,1111.0,295.23,815.77,Delivered,3
ORD-21529,2025-01-30,CUST-1187,Small Business,Europe,Netherlands,Office Furniture,Acoustic Office Pods,3993.08,2,0.05,7586.85,3696.71,3890.14,Delivered,3
ORD-21530,2025-09-04,CUST-1008,Corporate,Europe,France,Office Supplies,Storage & Archiving Units,139.96,5,0.05,664.81,444.86,219.95,Delivered,3
ORD-21531,2025-09-03,CUST-1183,Small Business,Middle East & Africa,UAE,Office Furniture,Adjustable Standing Desks,863.16,2,0.05,1640.0,746.48,893.52,Delivered,4
ORD-21532,2026-01-28,CUST-1132,Corporate,North America,Mexico,Software & Cloud,Cybersecurity Suite,2179.77,1,0.05,2070.78,422.74,1648.04,Shipped,5
ORD-21533,2026-06-27,CUST-1300,Consumer,Europe,France,Electronics,Laptops & Workstations,1833.12,2,0.0,3666.24,2665.35,1000.89,Delivered,4
ORD-21534,2025-01-20,CUST-1231,Enterprise,Middle East & Africa,Saudi Arabia,Software & Cloud,Cybersecurity Suite,739.66,4,0.0,2958.64,554.35,2404.29,Delivered,3
ORD-21535,2025-10-06,CUST-1214,Enterprise,North America,Mexico,Office Furniture,LED Desk Lighting,96.11,1,0.2,76.89,46.12,30.77,Delivered,4
ORD-21536,2025-10-15,CUST-1287,Small Business,North America,Mexico,Software & Cloud,Enterprise CRM License,2295.93,1,0.05,2181.13,432.19,1748.94,Delivered,5
ORD-21537,2026-03-20,CUST-1169,Enterprise,North America,USA,Electronics,Laptops & Workstations,1843.1,1,0.2,1474.48,1176.51,297.97,Delivered,3
ORD-21538,2025-08-22,CUST-1229,Corporate,North America,USA,Electronics,Smartphones & Tablets,978.98,1,0.05,930.03,681.96,248.07,Delivered,3
ORD-21539,2025-12-23,CUST-1190,Corporate,Latin America,Brazil,Software & Cloud,Cloud Analytics Suite,3837.35,4,0.0,15349.4,4592.81,10756.59,Delivered,3
ORD-21540,2025-07-29,CUST-1253,Corporate,North America,USA,Software & Cloud,Cloud Analytics Suite,2853.73,1,0.0,2853.73,619.24,2234.49,Delivered,3
ORD-21541,2025-09-11,CUST-1383,Small Business,Asia Pacific,South Korea,Office Supplies,High-Volume Printers,947.79,2,0.15,1611.24,860.07,751.17,Delivered,4
ORD-21542,2026-02-19,CUST-1163,Small Business,Asia Pacific,India,Electronics,Monitors & Displays,503.7,2,0.0,1007.4,626.28,381.12,Delivered,3
ORD-21543,2025-04-08,CUST-1193,Small Business,Europe,Netherlands,Software & Cloud,Enterprise CRM License,2893.66,1,0.0,2893.66,783.35,2110.31,Delivered,4
ORD-21544,2026-04-23,CUST-1151,Small Business,North America,Canada,Electronics,Smartphones & Tablets,651.15,5,0.05,3092.96,1931.83,1161.13,Processing,2
ORD-21545,2025-05-01,CUST-1356,Small Business,Asia Pacific,Singapore,Software & Cloud,Cybersecurity Suite,509.41,1,0.0,509.41,95.96,413.45,Delivered,4
ORD-21546,2026-02-10,CUST-1336,Corporate,Asia Pacific,India,Software & Cloud,AI Assistant Subscription,849.6,1,0.0,849.6,179.36,670.24,Shipped,5
ORD-21547,2026-01-04,CUST-1067,Consumer,Europe,Spain,Electronics,Smartphones & Tablets,982.99,3,0.1,2654.07,1650.54,1003.53,Shipped,2
ORD-21548,2026-07-02,CUST-1345,Consumer,Europe,Netherlands,Electronics,Wireless Audio,305.2,5,0.2,1220.8,771.71,449.09,Delivered,4
ORD-21549,2025-09-24,CUST-1333,Corporate,North America,Canada,Office Supplies,Storage & Archiving Units,261.85,1,0.0,261.85,166.92,94.93,Delivered,4
ORD-21550,2025-03-20,CUST-1258,Enterprise,North America,Mexico,Electronics,Smartphones & Tablets,606.37,1,0.1,545.73,337.83,207.9,Processing,5
ORD-21551,2026-01-25,CUST-1106,Enterprise,Europe,Spain,Electronics,Smartphones & Tablets,1093.23,3,0.0,3279.69,2063.68,1216.01,Delivered,5
ORD-21552,2025-09-23,CUST-1045,Corporate,North America,USA,Office Furniture,LED Desk Lighting,91.85,4,0.05,349.03,163.48,185.55,Delivered,4
ORD-21553,2026-07-24,CUST-1134,Consumer,Europe,France,Software & Cloud,Cybersecurity Suite,644.65,1,0.1,580.18,103.47,476.71,Delivered,5
ORD-21554,2025-08-21,CUST-1296,Corporate,North America,Canada,Software & Cloud,DevOps Productivity Tools,796.4,3,0.0,2389.2,529.8,1859.4,Shipped,3
ORD-21555,2025-12-13,CUST-1002,Enterprise,North America,Canada,Software & Cloud,Enterprise CRM License,641.74,2,0.1,1155.13,339.21,815.92,Delivered,3
ORD-21556,2025-10-21,CUST-1013,Enterprise,Asia Pacific,Japan,Software & Cloud,Cybersecurity Suite,1119.88,5,0.0,5599.4,1109.2,4490.2,Delivered,4
ORD-21557,2025-05-23,CUST-1291,Small Business,Latin America,Chile,Software & Cloud,Cloud Analytics Suite,3535.8,4,0.0,14143.2,2418.38,11724.82,Delivered,4
ORD-21558,2025-10-05,CUST-1218,Enterprise,North America,Mexico,Electronics,Wireless Audio,139.86,2,0.05,265.73,184.65,81.08,Shipped,4
ORD-21559,2025-04-06,CUST-1104,Corporate,Asia Pacific,Australia,Office Furniture,LED Desk Lighting,136.24,3,0.0,408.72,190.53,218.19,Delivered,3
ORD-21560,2026-05-23,CUST-1043,Enterprise,North America,Canada,Electronics,Laptops & Workstations,1756.44,2,0.1,3161.59,2391.32,770.27,Delivered,5
ORD-21561,2025-08-19,CUST-1282,Corporate,Europe,Germany,Electronics,Wireless Audio,240.09,1,0.15,204.08,149.33,54.75,Delivered,2
ORD-21562,2026-02-07,CUST-1390,Corporate,North America,USA,Software & Cloud,DevOps Productivity Tools,818.55,3,0.0,2455.65,556.99,1898.66,Delivered,4
ORD-21563,2026-05-03,CUST-1008,Small Business,Middle East & Africa,Saudi Arabia,Software & Cloud,Cloud Analytics Suite,2494.46,2,0.0,4988.92,1025.44,3963.48,Delivered,5
ORD-21564,2026-02-21,CUST-1141,Enterprise,Europe,Germany,Software & Cloud,Cybersecurity Suite,553.57,3,0.0,1660.71,237.7,1423.01,Delivered,4
ORD-21565,2025-02-16,CUST-1163,Corporate,Europe,Spain,Software & Cloud,Enterprise CRM License,1478.87,2,0.15,2514.08,591.33,1922.75,Delivered,4
ORD-21566,2026-06-15,CUST-1112,Small Business,North America,Mexico,Software & Cloud,Cybersecurity Suite,822.86,2,0.0,1645.72,242.98,1402.74,Delivered,5
ORD-21567,2026-07-03,CUST-1371,Corporate,Europe,Germany,Office Furniture,Ergonomic Executive Chairs,385.59,1,0.0,385.59,191.91,193.68,Delivered,3
ORD-21568,2025-04-04,CUST-1272,Corporate,Europe,France,Office Supplies,Paper & Stationeries Pack,92.82,1,0.0,92.82,53.73,39.09,Delivered,4
ORD-21569,2026-06-12,CUST-1388,Consumer,North America,USA,Electronics,Smartphones & Tablets,672.2,1,0.0,672.2,523.18,149.02,Delivered,4
ORD-21570,2026-07-13,CUST-1175,Small Business,North America,Mexico,Office Supplies,High-Volume Printers,934.74,5,0.05,4440.01,2914.38,1525.63,Delivered,3
ORD-21571,2025-09-15,CUST-1027,Small Business,Europe,Netherlands,Office Furniture,LED Desk Lighting,136.31,3,0.0,408.93,257.3,151.63,Delivered,5
ORD-21572,2025-03-02,CUST-1018,Corporate,Asia Pacific,Singapore,Software & Cloud,Cybersecurity Suite,1045.83,1,0.05,993.54,237.35,756.19,Delivered,3
ORD-21573,2025-04-25,CUST-1239,Small Business,Middle East & Africa,UAE,Software & Cloud,Cloud Analytics Suite,1059.33,2,0.0,2118.66,440.45,1678.21,Delivered,4
ORD-21574,2025-12-16,CUST-1198,Corporate,Asia Pacific,South Korea,Software & Cloud,Enterprise CRM License,2257.07,5,0.05,10721.08,2466.17,8254.91,Shipped,5
ORD-21575,2025-12-10,CUST-1185,Corporate,Europe,Germany,Office Furniture,Acoustic Office Pods,3776.07,2,0.05,7174.53,4042.11,3132.42,Delivered,2
ORD-21576,2026-01-17,CUST-1166,Consumer,North America,Canada,Electronics,Smartphones & Tablets,903.06,1,0.0,903.06,627.75,275.31,Delivered,3
ORD-21577,2026-05-13,CUST-1253,Enterprise,Asia Pacific,Japan,Software & Cloud,Enterprise CRM License,604.28,1,0.15,513.64,137.98,375.66,Delivered,3
ORD-21578,2025-07-24,CUST-1018,Corporate,Latin America,Colombia,Electronics,Smartphones & Tablets,732.78,1,0.05,696.14,511.99,184.15,Shipped,3
ORD-21579,2025-01-20,CUST-1102,Small Business,Latin America,Colombia,Electronics,Smartphones & Tablets,1193.31,1,0.0,1193.31,746.95,446.36,Delivered,3
ORD-21580,2026-05-01,CUST-1079,Corporate,Europe,Netherlands,Software & Cloud,Enterprise CRM License,1958.06,1,0.1,1762.25,332.02,1430.23,Delivered,4
ORD-21581,2025-08-03,CUST-1241,Corporate,Europe,United Kingdom,Software & Cloud,DevOps Productivity Tools,571.78,3,0.0,1715.34,301.36,1413.98,Delivered,1
ORD-21582,2026-04-10,CUST-1327,Enterprise,Europe,Netherlands,Office Supplies,Presentation Equipment,576.88,1,0.1,519.19,294.06,225.13,Delivered,4
ORD-21583,2026-07-02,CUST-1210,Corporate,Europe,United Kingdom,Office Furniture,LED Desk Lighting,73.56,3,0.2,176.54,93.54,83.0,Cancelled,1
ORD-21584,2025-04-25,CUST-1184,Corporate,Europe,Netherlands,Software & Cloud,Enterprise CRM License,2924.32,1,0.05,2778.1,437.15,2340.95,Delivered,4
ORD-21585,2025-05-07,CUST-1089,Corporate,Asia Pacific,India,Software & Cloud,AI Assistant Subscription,750.79,2,0.0,1501.58,366.38,1135.2,Delivered,4
ORD-21586,2025-06-01,CUST-1173,Small Business,Asia Pacific,Australia,Electronics,Smartphones & Tablets,781.75,1,0.0,781.75,563.05,218.7,Delivered,3
ORD-21587,2025-09-27,CUST-1118,Small Business,Asia Pacific,Singapore,Office Furniture,Acoustic Office Pods,4817.02,1,0.0,4817.02,2969.65,1847.37,Delivered,3
ORD-21588,2025-09-12,CUST-1067,Enterprise,Europe,Spain,Electronics,Monitors & Displays,454.42,4,0.05,1726.8,1317.4,409.4,Delivered,4
ORD-21589,2026-07-23,CUST-1043,Corporate,Asia Pacific,Japan,Office Furniture,Conference Tables,2470.72,2,0.0,4941.44,2804.35,2137.09,Delivered,5
ORD-21590,2025-10-13,CUST-1139,Enterprise,Europe,France,Software & Cloud,Enterprise CRM License,681.95,1,0.1,613.76,85.66,528.1,Delivered,3
ORD-21591,2026-03-19,CUST-1099,Enterprise,North America,Canada,Software & Cloud,Cloud Analytics Suite,2853.36,2,0.0,5706.72,1031.16,4675.56,Delivered,4
ORD-21592,2026-04-02,CUST-1343,Corporate,North America,Canada,Electronics,Laptops & Workstations,1274.7,2,0.0,2549.4,2037.02,512.38,Shipped,4
ORD-21593,2025-06-19,CUST-1016,Enterprise,North America,Canada,Office Furniture,Adjustable Standing Desks,778.14,1,0.0,778.14,373.11,405.03,Delivered,4
ORD-21594,2025-02-15,CUST-1094,Enterprise,North America,Mexico,Office Supplies,Presentation Equipment,484.72,4,0.05,1841.94,1133.49,708.45,Delivered,4
ORD-21595,2025-07-20,CUST-1120,Corporate,Middle East & Africa,South Africa,Office Furniture,LED Desk Lighting,158.99,2,0.0,317.98,205.94,112.04,Delivered,4
ORD-21596,2025-07-27,CUST-1036,Consumer,North America,Canada,Electronics,Monitors & Displays,654.41,10,0.0,6544.1,4868.92,1675.18,Delivered,4
ORD-21597,2025-12-05,CUST-1080,Small Business,Latin America,Brazil,Software & Cloud,AI Assistant Subscription,585.47,2,0.1,1053.85,224.24,829.61,Shipped,5
ORD-21598,2026-02-22,CUST-1159,Enterprise,Europe,France,Office Furniture,Ergonomic Executive Chairs,358.83,2,0.0,717.66,440.17,277.49,Processing,4
ORD-21599,2025-07-08,CUST-1021,Small Business,North America,Canada,Office Furniture,Adjustable Standing Desks,1129.71,1,0.0,1129.71,524.38,605.33,Processing,3
ORD-21600,2026-03-03,CUST-1338,Small Business,Europe,France,Electronics,Laptops & Workstations,1424.26,1,0.1,1281.83,809.06,472.77,Shipped,4
ORD-21601,2026-06-24,CUST-1369,Enterprise,Europe,United Kingdom,Electronics,Laptops & Workstations,2201.54,1,0.0,2201.54,1558.76,642.78,Delivered,3
ORD-21602,2025-02-27,CUST-1303,Small Business,Asia Pacific,India,Software & Cloud,AI Assistant Subscription,331.57,4,0.1,1193.65,296.78,896.87,Delivered,4
ORD-21603,2025-10-05,CUST-1384,Consumer,North America,Mexico,Software & Cloud,Enterprise CRM License,1664.35,2,0.15,2829.39,611.24,2218.15,Delivered,4
ORD-21604,2025-10-13,CUST-1259,Small Business,Europe,Spain,Electronics,Wireless Audio,179.24,1,0.0,179.24,122.14,57.1,Delivered,4
ORD-21605,2026-03-08,CUST-1131,Corporate,North America,Canada,Office Furniture,Ergonomic Executive Chairs,700.38,1,0.0,700.38,339.38,361.0,Delivered,5
ORD-21606,2026-07-20,CUST-1038,Small Business,North America,Mexico,Electronics,Monitors & Displays,560.02,3,0.1,1512.05,1040.37,471.68,Delivered,2
ORD-21607,2025-12-27,CUST-1042,Small Business,Europe,Germany,Software & Cloud,DevOps Productivity Tools,380.45,2,0.0,760.9,180.21,580.69,Delivered,5
ORD-21608,2025-04-07,CUST-1396,Corporate,Europe,Spain,Office Furniture,Adjustable Standing Desks,998.28,1,0.0,998.28,525.49,472.79,Cancelled,1
ORD-21609,2025-06-14,CUST-1298,Enterprise,Europe,France,Software & Cloud,Enterprise CRM License,668.74,3,0.0,2006.22,453.41,1552.81,Delivered,3
ORD-21610,2025-03-01,CUST-1145,Enterprise,North America,USA,Electronics,Smart Wearables,377.29,3,0.1,1018.68,738.17,280.51,Delivered,4
ORD-21611,2026-07-08,CUST-1144,Small Business,North America,USA,Software & Cloud,Cybersecurity Suite,1978.06,10,0.05,18791.57,4573.31,14218.26,Delivered,4
ORD-21612,2025-06-10,CUST-1160,Small Business,Europe,France,Software & Cloud,DevOps Productivity Tools,666.14,2,0.0,1332.28,199.76,1132.52,Shipped,5
ORD-21613,2025-07-04,CUST-1109,Consumer,Asia Pacific,Australia,Electronics,Smart Wearables,346.52,1,0.15,294.54,183.73,110.81,Delivered,2
ORD-21614,2025-11-10,CUST-1148,Corporate,Latin America,Brazil,Software & Cloud,AI Assistant Subscription,803.31,1,0.0,803.31,185.05,618.26,Delivered,3
ORD-21615,2025-02-23,CUST-1224,Corporate,Asia Pacific,India,Electronics,Laptops & Workstations,2061.57,8,0.05,15667.93,11087.46,4580.47,Delivered,4
ORD-21616,2025-07-05,CUST-1161,Corporate,Europe,Germany,Electronics,Monitors & Displays,554.85,3,0.0,1664.55,1188.74,475.81,Delivered,4
ORD-21617,2026-03-21,CUST-1037,Consumer,Europe,United Kingdom,Electronics,Laptops & Workstations,2459.65,3,0.0,7378.95,5701.3,1677.65,Delivered,4
ORD-21618,2025-03-01,CUST-1193,Corporate,Asia Pacific,South Korea,Software & Cloud,Cloud Analytics Suite,2980.79,3,0.0,8942.37,1869.94,7072.43,Delivered,5
ORD-21619,2026-05-06,CUST-1251,Small Business,Europe,France,Electronics,Wireless Audio,263.62,1,0.15,224.08,163.58,60.5,Processing,5
ORD-21620,2025-06-10,CUST-1283,Enterprise,Europe,France,Electronics,Monitors & Displays,764.78,15,0.0,11471.7,8656.38,2815.32,Delivered,3
ORD-21621,2025-05-10,CUST-1337,Corporate,North America,USA,Office Supplies,Storage & Archiving Units,157.37,5,0.0,786.85,397.81,389.04,Delivered,4
ORD-21622,2025-02-21,CUST-1204,Small Business,Asia Pacific,Australia,Electronics,Monitors & Displays,398.44,1,0.1,358.6,262.23,96.37,Delivered,3
ORD-21623,2026-04-09,CUST-1223,Enterprise,North America,USA,Software & Cloud,AI Assistant Subscription,474.7,1,0.15,403.5,67.12,336.38,Cancelled,2
ORD-21624,2026-03-27,CUST-1189,Corporate,Europe,Spain,Software & Cloud,Cybersecurity Suite,423.02,2,0.1,761.44,146.64,614.8,Delivered,5
ORD-21625,2025-04-16,CUST-1388,Corporate,North America,Mexico,Software & Cloud,Cloud Analytics Suite,3437.44,2,0.05,6531.14,1853.15,4677.99,Delivered,4
ORD-21626,2025-10-24,CUST-1352,Small Business,Europe,Germany,Electronics,Smartphones & Tablets,750.72,2,0.15,1276.22,858.36,417.86,Shipped,4
ORD-21627,2026-06-17,CUST-1009,Consumer,Asia Pacific,Japan,Office Furniture,LED Desk Lighting,120.15,3,0.05,342.43,169.06,173.37,Delivered,5
ORD-21628,2026-06-09,CUST-1296,Small Business,Middle East & Africa,UAE,Electronics,Smartphones & Tablets,1315.95,3,0.0,3947.85,2409.73,1538.12,Delivered,5
ORD-21629,2026-01-17,CUST-1354,Consumer,Europe,France,Office Furniture,LED Desk Lighting,115.83,3,0.1,312.74,189.44,123.3,Delivered,4
ORD-21630,2026-05-03,CUST-1186,Corporate,Europe,Germany,Electronics,Smartphones & Tablets,1009.89,2,0.0,2019.78,1243.13,776.65,Delivered,4
ORD-21631,2026-05-07,CUST-1064,Small Business,North America,USA,Software & Cloud,Enterprise CRM License,989.78,3,0.0,2969.34,777.57,2191.77,Delivered,5
ORD-21632,2025-09-23,CUST-1142,Enterprise,North America,USA,Software & Cloud,Cybersecurity Suite,1057.26,1,0.05,1004.4,207.51,796.89,Processing,4
ORD-21633,2026-06-03,CUST-1292,Corporate,Europe,Germany,Electronics,Smartphones & Tablets,1102.04,5,0.0,5510.2,3718.09,1792.11,Delivered,4
ORD-21634,2025-03-27,CUST-1149,Corporate,Asia Pacific,Japan,Software & Cloud,Cybersecurity Suite,1543.25,1,0.0,1543.25,282.85,1260.4,Delivered,4
ORD-21635,2026-01-11,CUST-1327,Enterprise,North America,USA,Office Furniture,Ergonomic Executive Chairs,652.59,4,0.05,2479.84,1330.96,1148.88,Delivered,4
ORD-21636,2025-09-12,CUST-1145,Enterprise,North America,USA,Electronics,Laptops & Workstations,2119.08,1,0.0,2119.08,1280.84,838.24,Shipped,4
ORD-21637,2025-03-15,CUST-1058,Corporate,Europe,Spain,Software & Cloud,Cloud Analytics Suite,2634.21,3,0.0,7902.63,1663.75,6238.88,Delivered,5
ORD-21638,2025-02-04,CUST-1311,Enterprise,Middle East & Africa,UAE,Software & Cloud,Cybersecurity Suite,444.43,1,0.15,377.77,74.67,303.1,Delivered,4
ORD-21639,2025-04-23,CUST-1211,Corporate,North America,USA,Office Supplies,Storage & Archiving Units,183.88,4,0.05,698.74,361.52,337.22,Delivered,4
ORD-21640,2025-11-04,CUST-1182,Corporate,North America,USA,Office Supplies,Presentation Equipment,172.93,5,0.0,864.65,472.76,391.89,Shipped,4
ORD-21641,2025-11-22,CUST-1170,Corporate,Asia Pacific,South Korea,Office Furniture,Conference Tables,1745.14,5,0.0,8725.7,3929.38,4796.32,Processing,3
ORD-21642,2025-07-04,CUST-1366,Corporate,North America,USA,Electronics,Monitors & Displays,755.57,8,0.0,6044.56,4160.76,1883.8,Delivered,4
ORD-21643,2026-03-13,CUST-1107,Small Business,North America,Mexico,Software & Cloud,Enterprise CRM License,2438.19,1,0.0,2438.19,369.74,2068.45,Delivered,4
ORD-21644,2026-05-02,CUST-1304,Enterprise,North America,USA,Software & Cloud,AI Assistant Subscription,677.9,1,0.0,677.9,89.81,588.09,Delivered,3
ORD-21645,2025-07-27,CUST-1200,Small Business,Europe,Spain,Software & Cloud,Cloud Analytics Suite,3764.18,2,0.1,6775.52,1972.51,4803.01,Delivered,3
ORD-21646,2025-09-20,CUST-1009,Enterprise,Asia Pacific,South Korea,Office Furniture,LED Desk Lighting,158.58,2,0.05,301.3,195.11,106.19,Delivered,5
ORD-21647,2026-07-21,CUST-1355,Small Business,Middle East & Africa,South Africa,Electronics,Smartphones & Tablets,814.62,1,0.0,814.62,605.48,209.14,Delivered,4
ORD-21648,2026-01-29,CUST-1238,Corporate,North America,Canada,Office Furniture,Conference Tables,1462.32,4,0.0,5849.28,2645.33,3203.95,Delivered,3
ORD-21649,2025-01-05,CUST-1119,Corporate,Asia Pacific,South Korea,Office Supplies,Breakroom Supplies,41.04,1,0.1,36.94,19.25,17.69,Delivered,4
ORD-21650,2026-07-04,CUST-1010,Corporate,North America,Canada,Office Supplies,Presentation Equipment,312.74,1,0.0,312.74,176.91,135.83,Delivered,4
ORD-21651,2025-01-14,CUST-1224,Corporate,Asia Pacific,South Korea,Electronics,Monitors & Displays,647.41,3,0.1,1748.01,1095.29,652.72,Delivered,4
ORD-21652,2026-01-01,CUST-1034,Corporate,North America,Mexico,Software & Cloud,DevOps Productivity Tools,998.6,4,0.0,3994.4,989.24,3005.16,Processing,4
ORD-21653,2025-09-23,CUST-1323,Corporate,North America,USA,Electronics,Smartphones & Tablets,715.61,1,0.0,715.61,489.03,226.58,Delivered,5
ORD-21654,2025-09-18,CUST-1387,Consumer,Europe,United Kingdom,Electronics,Wireless Audio,149.86,3,0.0,449.58,326.66,122.92,Delivered,4
ORD-21655,2026-06-04,CUST-1281,Small Business,North America,USA,Electronics,Laptops & Workstations,2166.99,5,0.05,10293.2,6307.52,3985.68,Shipped,3
ORD-21656,2026-02-25,CUST-1237,Corporate,Latin America,Chile,Electronics,Monitors & Displays,264.12,1,0.15,224.5,149.6,74.9,Delivered,3
ORD-21657,2025-07-19,CUST-1215,Small Business,Latin America,Colombia,Office Furniture,Conference Tables,1467.73,1,0.0,1467.73,870.2,597.53,Delivered,4
ORD-21658,2025-02-08,CUST-1351,Corporate,North America,Mexico,Electronics,Wireless Audio,113.78,1,0.0,113.78,86.42,27.36,Delivered,5
ORD-21659,2025-07-23,CUST-1149,Corporate,Europe,Netherlands,Software & Cloud,AI Assistant Subscription,896.67,1,0.0,896.67,251.97,644.7,Delivered,4
ORD-21660,2025-01-11,CUST-1322,Corporate,North America,Mexico,Electronics,Wireless Audio,117.52,2,0.15,199.78,140.34,59.44,Delivered,4
ORD-21661,2025-07-17,CUST-1387,Corporate,North America,USA,Software & Cloud,Cybersecurity Suite,598.24,3,0.0,1794.72,348.54,1446.18,Delivered,5
ORD-21662,2025-01-02,CUST-1130,Consumer,Europe,Netherlands,Office Supplies,Paper & Stationeries Pack,83.46,1,0.0,83.46,42.25,41.21,Delivered,3
ORD-21663,2025-03-29,CUST-1313,Small Business,North America,Mexico,Software & Cloud,DevOps Productivity Tools,452.58,3,0.1,1221.97,200.97,1021.0,Shipped,4
ORD-21664,2025-02-28,CUST-1011,Small Business,Europe,Germany,Software & Cloud,Cloud Analytics Suite,1528.31,1,0.0,1528.31,223.37,1304.94,Delivered,4
ORD-21665,2026-06-28,CUST-1246,Enterprise,Europe,France,Office Furniture,Adjustable Standing Desks,1229.49,1,0.2,983.59,636.28,347.31,Delivered,4
ORD-21666,2025-05-09,CUST-1245,Enterprise,Europe,France,Software & Cloud,Cloud Analytics Suite,4394.7,8,0.15,29883.96,4235.45,25648.51,Delivered,4
ORD-21667,2025-09-07,CUST-1025,Enterprise,Europe,United Kingdom,Office Supplies,Storage & Archiving Units,195.42,3,0.0,586.26,301.01,285.25,Delivered,4
ORD-21668,2025-10-11,CUST-1261,Corporate,Asia Pacific,Australia,Electronics,Smart Wearables,409.45,8,0.05,3111.82,2064.84,1046.98,Delivered,4
ORD-21669,2026-01-29,CUST-1045,Corporate,North America,Canada,Electronics,Smartphones & Tablets,689.31,4,0.05,2619.38,1678.58,940.8,Cancelled,2
ORD-21670,2025-04-23,CUST-1275,Corporate,Asia Pacific,South Korea,Electronics,Monitors & Displays,710.89,1,0.0,710.89,553.06,157.83,Delivered,5
ORD-21671,2025-02-01,CUST-1001,Consumer,Asia Pacific,Australia,Office Furniture,Conference Tables,2796.69,2,0.05,5313.71,3430.06,1883.65,Delivered,5
ORD-21672,2025-12-29,CUST-1200,Enterprise,Asia Pacific,South Korea,Electronics,Monitors & Displays,483.01,2,0.0,966.02,671.64,294.38,Delivered,2
ORD-21673,2026-02-19,CUST-1222,Enterprise,Europe,United Kingdom,Office Furniture,Adjustable Standing Desks,1359.68,1,0.0,1359.68,848.63,511.05,Delivered,3
ORD-21674,2026-05-24,CUST-1008,Small Business,Europe,Spain,Office Furniture,Conference Tables,2199.4,2,0.15,3738.98,2124.07,1614.91,Delivered,4
ORD-21675,2025-02-14,CUST-1049,Small Business,North America,Canada,Office Furniture,Conference Tables,2018.78,1,0.05,1917.84,904.12,1013.72,Delivered,3
ORD-21676,2025-01-12,CUST-1002,Consumer,North America,USA,Office Furniture,Acoustic Office Pods,3946.65,1,0.05,3749.32,2245.24,1504.08,Delivered,3
ORD-21677,2026-06-26,CUST-1360,Small Business,Europe,France,Electronics,Smartphones & Tablets,620.75,1,0.0,620.75,446.71,174.04,Delivered,4
ORD-21678,2026-07-15,CUST-1149,Corporate,North America,USA,Office Furniture,Adjustable Standing Desks,993.8,1,0.1,894.42,565.67,328.75,Delivered,4
ORD-21679,2025-12-06,CUST-1158,Corporate,Europe,Spain,Electronics,Smartphones & Tablets,1051.71,5,0.0,5258.55,3831.05,1427.5,Delivered,4
ORD-21680,2025-08-29,CUST-1317,Consumer,North America,Mexico,Software & Cloud,Cybersecurity Suite,610.58,5,0.15,2594.97,371.66,2223.31,Delivered,4
ORD-21681,2025-02-03,CUST-1328,Enterprise,Europe,United Kingdom,Software & Cloud,Cybersecurity Suite,1328.37,3,0.0,3985.11,511.92,3473.19,Delivered,1
ORD-21682,2025-07-20,CUST-1193,Enterprise,North America,Canada,Software & Cloud,DevOps Productivity Tools,1446.08,5,0.0,7230.4,2058.24,5172.16,Delivered,4
ORD-21683,2025-03-12,CUST-1370,Small Business,Europe,Spain,Office Supplies,Storage & Archiving Units,159.5,2,0.0,319.0,174.41,144.59,Delivered,4
ORD-21684,2025-12-07,CUST-1150,Small Business,North America,Canada,Electronics,Monitors & Displays,663.85,5,0.2,2655.4,1946.54,708.86,Delivered,4
ORD-21685,2025-03-15,CUST-1166,Small Business,Asia Pacific,Australia,Office Furniture,Conference Tables,1643.33,2,0.15,2793.66,1677.72,1115.94,Delivered,3
ORD-21686,2025-08-20,CUST-1286,Small Business,North America,Canada,Office Furniture,Adjustable Standing Desks,993.11,3,0.05,2830.36,1400.21,1430.15,Delivered,5
ORD-21687,2025-05-04,CUST-1388,Small Business,Europe,Netherlands,Electronics,Smartphones & Tablets,1129.77,2,0.15,1920.61,1404.59,516.02,Delivered,4
ORD-21688,2025-04-20,CUST-1334,Consumer,North America,USA,Electronics,Smartphones & Tablets,646.14,1,0.0,646.14,423.42,222.72,Delivered,3
ORD-21689,2026-02-11,CUST-1378,Small Business,North America,Mexico,Software & Cloud,Enterprise CRM License,873.54,4,0.1,3144.74,466.37,2678.37,Delivered,5
ORD-21690,2025-08-24,CUST-1049,Corporate,North America,Mexico,Office Furniture,LED Desk Lighting,122.46,1,0.05,116.34,60.76,55.58,Delivered,4
ORD-21691,2025-07-04,CUST-1057,Small Business,Europe,France,Office Supplies,Storage & Archiving Units,115.62,4,0.1,416.23,212.13,204.1,Delivered,4
ORD-21692,2025-05-22,CUST-1216,Small Business,Europe,Spain,Electronics,Wireless Audio,260.75,2,0.05,495.42,341.67,153.75,Shipped,5
ORD-21693,2026-03-10,CUST-1195,Enterprise,North America,Mexico,Software & Cloud,Enterprise CRM License,1977.45,2,0.0,3954.9,951.27,3003.63,Delivered,4
ORD-21694,2026-06-24,CUST-1177,Corporate,Middle East & Africa,UAE,Office Supplies,Storage & Archiving Units,156.75,1,0.0,156.75,87.03,69.72,Delivered,3
ORD-21695,2025-03-06,CUST-1307,Small Business,North America,Canada,Electronics,Smartphones & Tablets,710.93,15,0.0,10663.95,8239.95,2424.0,Delivered,4
ORD-21696,2025-10-14,CUST-1038,Corporate,Europe,France,Office Furniture,LED Desk Lighting,127.75,3,0.0,383.25,222.88,160.37,Delivered,3
ORD-21697,2026-05-25,CUST-1099,Enterprise,Middle East & Africa,UAE,Software & Cloud,DevOps Productivity Tools,1043.03,3,0.0,3129.09,592.12,2536.97,Delivered,1
ORD-21698,2026-06-07,CUST-1259,Corporate,North America,Canada,Office Supplies,High-Volume Printers,1199.15,4,0.1,4316.94,2798.52,1518.42,Delivered,4
ORD-21699,2025-04-25,CUST-1062,Corporate,Europe,France,Software & Cloud,DevOps Productivity Tools,951.59,10,0.0,9515.9,2019.58,7496.32,Delivered,4
ORD-21700,2025-03-07,CUST-1312,Corporate,Europe,France,Office Furniture,Acoustic Office Pods,4053.59,2,0.1,7296.46,3533.15,3763.31,Cancelled,1
ORD-21701,2026-03-14,CUST-1336,Enterprise,Europe,Spain,Software & Cloud,Cloud Analytics Suite,3313.29,1,0.0,3313.29,617.94,2695.35,Delivered,4
ORD-21702,2026-05-26,CUST-1177,Corporate,North America,Canada,Electronics,Laptops & Workstations,1323.41,2,0.1,2382.14,1781.73,600.41,Delivered,4
ORD-21703,2025-02-26,CUST-1317,Corporate,Latin America,Colombia,Electronics,Smartphones & Tablets,1374.03,3,0.2,3297.67,2351.64,946.03,Delivered,4
ORD-21704,2025-02-27,CUST-1276,Consumer,Europe,Netherlands,Electronics,Smart Wearables,158.11,1,0.1,142.3,104.88,37.42,Delivered,3
ORD-21705,2025-04-17,CUST-1363,Consumer,Europe,Spain,Electronics,Smart Wearables,416.71,1,0.0,416.71,283.9,132.81,Delivered,3
ORD-21706,2025-06-24,CUST-1015,Corporate,Europe,France,Electronics,Laptops & Workstations,1453.06,2,0.1,2615.51,1658.45,957.06,Delivered,5
ORD-21707,2025-05-14,CUST-1058,Enterprise,Europe,Netherlands,Electronics,Smartphones & Tablets,1156.29,8,0.1,8325.29,5275.78,3049.51,Delivered,4
ORD-21708,2026-05-08,CUST-1147,Consumer,North America,USA,Software & Cloud,AI Assistant Subscription,926.76,1,0.05,880.42,125.74,754.68,Delivered,3
ORD-21709,2025-11-26,CUST-1045,Corporate,Middle East & Africa,Saudi Arabia,Software & Cloud,DevOps Productivity Tools,889.71,3,0.15,2268.76,380.94,1887.82,Delivered,1
ORD-21710,2025-09-10,CUST-1185,Corporate,Europe,United Kingdom,Electronics,Laptops & Workstations,1702.47,5,0.0,8512.35,5248.75,3263.6,Delivered,3
ORD-21711,2026-03-04,CUST-1128,Enterprise,North America,USA,Office Furniture,Acoustic Office Pods,2417.42,1,0.2,1933.94,1055.5,878.44,Delivered,3
ORD-21712,2025-07-07,CUST-1294,Small Business,North America,Canada,Electronics,Monitors & Displays,700.26,3,0.15,1785.66,1105.49,680.17,Delivered,4
ORD-21713,2025-01-16,CUST-1389,Small Business,North America,USA,Electronics,Smart Wearables,201.91,1,0.15,171.62,117.48,54.14,Delivered,5
ORD-21714,2025-09-29,CUST-1187,Corporate,Europe,Germany,Software & Cloud,DevOps Productivity Tools,302.85,1,0.05,287.71,83.99,203.72,Delivered,3
ORD-21715,2026-05-06,CUST-1211,Small Business,North America,USA,Office Furniture,Ergonomic Executive Chairs,417.27,1,0.2,333.82,216.61,117.21,Delivered,4
ORD-21716,2026-05-06,CUST-1237,Small Business,Europe,Netherlands,Electronics,Smart Wearables,187.29,1,0.05,177.93,116.88,61.05,Delivered,3
ORD-21717,2025-04-09,CUST-1127,Enterprise,North America,Canada,Electronics,Smart Wearables,202.81,1,0.0,202.81,132.13,70.68,Delivered,5
ORD-21718,2025-11-21,CUST-1342,Consumer,North America,USA,Electronics,Smart Wearables,234.95,1,0.0,234.95,170.12,64.83,Delivered,5
ORD-21719,2026-03-09,CUST-1046,Small Business,North America,USA,Office Furniture,Acoustic Office Pods,2080.66,10,0.05,19766.27,11068.92,8697.35,Processing,4
ORD-21720,2025-10-22,CUST-1056,Enterprise,Asia Pacific,Japan,Electronics,Wireless Audio,338.4,1,0.0,338.4,216.79,121.61,Delivered,3
ORD-21721,2026-02-09,CUST-1288,Corporate,Asia Pacific,Japan,Office Supplies,Paper & Stationeries Pack,37.03,2,0.05,70.36,48.78,21.58,Delivered,4
ORD-21722,2025-02-16,CUST-1273,Small Business,Asia Pacific,Japan,Software & Cloud,Cloud Analytics Suite,2360.9,3,0.1,6374.43,836.84,5537.59,Shipped,5
ORD-21723,2026-05-11,CUST-1255,Consumer,North America,Canada,Electronics,Wireless Audio,241.24,1,0.05,229.18,170.58,58.6,Shipped,3
ORD-21724,2026-03-19,CUST-1281,Enterprise,Europe,France,Software & Cloud,Cloud Analytics Suite,3941.51,1,0.15,3350.28,439.73,2910.55,Delivered,5
ORD-21725,2025-10-13,CUST-1317,Enterprise,North America,Mexico,Electronics,Wireless Audio,340.81,1,0.05,323.77,243.91,79.86,Cancelled,2
ORD-21726,2025-10-11,CUST-1320,Consumer,Europe,Germany,Software & Cloud,Enterprise CRM License,829.58,2,0.0,1659.16,309.29,1349.87,Delivered,4
ORD-21727,2026-02-17,CUST-1249,Corporate,Europe,Germany,Software & Cloud,Cybersecurity Suite,580.4,1,0.0,580.4,153.47,426.93,Delivered,2
ORD-21728,2025-09-10,CUST-1039,Corporate,North America,Canada,Electronics,Smartphones & Tablets,840.57,2,0.0,1681.14,1138.31,542.83,Delivered,3
ORD-21729,2026-01-07,CUST-1110,Corporate,Europe,United Kingdom,Electronics,Laptops & Workstations,2205.63,1,0.0,2205.63,1636.94,568.69,Delivered,4
ORD-21730,2025-05-18,CUST-1336,Corporate,North America,USA,Software & Cloud,Cybersecurity Suite,1752.07,1,0.0,1752.07,306.94,1445.13,Delivered,5
ORD-21731,2026-01-28,CUST-1180,Corporate,Asia Pacific,Australia,Electronics,Smart Wearables,428.63,2,0.2,685.81,527.11,158.7,Delivered,4
ORD-21732,2025-09-10,CUST-1360,Enterprise,Asia Pacific,India,Office Supplies,Paper & Stationeries Pack,56.5,1,0.0,56.5,32.8,23.7,Delivered,4
ORD-21733,2026-04-05,CUST-1250,Corporate,Middle East & Africa,Saudi Arabia,Software & Cloud,Cybersecurity Suite,448.55,2,0.0,897.1,123.68,773.42,Delivered,3
ORD-21734,2026-04-03,CUST-1312,Small Business,Latin America,Colombia,Software & Cloud,Cybersecurity Suite,1344.11,4,0.0,5376.44,744.82,4631.62,Delivered,4
ORD-21735,2026-05-25,CUST-1209,Corporate,Asia Pacific,Singapore,Office Furniture,Ergonomic Executive Chairs,897.99,1,0.15,763.29,370.55,392.74,Delivered,3
ORD-21736,2025-08-28,CUST-1207,Enterprise,Asia Pacific,Australia,Software & Cloud,Cloud Analytics Suite,4494.44,1,0.05,4269.72,1146.85,3122.87,Shipped,3
ORD-21737,2026-06-08,CUST-1112,Enterprise,North America,Mexico,Electronics,Laptops & Workstations,2319.43,5,0.1,10437.43,7637.28,2800.15,Delivered,4
ORD-21738,2025-05-24,CUST-1264,Corporate,North America,USA,Software & Cloud,Cybersecurity Suite,1580.98,1,0.1,1422.88,189.16,1233.72,Shipped,3
ORD-21739,2026-06-06,CUST-1086,Small Business,Europe,Germany,Electronics,Monitors & Displays,570.65,1,0.0,570.65,370.35,200.3,Delivered,3
ORD-21740,2026-04-13,CUST-1242,Small Business,North America,Canada,Office Furniture,Acoustic Office Pods,4389.53,1,0.1,3950.58,2032.37,1918.21,Delivered,4
ORD-21741,2025-05-25,CUST-1069,Small Business,North America,Canada,Software & Cloud,DevOps Productivity Tools,321.66,1,0.05,305.58,62.85,242.73,Delivered,3
ORD-21742,2025-09-04,CUST-1104,Corporate,North America,USA,Software & Cloud,DevOps Productivity Tools,1107.85,2,0.0,2215.7,624.27,1591.43,Delivered,5
ORD-21743,2025-02-13,CUST-1002,Corporate,Latin America,Chile,Electronics,Smart Wearables,397.5,1,0.05,377.62,251.81,125.81,Shipped,3
ORD-21744,2026-03-04,CUST-1007,Enterprise,Europe,United Kingdom,Software & Cloud,AI Assistant Subscription,336.2,1,0.0,336.2,94.77,241.43,Delivered,3
ORD-21745,2025-08-21,CUST-1141,Small Business,Asia Pacific,Singapore,Electronics,Monitors & Displays,500.25,1,0.0,500.25,372.01,128.24,Delivered,4
ORD-21746,2026-06-03,CUST-1263,Corporate,Asia Pacific,Japan,Electronics,Laptops & Workstations,2249.11,2,0.0,4498.22,3492.4,1005.82,Delivered,3
ORD-21747,2025-01-09,CUST-1080,Small Business,North America,Mexico,Software & Cloud,Cloud Analytics Suite,845.77,1,0.0,845.77,151.86,693.91,Delivered,3
ORD-21748,2025-07-21,CUST-1097,Enterprise,Europe,Netherlands,Software & Cloud,Cybersecurity Suite,1947.31,3,0.1,5257.74,1478.08,3779.66,Cancelled,2
ORD-21749,2025-12-30,CUST-1326,Small Business,North America,Canada,Software & Cloud,DevOps Productivity Tools,334.3,1,0.0,334.3,83.66,250.64,Delivered,3
ORD-21750,2025-04-30,CUST-1219,Corporate,Asia Pacific,Singapore,Electronics,Monitors & Displays,619.12,1,0.15,526.25,339.77,186.48,Delivered,4
ORD-21751,2025-08-30,CUST-1145,Corporate,North America,Mexico,Office Furniture,Acoustic Office Pods,3023.27,1,0.1,2720.94,1367.43,1353.51,Shipped,4
ORD-21752,2026-06-14,CUST-1390,Enterprise,Europe,Germany,Office Furniture,Adjustable Standing Desks,1088.33,2,0.05,2067.83,1331.64,736.19,Delivered,5
ORD-21753,2025-02-04,CUST-1307,Enterprise,Europe,United Kingdom,Electronics,Wireless Audio,134.36,3,0.1,362.77,284.78,77.99,Delivered,5
ORD-21754,2025-12-19,CUST-1046,Small Business,Europe,France,Office Supplies,Paper & Stationeries Pack,45.65,1,0.1,41.09,23.62,17.47,Shipped,5
ORD-21755,2026-06-03,CUST-1196,Enterprise,North America,Canada,Office Supplies,Breakroom Supplies,132.5,2,0.2,212.0,139.67,72.33,Delivered,3
ORD-21756,2025-11-02,CUST-1313,Corporate,Europe,France,Electronics,Wireless Audio,268.58,2,0.0,537.16,393.05,144.11,Delivered,4
ORD-21757,2025-06-16,CUST-1017,Corporate,Europe,Netherlands,Software & Cloud,DevOps Productivity Tools,1456.93,10,0.0,14569.3,2301.67,12267.63,Delivered,4
ORD-21758,2025-08-03,CUST-1065,Small Business,Europe,Netherlands,Office Furniture,LED Desk Lighting,154.21,3,0.0,462.63,249.56,213.07,Delivered,3
ORD-21759,2025-05-26,CUST-1388,Small Business,Europe,Spain,Software & Cloud,DevOps Productivity Tools,556.19,4,0.0,2224.76,595.1,1629.66,Shipped,5
ORD-21760,2025-01-27,CUST-1188,Small Business,North America,Mexico,Electronics,Laptops & Workstations,2298.23,15,0.15,29302.43,21198.27,8104.16,Delivered,4
ORD-21761,2025-05-10,CUST-1313,Corporate,Latin America,Brazil,Software & Cloud,Enterprise CRM License,2065.46,4,0.1,7435.66,1593.29,5842.37,Delivered,2
ORD-21762,2025-03-01,CUST-1115,Small Business,Europe,United Kingdom,Electronics,Wireless Audio,167.13,1,0.0,167.13,110.39,56.74,Delivered,4
ORD-21763,2025-06-16,CUST-1047,Small Business,Latin America,Chile,Software & Cloud,Enterprise CRM License,1353.81,1,0.0,1353.81,352.72,1001.09,Delivered,4
ORD-21764,2026-02-28,CUST-1241,Corporate,Asia Pacific,Japan,Software & Cloud,Cybersecurity Suite,1400.51,5,0.0,7002.55,1338.96,5663.59,Delivered,4
ORD-21765,2025-12-15,CUST-1151,Small Business,North America,Canada,Electronics,Smartphones & Tablets,1121.62,4,0.0,4486.48,3319.46,1167.02,Delivered,5
ORD-21766,2025-07-31,CUST-1267,Enterprise,North America,USA,Office Furniture,LED Desk Lighting,135.21,10,0.0,1352.1,629.01,723.09,Delivered,4
ORD-21767,2025-12-10,CUST-1259,Consumer,Europe,Netherlands,Software & Cloud,Cloud Analytics Suite,2419.82,5,0.0,12099.1,2609.91,9489.19,Delivered,4
ORD-21768,2026-01-10,CUST-1148,Small Business,Europe,Spain,Office Furniture,LED Desk Lighting,119.24,1,0.0,119.24,64.38,54.86,Delivered,1
ORD-21769,2025-03-04,CUST-1123,Small Business,Asia Pacific,Australia,Office Supplies,Paper & Stationeries Pack,105.74,1,0.05,100.45,69.1,31.35,Delivered,5
ORD-21770,2026-07-19,CUST-1229,Corporate,North America,Mexico,Office Furniture,Ergonomic Executive Chairs,825.96,1,0.1,743.36,468.56,274.8,Delivered,4
ORD-21771,2025-10-20,CUST-1125,Enterprise,North America,Canada,Office Supplies,Storage & Archiving Units,257.75,2,0.05,489.72,338.84,150.88,Delivered,4
ORD-21772,2025-10-15,CUST-1267,Small Business,North America,Canada,Office Supplies,High-Volume Printers,1130.48,1,0.0,1130.48,670.46,460.02,Delivered,4
ORD-21773,2025-10-10,CUST-1321,Corporate,Asia Pacific,Australia,Electronics,Laptops & Workstations,1220.84,1,0.05,1159.8,893.02,266.78,Delivered,4
ORD-21774,2026-05-14,CUST-1202,Corporate,Latin America,Brazil,Electronics,Laptops & Workstations,1987.99,4,0.15,6759.17,5380.27,1378.9,Delivered,5
ORD-21775,2025-07-12,CUST-1303,Corporate,Asia Pacific,India,Software & Cloud,AI Assistant Subscription,431.15,1,0.0,431.15,117.07,314.08,Delivered,3
ORD-21776,2026-05-15,CUST-1050,Corporate,North America,Mexico,Software & Cloud,AI Assistant Subscription,755.21,2,0.05,1434.9,295.06,1139.84,Delivered,4
ORD-21777,2025-12-25,CUST-1098,Corporate,North America,USA,Electronics,Smartphones & Tablets,717.78,1,0.05,681.89,512.81,169.08,Delivered,4
ORD-21778,2025-12-06,CUST-1078,Enterprise,Europe,Netherlands,Office Supplies,Breakroom Supplies,187.71,1,0.05,178.32,104.54,73.78,Shipped,4
ORD-21779,2025-07-21,CUST-1146,Corporate,Asia Pacific,India,Electronics,Monitors & Displays,287.21,4,0.05,1091.4,729.67,361.73,Delivered,3
ORD-21780,2025-05-30,CUST-1041,Small Business,North America,Canada,Electronics,Wireless Audio,307.11,1,0.05,291.75,208.86,82.89,Delivered,5
ORD-21781,2025-09-23,CUST-1351,Corporate,Europe,Netherlands,Electronics,Wireless Audio,173.2,1,0.0,173.2,137.67,35.53,Delivered,4
ORD-21782,2025-07-18,CUST-1243,Enterprise,North America,Canada,Electronics,Smartphones & Tablets,1389.68,1,0.0,1389.68,922.07,467.61,Delivered,4
ORD-21783,2026-04-24,CUST-1206,Enterprise,Europe,France,Software & Cloud,DevOps Productivity Tools,451.91,1,0.05,429.31,99.83,329.48,Delivered,4
ORD-21784,2026-07-17,CUST-1208,Enterprise,Asia Pacific,Singapore,Software & Cloud,Cloud Analytics Suite,2473.52,2,0.0,4947.04,598.81,4348.23,Delivered,5
ORD-21785,2025-02-10,CUST-1029,Corporate,Latin America,Brazil,Office Furniture,Adjustable Standing Desks,984.63,1,0.0,984.63,444.14,540.49,Processing,4
ORD-21786,2026-01-25,CUST-1157,Small Business,North America,Canada,Office Supplies,Breakroom Supplies,182.54,4,0.1,657.14,458.75,198.39,Delivered,5
ORD-21787,2026-04-25,CUST-1386,Corporate,Asia Pacific,South Korea,Office Furniture,Adjustable Standing Desks,1064.09,4,0.0,4256.36,2650.45,1605.91,Delivered,4
ORD-21788,2026-06-07,CUST-1244,Consumer,Latin America,Brazil,Office Furniture,Adjustable Standing Desks,1002.68,2,0.05,1905.09,878.67,1026.42,Delivered,4
ORD-21789,2025-06-27,CUST-1095,Enterprise,North America,Canada,Office Furniture,Acoustic Office Pods,2099.08,5,0.1,9445.86,4510.47,4935.39,Delivered,3
ORD-21790,2026-03-15,CUST-1068,Enterprise,Europe,United Kingdom,Office Supplies,High-Volume Printers,983.88,2,0.1,1770.98,904.25,866.73,Shipped,5
ORD-21791,2025-02-14,CUST-1384,Consumer,Asia Pacific,India,Software & Cloud,AI Assistant Subscription,665.97,2,0.0,1331.94,328.0,1003.94,Delivered,4
ORD-21792,2025-02-16,CUST-1389,Corporate,North America,Canada,Office Supplies,High-Volume Printers,771.32,8,0.1,5553.5,2925.35,2628.15,Delivered,4
ORD-21793,2025-06-09,CUST-1012,Small Business,Europe,Germany,Software & Cloud,Cybersecurity Suite,1281.73,10,0.0,12817.3,2626.96,10190.34,Delivered,3
ORD-21794,2026-01-12,CUST-1030,Corporate,North America,Mexico,Office Furniture,Adjustable Standing Desks,1279.38,2,0.05,2430.82,1224.08,1206.74,Cancelled,1
ORD-21795,2026-07-07,CUST-1259,Small Business,Europe,France,Electronics,Wireless Audio,272.56,3,0.0,817.68,587.45,230.23,Delivered,4
ORD-21796,2025-09-03,CUST-1134,Consumer,North America,Mexico,Office Furniture,Adjustable Standing Desks,605.24,1,0.0,605.24,298.86,306.38,Cancelled,2
ORD-21797,2026-05-09,CUST-1335,Corporate,Europe,Germany,Office Furniture,Ergonomic Executive Chairs,867.56,8,0.0,6940.48,3933.15,3007.33,Delivered,2
ORD-21798,2025-06-28,CUST-1151,Corporate,North America,USA,Software & Cloud,Enterprise CRM License,2288.52,1,0.0,2288.52,566.11,1722.41,Delivered,3
ORD-21799,2025-06-11,CUST-1149,Enterprise,Middle East & Africa,UAE,Electronics,Monitors & Displays,388.68,2,0.0,777.36,539.54,237.82,Delivered,4
ORD-21800,2026-01-28,CUST-1320,Consumer,Europe,France,Office Furniture,Adjustable Standing Desks,1266.71,5,0.0,6333.55,3639.44,2694.11,Delivered,4
ORD-21801,2026-05-05,CUST-1395,Corporate,North America,USA,Electronics,Monitors & Displays,559.58,3,0.05,1594.8,1066.44,528.36,Delivered,4
ORD-21802,2025-04-27,CUST-1339,Small Business,Asia Pacific,India,Office Supplies,Storage & Archiving Units,261.48,1,0.05,248.41,154.01,94.4,Delivered,3
ORD-21803,2025-08-13,CUST-1351,Enterprise,North America,Canada,Software & Cloud,DevOps Productivity Tools,1164.19,5,0.1,5238.86,1343.77,3895.09,Delivered,3
ORD-21804,2025-12-08,CUST-1216,Enterprise,Europe,Germany,Software & Cloud,AI Assistant Subscription,342.49,2,0.0,684.98,195.26,489.72,Delivered,5
ORD-21805,2026-06-12,CUST-1316,Corporate,Europe,Netherlands,Office Supplies,Storage & Archiving Units,282.06,3,0.0,846.18,489.02,357.16,Delivered,4
ORD-21806,2025-06-01,CUST-1227,Small Business,North America,USA,Electronics,Smartphones & Tablets,677.24,5,0.0,3386.2,2311.16,1075.04,Cancelled,1
ORD-21807,2025-06-17,CUST-1140,Corporate,Europe,United Kingdom,Office Supplies,High-Volume Printers,925.9,1,0.1,833.31,505.57,327.74,Delivered,3
ORD-21808,2026-03-18,CUST-1278,Small Business,Europe,France,Electronics,Smart Wearables,192.61,1,0.05,182.98,138.11,44.87,Delivered,3
ORD-21809,2025-09-15,CUST-1145,Small Business,North America,Canada,Office Supplies,Breakroom Supplies,61.67,2,0.05,117.17,78.06,39.11,Delivered,3
ORD-21810,2025-02-06,CUST-1392,Corporate,North America,USA,Electronics,Smart Wearables,316.02,3,0.0,948.06,747.01,201.05,Delivered,4
ORD-21811,2025-01-30,CUST-1363,Enterprise,North America,Canada,Software & Cloud,Cybersecurity Suite,703.55,3,0.15,1794.05,438.1,1355.95,Cancelled,1
ORD-21812,2026-05-30,CUST-1101,Small Business,Asia Pacific,South Korea,Software & Cloud,AI Assistant Subscription,621.98,5,0.0,3109.9,426.07,2683.83,Processing,3
ORD-21813,2026-05-05,CUST-1187,Enterprise,North America,USA,Office Furniture,Conference Tables,1797.54,1,0.05,1707.66,806.36,901.3,Delivered,4
ORD-21814,2025-05-30,CUST-1055,Corporate,Asia Pacific,Singapore,Software & Cloud,DevOps Productivity Tools,1186.84,3,0.2,2848.42,808.42,2040.0,Delivered,4
ORD-21815,2025-08-21,CUST-1082,Enterprise,North America,USA,Electronics,Wireless Audio,203.07,2,0.0,406.14,297.15,108.99,Delivered,5
ORD-21816,2025-04-23,CUST-1148,Corporate,Europe,United Kingdom,Software & Cloud,Cloud Analytics Suite,3174.99,4,0.15,10794.97,2790.85,8004.12,Delivered,4
ORD-21817,2025-10-22,CUST-1242,Consumer,North America,Canada,Office Furniture,Ergonomic Executive Chairs,426.56,5,0.0,2132.8,1305.72,827.08,Delivered,4
ORD-21818,2025-07-10,CUST-1075,Corporate,Middle East & Africa,South Africa,Software & Cloud,Cloud Analytics Suite,2382.25,4,0.05,9052.55,1369.62,7682.93,Delivered,3
ORD-21819,2026-02-19,CUST-1255,Small Business,Latin America,Brazil,Electronics,Smartphones & Tablets,1365.03,3,0.15,3480.83,2595.12,885.71,Delivered,5
ORD-21820,2025-03-06,CUST-1372,Corporate,Latin America,Colombia,Software & Cloud,AI Assistant Subscription,324.71,4,0.05,1233.9,246.45,987.45,Delivered,3
ORD-21821,2025-01-15,CUST-1336,Corporate,Europe,Germany,Electronics,Laptops & Workstations,1474.04,1,0.0,1474.04,898.21,575.83,Delivered,3
ORD-21822,2026-04-22,CUST-1072,Consumer,Europe,Netherlands,Office Furniture,Adjustable Standing Desks,920.64,2,0.1,1657.15,800.83,856.32,Delivered,5
ORD-21823,2025-08-16,CUST-1120,Enterprise,North America,Mexico,Software & Cloud,DevOps Productivity Tools,1072.78,5,0.0,5363.9,1143.37,4220.53,Delivered,3
ORD-21824,2026-05-26,CUST-1357,Corporate,North America,Canada,Office Furniture,Ergonomic Executive Chairs,893.97,2,0.15,1519.75,713.79,805.96,Delivered,5
ORD-21825,2025-09-03,CUST-1244,Corporate,Europe,United Kingdom,Software & Cloud,Cybersecurity Suite,787.7,1,0.0,787.7,199.52,588.18,Delivered,5
ORD-21826,2025-09-29,CUST-1024,Small Business,Middle East & Africa,Saudi Arabia,Software & Cloud,AI Assistant Subscription,223.45,1,0.0,223.45,42.59,180.86,Shipped,3
ORD-21827,2026-05-02,CUST-1072,Consumer,Europe,United Kingdom,Electronics,Wireless Audio,133.75,1,0.1,120.38,91.25,29.13,Delivered,4
ORD-21828,2025-07-14,CUST-1333,Enterprise,Europe,Netherlands,Office Supplies,Storage & Archiving Units,219.31,8,0.0,1754.48,947.92,806.56,Delivered,5
ORD-21829,2025-12-10,CUST-1083,Corporate,Asia Pacific,Japan,Office Furniture,LED Desk Lighting,162.04,1,0.0,162.04,74.63,87.41,Delivered,5
ORD-21830,2025-11-03,CUST-1290,Corporate,Europe,Germany,Office Furniture,Adjustable Standing Desks,724.38,2,0.05,1376.32,841.38,534.94,Delivered,4
ORD-21831,2025-11-28,CUST-1352,Enterprise,Europe,Spain,Software & Cloud,Cloud Analytics Suite,4488.16,3,0.1,12118.03,3216.35,8901.68,Delivered,4
ORD-21832,2026-05-17,CUST-1241,Enterprise,North America,USA,Office Supplies,Paper & Stationeries Pack,99.85,8,0.15,678.98,347.62,331.36,Delivered,5
ORD-21833,2025-03-10,CUST-1007,Corporate,Asia Pacific,South Korea,Office Supplies,High-Volume Printers,779.26,2,0.1,1402.67,754.45,648.22,Delivered,4
ORD-21834,2025-05-12,CUST-1206,Small Business,Europe,Netherlands,Electronics,Smart Wearables,315.44,2,0.05,599.34,435.8,163.54,Delivered,4
ORD-21835,2025-09-14,CUST-1247,Small Business,Asia Pacific,India,Office Supplies,Presentation Equipment,322.71,10,0.0,3227.1,1908.71,1318.39,Delivered,5
ORD-21836,2026-01-09,CUST-1144,Small Business,Europe,France,Office Furniture,Ergonomic Executive Chairs,901.5,8,0.1,6490.8,3107.88,3382.92,Cancelled,1
ORD-21837,2025-07-25,CUST-1345,Corporate,Latin America,Colombia,Software & Cloud,Enterprise CRM License,1867.14,3,0.0,5601.42,1206.78,4394.64,Delivered,4
ORD-21838,2025-05-29,CUST-1055,Corporate,Europe,France,Office Furniture,Acoustic Office Pods,3269.77,2,0.0,6539.54,3307.64,3231.9,Delivered,3
ORD-21839,2026-06-08,CUST-1341,Small Business,North America,Mexico,Electronics,Monitors & Displays,761.15,3,0.0,2283.45,1761.19,522.26,Delivered,5
ORD-21840,2025-01-18,CUST-1194,Small Business,Europe,Germany,Office Furniture,Adjustable Standing Desks,621.27,5,0.05,2951.03,1875.03,1076.0,Delivered,4
ORD-21841,2025-03-22,CUST-1393,Small Business,North America,Mexico,Electronics,Monitors & Displays,365.99,1,0.2,292.79,218.44,74.35,Delivered,3
ORD-21842,2026-03-19,CUST-1087,Enterprise,North America,USA,Office Furniture,Acoustic Office Pods,2470.11,3,0.05,7039.81,3479.26,3560.55,Delivered,4
ORD-21843,2025-12-02,CUST-1234,Enterprise,Europe,Netherlands,Electronics,Smartphones & Tablets,686.13,2,0.05,1303.65,847.26,456.39,Shipped,4
ORD-21844,2025-07-26,CUST-1251,Enterprise,Middle East & Africa,South Africa,Software & Cloud,Cloud Analytics Suite,3509.35,8,0.0,28074.8,6565.74,21509.06,Delivered,4
ORD-21845,2025-01-21,CUST-1149,Enterprise,North America,USA,Software & Cloud,Cybersecurity Suite,1204.06,5,0.0,6020.3,1371.95,4648.35,Delivered,5
ORD-21846,2025-08-01,CUST-1114,Consumer,Asia Pacific,South Korea,Software & Cloud,Enterprise CRM License,627.47,2,0.1,1129.45,287.7,841.75,Delivered,4
ORD-21847,2025-03-01,CUST-1062,Corporate,Europe,France,Office Supplies,Presentation Equipment,162.6,1,0.05,154.47,104.12,50.35,Delivered,4
ORD-21848,2026-07-02,CUST-1121,Corporate,Europe,France,Electronics,Monitors & Displays,739.24,3,0.0,2217.72,1581.99,635.73,Delivered,4
ORD-21849,2025-10-09,CUST-1396,Enterprise,Latin America,Colombia,Software & Cloud,Cybersecurity Suite,1580.65,2,0.0,3161.3,653.04,2508.26,Shipped,3
ORD-21850,2026-07-19,CUST-1144,Corporate,Europe,Netherlands,Software & Cloud,DevOps Productivity Tools,707.64,2,0.1,1273.75,330.91,942.84,Delivered,2
ORD-21851,2025-02-13,CUST-1231,Consumer,North America,USA,Software & Cloud,Cloud Analytics Suite,3022.14,5,0.05,14355.16,4298.88,10056.28,Delivered,5
ORD-21852,2026-03-19,CUST-1011,Corporate,North America,Canada,Electronics,Smart Wearables,436.35,3,0.0,1309.05,851.45,457.6,Delivered,5
ORD-21853,2026-03-21,CUST-1190,Corporate,Europe,Netherlands,Office Furniture,Conference Tables,1775.92,5,0.0,8879.6,5694.7,3184.9,Delivered,5
ORD-21854,2026-01-29,CUST-1284,Small Business,Asia Pacific,Australia,Office Furniture,Ergonomic Executive Chairs,578.19,2,0.0,1156.38,679.84,476.54,Delivered,3
ORD-21855,2026-06-13,CUST-1330,Small Business,Europe,United Kingdom,Office Supplies,High-Volume Printers,706.48,4,0.05,2684.62,1639.71,1044.91,Delivered,4
ORD-21856,2026-07-22,CUST-1008,Corporate,North America,Canada,Office Furniture,Acoustic Office Pods,1542.57,1,0.1,1388.31,750.82,637.49,Delivered,4
ORD-21857,2025-08-17,CUST-1232,Small Business,Europe,Spain,Software & Cloud,Enterprise CRM License,2480.58,5,0.0,12402.9,2141.07,10261.83,Delivered,2
ORD-21858,2025-07-09,CUST-1297,Small Business,Middle East & Africa,South Africa,Software & Cloud,AI Assistant Subscription,227.64,2,0.0,455.28,114.97,340.31,Delivered,5
ORD-21859,2025-05-29,CUST-1078,Corporate,Europe,France,Software & Cloud,Cybersecurity Suite,795.56,3,0.0,2386.68,294.33,2092.35,Delivered,4
ORD-21860,2025-03-13,CUST-1387,Corporate,North America,USA,Software & Cloud,AI Assistant Subscription,338.57,2,0.0,677.14,102.39,574.75,Delivered,5
ORD-21861,2025-08-14,CUST-1119,Enterprise,Asia Pacific,Japan,Office Furniture,Acoustic Office Pods,3608.64,8,0.05,27425.66,17796.05,9629.61,Delivered,4
ORD-21862,2025-01-15,CUST-1075,Small Business,North America,Canada,Electronics,Smart Wearables,187.22,2,0.05,355.72,258.33,97.39,Delivered,4
ORD-21863,2026-01-08,CUST-1375,Small Business,North America,Mexico,Office Furniture,Acoustic Office Pods,1648.92,3,0.05,4699.42,2148.93,2550.49,Delivered,5
ORD-21864,2025-08-26,CUST-1101,Corporate,Middle East & Africa,UAE,Electronics,Wireless Audio,199.87,1,0.0,199.87,154.84,45.03,Delivered,4
ORD-21865,2025-11-18,CUST-1007,Corporate,Latin America,Colombia,Office Furniture,Adjustable Standing Desks,1194.97,1,0.05,1135.22,551.04,584.18,Delivered,3
ORD-21866,2026-02-25,CUST-1313,Enterprise,North America,Mexico,Software & Cloud,Enterprise CRM License,2204.25,3,0.0,6612.75,1099.0,5513.75,Processing,4
ORD-21867,2026-05-07,CUST-1139,Corporate,North America,USA,Office Furniture,LED Desk Lighting,157.99,15,0.05,2251.36,1292.9,958.46,Cancelled,1
ORD-21868,2025-06-23,CUST-1148,Small Business,North America,Canada,Office Supplies,High-Volume Printers,902.08,2,0.0,1804.16,1034.73,769.43,Shipped,5
ORD-21869,2025-10-17,CUST-1023,Enterprise,Europe,France,Office Supplies,Paper & Stationeries Pack,40.83,1,0.05,38.79,26.37,12.42,Delivered,4
ORD-21870,2026-04-21,CUST-1169,Consumer,North America,Canada,Office Supplies,Presentation Equipment,282.34,2,0.0,564.68,346.74,217.94,Delivered,4
ORD-21871,2025-12-31,CUST-1105,Enterprise,Europe,United Kingdom,Office Supplies,High-Volume Printers,652.34,3,0.0,1957.02,1167.24,789.78,Cancelled,2
ORD-21872,2025-07-24,CUST-1000,Small Business,Asia Pacific,Japan,Office Furniture,Ergonomic Executive Chairs,407.34,3,0.0,1222.02,662.46,559.56,Delivered,2
ORD-21873,2025-01-21,CUST-1313,Enterprise,North America,Canada,Software & Cloud,Enterprise CRM License,1589.62,1,0.1,1430.66,410.78,1019.88,Delivered,4
ORD-21874,2025-04-09,CUST-1182,Corporate,North America,Mexico,Electronics,Laptops & Workstations,1388.94,2,0.0,2777.88,2009.16,768.72,Delivered,3
ORD-21875,2025-01-05,CUST-1306,Corporate,Asia Pacific,Japan,Software & Cloud,Enterprise CRM License,2609.56,5,0.1,11743.02,2277.67,9465.35,Delivered,4
ORD-21876,2025-05-09,CUST-1278,Corporate,North America,Mexico,Electronics,Smart Wearables,386.87,3,0.1,1044.55,631.6,412.95,Shipped,3
ORD-21877,2026-05-17,CUST-1226,Small Business,Asia Pacific,Singapore,Office Furniture,Ergonomic Executive Chairs,575.55,1,0.1,518.0,265.24,252.76,Delivered,4
ORD-21878,2026-04-20,CUST-1285,Small Business,North America,USA,Electronics,Wireless Audio,231.01,1,0.0,231.01,183.87,47.14,Delivered,3
ORD-21879,2025-01-19,CUST-1057,Corporate,Middle East & Africa,South Africa,Software & Cloud,DevOps Productivity Tools,1332.76,1,0.0,1332.76,265.72,1067.04,Delivered,3
ORD-21880,2025-07-20,CUST-1098,Consumer,North America,USA,Software & Cloud,Cybersecurity Suite,2106.28,1,0.0,2106.28,274.95,1831.33,Delivered,5
ORD-21881,2025-02-26,CUST-1355,Corporate,North America,USA,Electronics,Smartphones & Tablets,794.86,1,0.1,715.37,441.18,274.19,Delivered,5
ORD-21882,2026-06-10,CUST-1027,Corporate,North America,Mexico,Office Supplies,High-Volume Printers,641.14,4,0.0,2564.56,1608.09,956.47,Delivered,4
ORD-21883,2025-06-21,CUST-1099,Corporate,North America,Canada,Electronics,Monitors & Displays,429.79,4,0.0,1719.16,1319.28,399.88,Delivered,4
ORD-21884,2025-03-07,CUST-1131,Corporate,North America,Mexico,Software & Cloud,Cloud Analytics Suite,3215.34,2,0.1,5787.61,794.53,4993.08,Shipped,3
ORD-21885,2025-11-11,CUST-1294,Small Business,North America,USA,Electronics,Wireless Audio,317.05,2,0.15,538.99,368.29,170.7,Delivered,3
ORD-21886,2026-07-20,CUST-1102,Small Business,Asia Pacific,Singapore,Software & Cloud,DevOps Productivity Tools,463.21,2,0.05,880.1,168.46,711.64,Delivered,4
ORD-21887,2026-03-17,CUST-1306,Corporate,Asia Pacific,South Korea,Office Supplies,Presentation Equipment,354.83,3,0.1,958.04,558.48,399.56,Delivered,5
ORD-21888,2025-07-29,CUST-1358,Corporate,North America,USA,Office Furniture,Adjustable Standing Desks,1331.47,3,0.05,3794.69,1871.07,1923.62,Delivered,4
ORD-21889,2025-03-18,CUST-1006,Corporate,Europe,Netherlands,Electronics,Smart Wearables,390.36,1,0.0,390.36,279.24,111.12,Delivered,3
ORD-21890,2025-12-20,CUST-1249,Small Business,Europe,Spain,Electronics,Monitors & Displays,370.34,2,0.05,703.65,446.03,257.62,Delivered,2
ORD-21891,2025-12-02,CUST-1005,Consumer,North America,Mexico,Office Furniture,Adjustable Standing Desks,770.18,2,0.0,1540.36,776.2,764.16,Processing,5
ORD-21892,2025-12-07,CUST-1372,Small Business,Europe,Spain,Office Furniture,Acoustic Office Pods,2096.53,4,0.0,8386.12,3918.45,4467.67,Delivered,4
ORD-21893,2025-06-29,CUST-1142,Corporate,Middle East & Africa,Saudi Arabia,Office Supplies,Paper & Stationeries Pack,43.21,1,0.0,43.21,22.04,21.17,Delivered,5
ORD-21894,2025-10-05,CUST-1357,Corporate,North America,Canada,Office Furniture,Conference Tables,885.78,2,0.15,1505.83,721.18,784.65,Delivered,3
ORD-21895,2025-09-02,CUST-1099,Corporate,Asia Pacific,India,Office Furniture,Conference Tables,1170.55,3,0.0,3511.65,1586.63,1925.02,Cancelled,1
ORD-21896,2026-07-16,CUST-1296,Enterprise,Europe,Netherlands,Electronics,Wireless Audio,152.18,10,0.1,1369.62,852.57,517.05,Delivered,4
ORD-21897,2026-02-15,CUST-1189,Consumer,North America,Mexico,Software & Cloud,DevOps Productivity Tools,783.06,1,0.0,783.06,144.28,638.78,Delivered,4
ORD-21898,2025-02-27,CUST-1104,Small Business,Asia Pacific,South Korea,Software & Cloud,AI Assistant Subscription,849.92,3,0.2,2039.81,310.93,1728.88,Delivered,4
ORD-21899,2026-03-08,CUST-1303,Corporate,North America,Canada,Electronics,Laptops & Workstations,1530.77,3,0.0,4592.31,3312.94,1279.37,Delivered,5
ORD-21900,2025-07-05,CUST-1046,Corporate,North America,Canada,Office Furniture,LED Desk Lighting,119.81,1,0.0,119.81,69.35,50.46,Cancelled,2
ORD-21901,2025-10-17,CUST-1335,Small Business,Europe,France,Software & Cloud,DevOps Productivity Tools,332.2,3,0.0,996.6,133.79,862.81,Delivered,5
ORD-21902,2025-08-02,CUST-1383,Enterprise,North America,Mexico,Electronics,Monitors & Displays,319.62,1,0.05,303.64,196.94,106.7,Delivered,4
ORD-21903,2026-03-09,CUST-1121,Enterprise,North America,USA,Electronics,Monitors & Displays,557.23,3,0.05,1588.11,1095.43,492.68,Shipped,5
ORD-21904,2025-01-23,CUST-1123,Consumer,Europe,Netherlands,Electronics,Smart Wearables,415.92,5,0.0,2079.6,1365.26,714.34,Delivered,4
ORD-21905,2026-07-02,CUST-1250,Consumer,Europe,France,Office Furniture,Conference Tables,1222.72,1,0.05,1161.58,627.14,534.44,Delivered,5
ORD-21906,2025-03-09,CUST-1178,Corporate,Europe,France,Office Supplies,Breakroom Supplies,56.66,1,0.15,48.16,29.26,18.9,Delivered,4
ORD-21907,2026-06-09,CUST-1178,Corporate,Europe,France,Electronics,Smart Wearables,238.83,3,0.0,716.49,521.4,195.09,Delivered,4
ORD-21908,2025-03-13,CUST-1126,Enterprise,North America,USA,Software & Cloud,Enterprise CRM License,1321.19,3,0.1,3567.21,971.4,2595.81,Delivered,4
ORD-21909,2025-05-15,CUST-1128,Small Business,North America,Canada,Electronics,Smart Wearables,353.04,5,0.0,1765.2,1299.24,465.96,Delivered,5
ORD-21910,2026-01-12,CUST-1026,Corporate,North America,USA,Office Furniture,Conference Tables,2552.18,3,0.0,7656.54,4412.13,3244.41,Delivered,1
ORD-21911,2025-08-21,CUST-1356,Small Business,North America,Canada,Electronics,Wireless Audio,165.35,3,0.0,496.05,356.93,139.12,Delivered,5
ORD-21912,2025-09-05,CUST-1179,Enterprise,Asia Pacific,India,Electronics,Smart Wearables,323.23,1,0.0,323.23,218.42,104.81,Delivered,3
ORD-21913,2025-12-18,CUST-1137,Enterprise,Latin America,Brazil,Office Furniture,Ergonomic Executive Chairs,595.7,3,0.0,1787.1,1045.5,741.6,Delivered,3
ORD-21914,2025-02-06,CUST-1171,Small Business,North America,Mexico,Software & Cloud,DevOps Productivity Tools,1348.65,3,0.1,3641.36,702.96,2938.4,Delivered,4
ORD-21915,2025-02-01,CUST-1324,Corporate,Middle East & Africa,South Africa,Electronics,Smart Wearables,263.52,1,0.0,263.52,164.82,98.7,Delivered,3
ORD-21916,2025-09-15,CUST-1322,Corporate,Asia Pacific,Singapore,Office Furniture,Acoustic Office Pods,2278.63,5,0.0,11393.15,6133.13,5260.02,Delivered,2
ORD-21917,2026-02-21,CUST-1048,Corporate,Europe,France,Software & Cloud,Cloud Analytics Suite,3871.47,2,0.0,7742.94,1694.45,6048.49,Delivered,4
ORD-21918,2025-10-11,CUST-1347,Small Business,Asia Pacific,Singapore,Electronics,Wireless Audio,144.05,4,0.1,518.58,392.96,125.62,Delivered,2
ORD-21919,2025-03-24,CUST-1390,Enterprise,Europe,Netherlands,Software & Cloud,AI Assistant Subscription,930.85,2,0.05,1768.62,260.62,1508.0,Delivered,4
ORD-21920,2025-10-09,CUST-1194,Corporate,Europe,Germany,Electronics,Wireless Audio,150.86,10,0.15,1282.31,870.8,411.51,Delivered,4
ORD-21921,2025-04-08,CUST-1156,Enterprise,North America,Canada,Electronics,Smartphones & Tablets,1304.09,3,0.1,3521.04,2272.17,1248.87,Delivered,3
ORD-21922,2025-07-06,CUST-1089,Consumer,North America,USA,Electronics,Wireless Audio,311.01,3,0.0,933.03,613.26,319.77,Delivered,2
ORD-21923,2025-04-26,CUST-1139,Enterprise,North America,Mexico,Software & Cloud,Cybersecurity Suite,682.26,1,0.0,682.26,102.72,579.54,Delivered,4
ORD-21924,2025-12-20,CUST-1146,Enterprise,North America,USA,Software & Cloud,Enterprise CRM License,2346.69,2,0.1,4224.04,739.02,3485.02,Delivered,4
ORD-21925,2025-11-12,CUST-1148,Enterprise,Latin America,Brazil,Electronics,Monitors & Displays,636.38,3,0.0,1909.14,1418.71,490.43,Delivered,2
ORD-21926,2026-04-14,CUST-1085,Corporate,Europe,Netherlands,Software & Cloud,Cybersecurity Suite,614.57,5,0.0,3072.85,388.44,2684.41,Delivered,3
ORD-21927,2025-01-08,CUST-1080,Enterprise,Asia Pacific,South Korea,Office Furniture,Conference Tables,1153.39,1,0.0,1153.39,632.95,520.44,Delivered,3
ORD-21928,2025-03-27,CUST-1036,Corporate,Europe,France,Electronics,Smart Wearables,241.25,2,0.05,458.38,315.49,142.89,Delivered,4
ORD-21929,2026-02-18,CUST-1327,Consumer,North America,Canada,Software & Cloud,Enterprise CRM License,1614.17,1,0.05,1533.46,389.46,1144.0,Delivered,4
ORD-21930,2026-05-21,CUST-1028,Enterprise,North America,USA,Office Supplies,Storage & Archiving Units,182.64,1,0.05,173.51,89.12,84.39,Delivered,4
ORD-21931,2025-01-08,CUST-1232,Corporate,Middle East & Africa,Saudi Arabia,Electronics,Monitors & Displays,773.32,2,0.1,1391.98,1097.22,294.76,Delivered,4
ORD-21932,2025-11-06,CUST-1322,Corporate,Asia Pacific,Singapore,Electronics,Wireless Audio,341.33,1,0.05,324.26,250.49,73.77,Delivered,3
ORD-21933,2025-04-29,CUST-1043,Corporate,North America,Canada,Office Furniture,Acoustic Office Pods,1757.15,2,0.15,2987.16,1877.19,1109.97,Delivered,1
ORD-21934,2026-01-23,CUST-1006,Corporate,North America,Mexico,Electronics,Monitors & Displays,735.23,2,0.1,1323.41,939.66,383.75,Delivered,5
ORD-21935,2025-09-19,CUST-1027,Small Business,Europe,Spain,Software & Cloud,AI Assistant Subscription,757.89,2,0.0,1515.78,212.7,1303.08,Delivered,4
ORD-21936,2025-04-11,CUST-1123,Enterprise,North America,USA,Electronics,Monitors & Displays,269.36,1,0.0,269.36,188.46,80.9,Delivered,2
ORD-21937,2026-05-07,CUST-1130,Small Business,North America,Canada,Electronics,Smart Wearables,245.57,2,0.05,466.58,369.89,96.69,Delivered,5
ORD-21938,2025-03-09,CUST-1187,Enterprise,Latin America,Colombia,Software & Cloud,Cybersecurity Suite,518.08,1,0.05,492.18,127.06,365.12,Delivered,4
ORD-21939,2026-03-20,CUST-1003,Corporate,Europe,United Kingdom,Electronics,Smart Wearables,228.9,2,0.0,457.8,277.24,180.56,Delivered,3
ORD-21940,2025-10-18,CUST-1234,Enterprise,North America,USA,Electronics,Laptops & Workstations,1551.68,1,0.0,1551.68,981.31,570.37,Delivered,4
ORD-21941,2025-08-20,CUST-1311,Enterprise,North America,USA,Electronics,Smart Wearables,372.13,1,0.0,372.13,223.88,148.25,Delivered,4
ORD-21942,2025-10-27,CUST-1016,Corporate,Asia Pacific,Japan,Software & Cloud,Enterprise CRM License,1912.36,15,0.0,28685.4,3881.28,24804.12,Delivered,4
ORD-21943,2025-05-10,CUST-1333,Small Business,North America,Canada,Software & Cloud,Enterprise CRM License,1732.84,2,0.1,3119.11,786.19,2332.92,Shipped,4
ORD-21944,2025-05-13,CUST-1046,Enterprise,Asia Pacific,Australia,Office Furniture,Acoustic Office Pods,2599.71,3,0.0,7799.13,4759.98,3039.15,Cancelled,1
ORD-21945,2025-06-28,CUST-1271,Corporate,Asia Pacific,India,Electronics,Laptops & Workstations,1257.77,1,0.0,1257.77,827.34,430.43,Processing,3
ORD-21946,2025-04-25,CUST-1113,Corporate,North America,USA,Electronics,Smartphones & Tablets,861.58,1,0.2,689.26,543.17,146.09,Delivered,5
ORD-21947,2026-04-07,CUST-1066,Enterprise,North America,Mexico,Office Furniture,LED Desk Lighting,111.42,4,0.15,378.83,211.75,167.08,Delivered,5
ORD-21948,2025-05-17,CUST-1093,Corporate,North America,Mexico,Electronics,Wireless Audio,340.13,1,0.1,306.12,203.35,102.77,Delivered,4
ORD-21949,2026-07-17,CUST-1299,Small Business,Europe,United Kingdom,Office Furniture,Acoustic Office Pods,4614.22,3,0.0,13842.66,7175.09,6667.57,Delivered,3
ORD-21950,2026-05-03,CUST-1084,Enterprise,Europe,Germany,Office Supplies,Paper & Stationeries Pack,52.02,2,0.0,104.04,72.8,31.24,Delivered,5
ORD-21951,2026-05-23,CUST-1373,Enterprise,Europe,Spain,Office Furniture,Conference Tables,1625.42,1,0.0,1625.42,907.86,717.56,Delivered,3
ORD-21952,2026-03-23,CUST-1099,Corporate,Asia Pacific,India,Electronics,Laptops & Workstations,2407.83,3,0.15,6139.97,4713.55,1426.42,Delivered,4
ORD-21953,2026-03-23,CUST-1132,Consumer,Europe,United Kingdom,Electronics,Smartphones & Tablets,1399.27,2,0.0,2798.54,2135.91,662.63,Delivered,3
ORD-21954,2025-09-13,CUST-1224,Corporate,Latin America,Brazil,Electronics,Laptops & Workstations,2252.2,2,0.05,4279.18,3192.52,1086.66,Shipped,5
ORD-21955,2025-12-29,CUST-1317,Enterprise,North America,Mexico,Software & Cloud,Cloud Analytics Suite,2862.5,2,0.05,5438.75,748.19,4690.56,Delivered,4
ORD-21956,2026-05-06,CUST-1340,Enterprise,North America,USA,Office Furniture,Adjustable Standing Desks,918.29,1,0.0,918.29,510.8,407.49,Shipped,3
ORD-21957,2025-05-31,CUST-1210,Consumer,Europe,France,Office Furniture,Conference Tables,1249.09,1,0.1,1124.18,699.54,424.64,Delivered,5
ORD-21958,2025-07-24,CUST-1194,Enterprise,Asia Pacific,India,Office Furniture,Adjustable Standing Desks,990.32,5,0.05,4704.02,2856.3,1847.72,Delivered,3
ORD-21959,2026-07-17,CUST-1169,Enterprise,Europe,Spain,Software & Cloud,DevOps Productivity Tools,1228.19,1,0.05,1166.78,230.92,935.86,Delivered,3
ORD-21960,2025-04-21,CUST-1398,Corporate,North America,Mexico,Office Supplies,Presentation Equipment,522.6,1,0.05,496.47,288.97,207.5,Delivered,3
ORD-21961,2026-01-20,CUST-1011,Consumer,Europe,United Kingdom,Electronics,Smart Wearables,162.99,1,0.0,162.99,127.31,35.68,Cancelled,1
ORD-21962,2026-03-11,CUST-1220,Corporate,Asia Pacific,Australia,Software & Cloud,Enterprise CRM License,2443.87,3,0.0,7331.61,1865.13,5466.48,Delivered,3
ORD-21963,2026-04-30,CUST-1190,Corporate,Europe,United Kingdom,Office Supplies,Breakroom Supplies,122.45,2,0.05,232.66,147.72,84.94,Delivered,5
ORD-21964,2025-01-09,CUST-1324,Corporate,Europe,Spain,Software & Cloud,DevOps Productivity Tools,968.5,2,0.05,1840.15,288.35,1551.8,Delivered,5
ORD-21965,2026-04-07,CUST-1166,Small Business,North America,Canada,Software & Cloud,Enterprise CRM License,1460.12,3,0.0,4380.36,620.57,3759.79,Shipped,3
ORD-21966,2025-12-06,CUST-1388,Corporate,Europe,Germany,Electronics,Smart Wearables,326.16,8,0.0,2609.28,1630.86,978.42,Delivered,3
ORD-21967,2026-03-10,CUST-1382,Small Business,Europe,Germany,Office Furniture,Acoustic Office Pods,2249.2,3,0.1,6072.84,3224.12,2848.72,Delivered,3
ORD-21968,2025-11-10,CUST-1070,Corporate,Europe,United Kingdom,Electronics,Laptops & Workstations,1337.51,10,0.0,13375.1,10249.06,3126.04,Delivered,4
ORD-21969,2025-11-10,CUST-1296,Corporate,Asia Pacific,South Korea,Software & Cloud,AI Assistant Subscription,211.34,5,0.1,951.03,124.76,826.27,Delivered,4
ORD-21970,2026-06-14,CUST-1020,Small Business,Asia Pacific,India,Software & Cloud,AI Assistant Subscription,308.94,1,0.1,278.05,38.14,239.91,Delivered,5
ORD-21971,2026-06-22,CUST-1078,Enterprise,North America,Mexico,Electronics,Wireless Audio,348.72,1,0.0,348.72,250.34,98.38,Shipped,3
ORD-21972,2025-10-21,CUST-1137,Small Business,Asia Pacific,India,Electronics,Wireless Audio,327.33,1,0.05,310.96,243.49,67.47,Delivered,3
ORD-21973,2026-06-25,CUST-1151,Corporate,Asia Pacific,Singapore,Electronics,Smart Wearables,232.15,4,0.0,928.6,728.35,200.25,Delivered,4
ORD-21974,2025-07-13,CUST-1155,Small Business,Asia Pacific,Australia,Software & Cloud,Enterprise CRM License,2455.46,1,0.0,2455.46,651.97,1803.49,Delivered,4
ORD-21975,2025-01-28,CUST-1112,Enterprise,North America,Canada,Office Furniture,Ergonomic Executive Chairs,898.75,1,0.1,808.88,514.67,294.21,Delivered,5
ORD-21976,2025-11-21,CUST-1028,Corporate,North America,Canada,Software & Cloud,Cybersecurity Suite,1640.23,3,0.0,4920.69,1130.07,3790.62,Delivered,4
ORD-21977,2026-03-26,CUST-1057,Corporate,Middle East & Africa,UAE,Electronics,Smart Wearables,387.73,1,0.0,387.73,256.76,130.97,Delivered,3
ORD-21978,2025-09-08,CUST-1342,Corporate,Europe,Germany,Office Supplies,Storage & Archiving Units,235.25,5,0.0,1176.25,657.08,519.17,Processing,4
ORD-21979,2025-03-09,CUST-1169,Corporate,North America,Canada,Software & Cloud,Cloud Analytics Suite,3774.31,4,0.1,13587.52,1636.11,11951.41,Delivered,5
ORD-21980,2026-07-12,CUST-1308,Small Business,North America,Mexico,Electronics,Wireless Audio,234.67,1,0.1,211.2,166.86,44.34,Delivered,5
ORD-21981,2026-06-23,CUST-1289,Corporate,Europe,United Kingdom,Electronics,Laptops & Workstations,1787.13,2,0.05,3395.55,2485.6,909.95,Delivered,3
ORD-21982,2025-03-30,CUST-1184,Corporate,Asia Pacific,Singapore,Office Supplies,Presentation Equipment,310.02,1,0.0,310.02,194.64,115.38,Delivered,5
ORD-21983,2026-02-14,CUST-1028,Consumer,Asia Pacific,India,Office Supplies,Storage & Archiving Units,91.06,2,0.1,163.91,110.37,53.54,Delivered,4
ORD-21984,2026-06-24,CUST-1340,Small Business,Europe,Netherlands,Office Supplies,Storage & Archiving Units,284.13,1,0.1,255.72,161.79,93.93,Delivered,3
ORD-21985,2025-03-29,CUST-1084,Small Business,North America,Canada,Office Furniture,Adjustable Standing Desks,591.05,2,0.0,1182.1,628.76,553.34,Delivered,5
ORD-21986,2025-10-18,CUST-1397,Corporate,North America,Mexico,Electronics,Smartphones & Tablets,1332.69,1,0.15,1132.79,737.37,395.42,Delivered,4
ORD-21987,2025-11-18,CUST-1312,Corporate,Europe,Spain,Office Supplies,Breakroom Supplies,175.95,4,0.15,598.23,410.67,187.56,Delivered,5
ORD-21988,2026-01-26,CUST-1340,Enterprise,North America,USA,Electronics,Wireless Audio,150.17,1,0.05,142.66,110.79,31.87,Shipped,5
ORD-21989,2026-01-03,CUST-1075,Consumer,Europe,France,Office Furniture,Adjustable Standing Desks,1037.65,4,0.15,3528.01,2042.13,1485.88,Delivered,4
ORD-21990,2026-04-11,CUST-1356,Consumer,Europe,Spain,Software & Cloud,Enterprise CRM License,566.37,3,0.0,1699.11,466.45,1232.66,Delivered,4
ORD-21991,2025-06-13,CUST-1351,Enterprise,Asia Pacific,India,Office Furniture,Adjustable Standing Desks,1002.77,1,0.0,1002.77,576.74,426.03,Delivered,4
ORD-21992,2025-12-07,CUST-1234,Small Business,Asia Pacific,Australia,Office Furniture,Acoustic Office Pods,2177.23,3,0.0,6531.69,4012.87,2518.82,Delivered,4
ORD-21993,2025-10-17,CUST-1325,Corporate,North America,Mexico,Office Furniture,Acoustic Office Pods,3528.59,1,0.05,3352.16,1716.0,1636.16,Delivered,5
ORD-21994,2025-11-14,CUST-1369,Small Business,Europe,France,Electronics,Monitors & Displays,708.69,1,0.1,637.82,483.36,154.46,Delivered,4
ORD-21995,2025-02-06,CUST-1187,Small Business,North America,Mexico,Office Furniture,Ergonomic Executive Chairs,887.93,2,0.05,1687.07,918.07,769.0,Delivered,4
ORD-21996,2025-03-29,CUST-1137,Enterprise,North America,Mexico,Electronics,Monitors & Displays,689.8,2,0.05,1310.62,1044.17,266.45,Shipped,4
ORD-21997,2026-05-28,CUST-1257,Small Business,Europe,Netherlands,Electronics,Laptops & Workstations,1779.82,1,0.0,1779.82,1265.35,514.47,Delivered,2
ORD-21998,2025-05-16,CUST-1040,Enterprise,Europe,Netherlands,Electronics,Smart Wearables,153.67,1,0.1,138.3,96.62,41.68,Delivered,3
ORD-21999,2026-04-17,CUST-1131,Corporate,North America,Canada,Electronics,Smart Wearables,158.48,2,0.15,269.42,172.69,96.73,Delivered,1
ORD-22000,2026-07-15,CUST-1263,Consumer,North America,USA,Electronics,Laptops & Workstations,1501.83,4,0.0,6007.32,4322.47,1684.85,Delivered,3
ORD-22001,2026-01-18,CUST-1073,Enterprise,Latin America,Brazil,Office Supplies,Paper & Stationeries Pack,37.24,1,0.05,35.38,21.16,14.22,Delivered,3
ORD-22002,2026-06-03,CUST-1364,Small Business,Asia Pacific,India,Software & Cloud,Enterprise CRM License,894.64,5,0.05,4249.54,944.91,3304.63,Delivered,4
ORD-22003,2025-01-21,CUST-1366,Small Business,North America,Mexico,Office Furniture,Adjustable Standing Desks,1222.14,5,0.1,5499.63,2645.88,2853.75,Shipped,4
ORD-22004,2025-09-12,CUST-1335,Small Business,Europe,France,Office Furniture,Conference Tables,1731.21,2,0.0,3462.42,2212.7,1249.72,Delivered,3
ORD-22005,2025-02-11,CUST-1336,Corporate,Asia Pacific,Japan,Office Furniture,Adjustable Standing Desks,1053.28,3,0.1,2843.86,1468.46,1375.4,Delivered,5
ORD-22006,2025-05-04,CUST-1368,Corporate,Europe,Spain,Office Furniture,Acoustic Office Pods,3848.19,8,0.05,29246.24,18679.97,10566.27,Delivered,4
ORD-22007,2026-04-09,CUST-1004,Corporate,North America,Canada,Electronics,Laptops & Workstations,1901.83,1,0.0,1901.83,1233.43,668.4,Delivered,2
ORD-22008,2025-10-22,CUST-1240,Consumer,Asia Pacific,South Korea,Software & Cloud,AI Assistant Subscription,244.71,4,0.0,978.84,123.66,855.18,Delivered,3
ORD-22009,2025-02-24,CUST-1085,Consumer,North America,USA,Electronics,Monitors & Displays,552.24,1,0.0,552.24,429.31,122.93,Delivered,3
ORD-22010,2025-08-13,CUST-1350,Corporate,Latin America,Brazil,Electronics,Laptops & Workstations,1664.53,4,0.1,5992.31,3785.34,2206.97,Delivered,4
ORD-22011,2025-02-07,CUST-1058,Corporate,Europe,United Kingdom,Office Furniture,Adjustable Standing Desks,998.42,10,0.0,9984.2,5045.09,4939.11,Delivered,4
ORD-22012,2025-11-27,CUST-1395,Small Business,Europe,Germany,Office Supplies,Breakroom Supplies,131.12,1,0.0,131.12,65.88,65.24,Shipped,5
ORD-22013,2026-05-10,CUST-1175,Consumer,Europe,Netherlands,Software & Cloud,Cloud Analytics Suite,2372.07,4,0.1,8539.45,2123.93,6415.52,Processing,5
ORD-22014,2026-04-12,CUST-1337,Enterprise,Europe,Netherlands,Electronics,Monitors & Displays,681.88,2,0.0,1363.76,864.79,498.97,Delivered,4
ORD-22015,2026-04-20,CUST-1256,Corporate,Asia Pacific,India,Office Furniture,Conference Tables,1987.49,10,0.0,19874.9,9613.5,10261.4,Shipped,4
ORD-22016,2026-07-10,CUST-1203,Small Business,North America,Canada,Software & Cloud,DevOps Productivity Tools,1495.86,10,0.0,14958.6,3576.3,11382.3,Delivered,5
ORD-22017,2025-05-31,CUST-1297,Small Business,Asia Pacific,India,Office Supplies,Breakroom Supplies,100.85,1,0.05,95.81,62.41,33.4,Shipped,4
ORD-22018,2026-03-24,CUST-1237,Corporate,Europe,France,Electronics,Laptops & Workstations,1556.78,1,0.0,1556.78,1047.44,509.34,Delivered,4
ORD-22019,2025-04-15,CUST-1271,Corporate,North America,Canada,Electronics,Monitors & Displays,265.3,2,0.0,530.6,322.2,208.4,Delivered,5
ORD-22020,2025-10-21,CUST-1237,Consumer,Asia Pacific,Australia,Electronics,Smartphones & Tablets,681.52,1,0.05,647.44,432.8,214.64,Delivered,3
ORD-22021,2025-07-31,CUST-1049,Corporate,Europe,Spain,Software & Cloud,Cloud Analytics Suite,2399.17,2,0.0,4798.34,699.29,4099.05,Delivered,3
ORD-22022,2025-05-16,CUST-1281,Consumer,North America,USA,Office Furniture,Adjustable Standing Desks,776.47,4,0.15,2640.0,1588.19,1051.81,Delivered,4
ORD-22023,2025-06-14,CUST-1325,Corporate,Europe,United Kingdom,Electronics,Smartphones & Tablets,1232.35,3,0.05,3512.2,2352.5,1159.7,Delivered,4
ORD-22024,2026-06-14,CUST-1023,Corporate,Europe,France,Office Supplies,Presentation Equipment,215.17,2,0.05,408.82,228.77,180.05,Delivered,1
ORD-22025,2026-04-04,CUST-1291,Corporate,Europe,Netherlands,Office Furniture,Ergonomic Executive Chairs,585.91,2,0.0,1171.82,554.12,617.7,Delivered,4
ORD-22026,2025-07-02,CUST-1217,Consumer,North America,Mexico,Electronics,Smartphones & Tablets,844.23,1,0.0,844.23,657.51,186.72,Delivered,3
ORD-22027,2025-05-07,CUST-1308,Corporate,North America,Mexico,Office Furniture,Ergonomic Executive Chairs,661.21,5,0.0,3306.05,2078.02,1228.03,Delivered,4
ORD-22028,2025-05-31,CUST-1111,Corporate,North America,Canada,Electronics,Smartphones & Tablets,1225.91,4,0.05,4658.46,3580.4,1078.06,Delivered,4
ORD-22029,2025-11-16,CUST-1388,Small Business,Europe,Netherlands,Office Supplies,Storage & Archiving Units,292.48,4,0.05,1111.42,593.42,518.0,Delivered,3
ORD-22030,2025-11-05,CUST-1126,Enterprise,Europe,Spain,Electronics,Laptops & Workstations,1696.73,2,0.05,3223.79,2188.73,1035.06,Delivered,5
ORD-22031,2025-02-27,CUST-1135,Corporate,Europe,Germany,Electronics,Smartphones & Tablets,705.34,1,0.2,564.27,412.26,152.01,Delivered,3
ORD-22032,2026-01-31,CUST-1169,Enterprise,North America,USA,Office Supplies,Breakroom Supplies,156.18,8,0.0,1249.44,695.06,554.38,Delivered,5
ORD-22033,2026-05-24,CUST-1063,Enterprise,Europe,Netherlands,Software & Cloud,Cloud Analytics Suite,3673.61,1,0.05,3489.93,594.14,2895.79,Delivered,3
ORD-22034,2025-11-26,CUST-1268,Consumer,North America,USA,Electronics,Wireless Audio,118.28,1,0.0,118.28,82.91,35.37,Shipped,4
ORD-22035,2026-06-25,CUST-1305,Corporate,Europe,Netherlands,Electronics,Smartphones & Tablets,1098.23,2,0.1,1976.81,1470.2,506.61,Shipped,3
ORD-22036,2025-12-11,CUST-1284,Small Business,Europe,Germany,Software & Cloud,Cloud Analytics Suite,2027.97,2,0.0,4055.94,748.45,3307.49,Shipped,4
ORD-22037,2025-10-20,CUST-1258,Enterprise,North America,Mexico,Software & Cloud,AI Assistant Subscription,438.14,1,0.0,438.14,56.43,381.71,Delivered,3
ORD-22038,2025-11-26,CUST-1349,Consumer,North America,Mexico,Software & Cloud,AI Assistant Subscription,673.19,1,0.05,639.53,116.74,522.79,Delivered,3
ORD-22039,2025-08-25,CUST-1186,Corporate,Europe,France,Software & Cloud,DevOps Productivity Tools,1046.96,1,0.0,1046.96,198.73,848.23,Processing,4
ORD-22040,2025-08-18,CUST-1341,Enterprise,North America,USA,Electronics,Smartphones & Tablets,1289.72,10,0.1,11607.48,8886.73,2720.75,Delivered,3
ORD-22041,2026-03-02,CUST-1183,Small Business,North America,Mexico,Software & Cloud,Cybersecurity Suite,1471.73,4,0.15,5003.88,633.02,4370.86,Delivered,5
ORD-22042,2025-12-26,CUST-1170,Corporate,Latin America,Brazil,Software & Cloud,Cloud Analytics Suite,3722.06,5,0.0,18610.3,2513.98,16096.32,Delivered,4
ORD-22043,2025-02-14,CUST-1274,Corporate,North America,Mexico,Electronics,Laptops & Workstations,2324.09,1,0.0,2324.09,1586.2,737.89,Delivered,4
ORD-22044,2025-06-01,CUST-1092,Small Business,North America,USA,Electronics,Smartphones & Tablets,953.49,3,0.1,2574.42,1609.8,964.62,Delivered,5
ORD-22045,2025-07-28,CUST-1244,Enterprise,Middle East & Africa,UAE,Electronics,Wireless Audio,254.0,2,0.15,431.8,301.5,130.3,Delivered,5
ORD-22046,2025-08-15,CUST-1145,Corporate,Europe,France,Software & Cloud,Enterprise CRM License,2256.37,3,0.0,6769.11,1461.61,5307.5,Delivered,2
ORD-22047,2026-05-16,CUST-1227,Corporate,North America,Mexico,Office Supplies,Breakroom Supplies,111.25,1,0.0,111.25,75.26,35.99,Delivered,4
ORD-22048,2025-12-16,CUST-1307,Small Business,Latin America,Brazil,Office Furniture,Acoustic Office Pods,1578.62,2,0.0,3157.24,2011.91,1145.33,Shipped,3
ORD-22049,2026-05-13,CUST-1052,Small Business,Asia Pacific,Australia,Office Supplies,Breakroom Supplies,99.95,3,0.0,299.85,168.44,131.41,Delivered,4
ORD-22050,2026-06-09,CUST-1251,Small Business,North America,Canada,Electronics,Monitors & Displays,529.6,2,0.05,1006.24,754.3,251.94,Delivered,3
ORD-22051,2025-12-27,CUST-1372,Enterprise,Asia Pacific,Singapore,Office Supplies,High-Volume Printers,1085.76,5,0.1,4885.92,3377.74,1508.18,Delivered,4
ORD-22052,2025-06-15,CUST-1137,Corporate,Europe,Spain,Software & Cloud,AI Assistant Subscription,974.87,2,0.05,1852.25,474.64,1377.61,Delivered,4
ORD-22053,2026-03-26,CUST-1216,Small Business,Europe,Germany,Electronics,Monitors & Displays,496.34,8,0.0,3970.72,3114.15,856.57,Shipped,4
ORD-22054,2025-06-01,CUST-1087,Small Business,North America,Mexico,Electronics,Smartphones & Tablets,1014.26,1,0.0,1014.26,705.35,308.91,Delivered,5
ORD-22055,2026-05-06,CUST-1081,Consumer,North America,USA,Electronics,Monitors & Displays,665.87,2,0.0,1331.74,1049.95,281.79,Delivered,3
ORD-22056,2025-02-16,CUST-1251,Corporate,Asia Pacific,Australia,Software & Cloud,Cybersecurity Suite,742.59,2,0.0,1485.18,257.37,1227.81,Delivered,3
ORD-22057,2025-09-21,CUST-1224,Small Business,North America,USA,Electronics,Wireless Audio,302.97,1,0.0,302.97,222.03,80.94,Shipped,4
ORD-22058,2026-02-21,CUST-1289,Small Business,North America,USA,Office Furniture,Conference Tables,1499.92,1,0.05,1424.92,912.41,512.51,Delivered,4
ORD-22059,2025-08-16,CUST-1201,Small Business,Europe,Germany,Electronics,Laptops & Workstations,2277.72,2,0.0,4555.44,2794.58,1760.86,Delivered,3
ORD-22060,2026-07-02,CUST-1251,Corporate,North America,Canada,Electronics,Laptops & Workstations,1346.37,1,0.0,1346.37,893.34,453.03,Delivered,3
ORD-22061,2025-02-15,CUST-1275,Enterprise,Asia Pacific,Australia,Software & Cloud,Cybersecurity Suite,2036.03,2,0.0,4072.06,932.96,3139.1,Delivered,4
ORD-22062,2025-05-27,CUST-1335,Small Business,North America,USA,Office Supplies,Storage & Archiving Units,196.83,1,0.0,196.83,133.64,63.19,Delivered,4
ORD-22063,2025-04-29,CUST-1389,Corporate,Europe,Spain,Software & Cloud,DevOps Productivity Tools,1097.42,3,0.15,2798.42,659.96,2138.46,Shipped,4
ORD-22064,2025-12-21,CUST-1017,Corporate,Europe,United Kingdom,Office Supplies,Breakroom Supplies,72.59,2,0.0,145.18,74.84,70.34,Delivered,4
ORD-22065,2025-08-31,CUST-1395,Corporate,Asia Pacific,Japan,Electronics,Smartphones & Tablets,1073.78,4,0.0,4295.12,3216.05,1079.07,Delivered,4
ORD-22066,2026-03-07,CUST-1220,Corporate,Europe,United Kingdom,Office Furniture,Ergonomic Executive Chairs,712.64,4,0.1,2565.5,1381.37,1184.13,Delivered,4
ORD-22067,2025-05-12,CUST-1049,Corporate,Europe,United Kingdom,Electronics,Smart Wearables,218.28,4,0.0,873.12,635.52,237.6,Delivered,3
ORD-22068,2026-03-06,CUST-1004,Small Business,North America,Canada,Electronics,Smart Wearables,323.76,2,0.0,647.52,506.52,141.0,Delivered,5
ORD-22069,2026-04-05,CUST-1353,Corporate,North America,Mexico,Electronics,Laptops & Workstations,2267.16,3,0.0,6801.48,4981.87,1819.61,Delivered,5
ORD-22070,2025-02-20,CUST-1359,Enterprise,Latin America,Colombia,Office Supplies,Breakroom Supplies,147.94,5,0.0,739.7,456.48,283.22,Delivered,4
ORD-22071,2026-07-21,CUST-1158,Corporate,North America,Canada,Office Furniture,Ergonomic Executive Chairs,785.49,1,0.0,785.49,363.49,422.0,Delivered,4
ORD-22072,2025-06-18,CUST-1112,Corporate,Asia Pacific,Australia,Electronics,Smart Wearables,446.56,1,0.05,424.23,317.21,107.02,Delivered,5
ORD-22073,2025-07-09,CUST-1385,Corporate,Asia Pacific,South Korea,Electronics,Smartphones & Tablets,739.83,2,0.0,1479.66,1042.16,437.5,Delivered,3
ORD-22074,2025-10-22,CUST-1398,Small Business,North America,Canada,Office Supplies,Storage & Archiving Units,105.87,1,0.0,105.87,62.83,43.04,Delivered,3
ORD-22075,2025-10-16,CUST-1061,Small Business,Europe,United Kingdom,Office Furniture,Adjustable Standing Desks,1134.03,3,0.05,3231.99,2043.01,1188.98,Delivered,4
ORD-22076,2025-10-07,CUST-1314,Corporate,North America,Canada,Office Supplies,Presentation Equipment,370.12,1,0.15,314.6,184.18,130.42,Delivered,4
ORD-22077,2026-03-23,CUST-1086,Corporate,Asia Pacific,Australia,Electronics,Wireless Audio,268.45,2,0.0,536.9,376.35,160.55,Delivered,4
ORD-22078,2025-07-25,CUST-1344,Small Business,North America,Mexico,Electronics,Wireless Audio,193.4,1,0.0,193.4,124.87,68.53,Delivered,4
ORD-22079,2025-01-16,CUST-1265,Small Business,Asia Pacific,South Korea,Electronics,Monitors & Displays,277.91,2,0.05,528.03,415.45,112.58,Shipped,4
ORD-22080,2025-02-01,CUST-1166,Enterprise,North America,USA,Electronics,Laptops & Workstations,1505.99,1,0.0,1505.99,1095.17,410.82,Delivered,4
ORD-22081,2025-09-28,CUST-1221,Small Business,Europe,United Kingdom,Office Furniture,Acoustic Office Pods,3339.65,1,0.0,3339.65,1701.54,1638.11,Delivered,4
ORD-22082,2026-03-31,CUST-1148,Enterprise,Middle East & Africa,UAE,Software & Cloud,Cybersecurity Suite,714.74,4,0.05,2716.01,774.77,1941.24,Delivered,5
ORD-22083,2026-02-18,CUST-1228,Enterprise,North America,Canada,Software & Cloud,AI Assistant Subscription,907.35,2,0.0,1814.7,503.88,1310.82,Delivered,5
ORD-22084,2026-02-15,CUST-1078,Corporate,North America,Canada,Electronics,Wireless Audio,110.93,1,0.1,99.84,70.32,29.52,Delivered,3
ORD-22085,2026-04-17,CUST-1256,Corporate,Latin America,Chile,Software & Cloud,AI Assistant Subscription,273.04,1,0.2,218.43,49.2,169.23,Cancelled,1
ORD-22086,2026-06-17,CUST-1279,Corporate,Middle East & Africa,South Africa,Office Furniture,Conference Tables,860.75,5,0.0,4303.75,2149.39,2154.36,Processing,3
ORD-22087,2025-01-11,CUST-1094,Small Business,Europe,France,Office Supplies,Storage & Archiving Units,127.21,1,0.1,114.49,59.45,55.04,Delivered,3
ORD-22088,2025-06-09,CUST-1242,Small Business,North America,Canada,Electronics,Laptops & Workstations,2120.21,3,0.0,6360.63,4212.27,2148.36,Delivered,3
ORD-22089,2026-01-30,CUST-1394,Corporate,Asia Pacific,Singapore,Office Furniture,Ergonomic Executive Chairs,494.21,1,0.0,494.21,268.97,225.24,Shipped,3
ORD-22090,2025-04-19,CUST-1129,Enterprise,Europe,France,Office Furniture,Adjustable Standing Desks,967.75,2,0.2,1548.4,714.74,833.66,Delivered,4
ORD-22091,2026-03-28,CUST-1012,Small Business,North America,Mexico,Office Supplies,High-Volume Printers,1073.9,4,0.2,3436.48,2069.37,1367.11,Cancelled,2
ORD-22092,2025-05-10,CUST-1080,Enterprise,North America,USA,Software & Cloud,Cybersecurity Suite,1004.57,4,0.0,4018.28,1149.1,2869.18,Delivered,3
ORD-22093,2025-03-31,CUST-1108,Small Business,Europe,Spain,Software & Cloud,DevOps Productivity Tools,828.84,1,0.0,828.84,182.57,646.27,Delivered,5
ORD-22094,2025-05-09,CUST-1100,Corporate,North America,USA,Electronics,Monitors & Displays,762.9,3,0.0,2288.7,1725.47,563.23,Shipped,2
ORD-22095,2025-03-10,CUST-1177,Small Business,North America,Canada,Office Supplies,Breakroom Supplies,189.96,2,0.05,360.92,198.69,162.23,Delivered,2
ORD-22096,2025-01-24,CUST-1162,Small Business,Middle East & Africa,South Africa,Electronics,Monitors & Displays,276.31,10,0.0,2763.1,1955.09,808.01,Delivered,2
ORD-22097,2026-04-26,CUST-1233,Enterprise,North America,Mexico,Electronics,Smartphones & Tablets,870.09,8,0.0,6960.72,5536.54,1424.18,Delivered,5
ORD-22098,2025-11-01,CUST-1271,Small Business,North America,Mexico,Office Supplies,Storage & Archiving Units,205.69,1,0.15,174.84,119.7,55.14,Shipped,3
ORD-22099,2025-08-22,CUST-1083,Corporate,North America,USA,Electronics,Laptops & Workstations,2012.84,5,0.05,9560.99,7150.45,2410.54,Delivered,4
ORD-22100,2025-12-01,CUST-1276,Enterprise,Asia Pacific,Australia,Electronics,Smart Wearables,299.27,4,0.05,1137.23,857.75,279.48,Delivered,5
ORD-22101,2025-11-10,CUST-1133,Corporate,Europe,United Kingdom,Office Supplies,Storage & Archiving Units,286.48,2,0.2,458.37,268.32,190.05,Delivered,4
ORD-22102,2025-07-21,CUST-1371,Small Business,Europe,Netherlands,Office Furniture,Conference Tables,1245.81,2,0.0,2491.62,1140.11,1351.51,Delivered,4
ORD-22103,2026-05-01,CUST-1344,Corporate,North America,Mexico,Software & Cloud,Cloud Analytics Suite,4146.69,4,0.1,14928.08,3314.52,11613.56,Shipped,4
ORD-22104,2025-01-27,CUST-1036,Corporate,Asia Pacific,Singapore,Software & Cloud,Enterprise CRM License,1920.34,2,0.0,3840.68,989.12,2851.56,Delivered,4
ORD-22105,2025-12-04,CUST-1384,Corporate,Europe,Germany,Office Furniture,LED Desk Lighting,178.41,1,0.05,169.49,93.02,76.47,Delivered,4
ORD-22106,2025-01-17,CUST-1287,Enterprise,Europe,United Kingdom,Office Furniture,LED Desk Lighting,64.74,3,0.05,184.51,105.79,78.72,Delivered,4
ORD-22107,2026-04-28,CUST-1203,Small Business,Europe,Spain,Software & Cloud,AI Assistant Subscription,963.9,2,0.0,1927.8,329.13,1598.67,Delivered,5
ORD-22108,2026-05-29,CUST-1220,Corporate,Latin America,Colombia,Software & Cloud,Enterprise CRM License,2113.38,1,0.0,2113.38,354.96,1758.42,Delivered,4
ORD-22109,2025-07-25,CUST-1121,Enterprise,North America,Mexico,Software & Cloud,AI Assistant Subscription,979.59,3,0.0,2938.77,443.88,2494.89,Delivered,2
ORD-22110,2025-01-20,CUST-1093,Corporate,Europe,Spain,Software & Cloud,DevOps Productivity Tools,560.48,2,0.05,1064.91,132.41,932.5,Cancelled,2
ORD-22111,2026-04-11,CUST-1238,Corporate,Latin America,Brazil,Office Furniture,Adjustable Standing Desks,1246.83,2,0.05,2368.98,1359.2,1009.78,Delivered,5
ORD-22112,2025-03-18,CUST-1369,Enterprise,Latin America,Brazil,Software & Cloud,DevOps Productivity Tools,338.28,5,0.05,1606.83,334.32,1272.51,Delivered,4
ORD-22113,2025-02-02,CUST-1168,Enterprise,Europe,France,Software & Cloud,AI Assistant Subscription,544.71,1,0.15,463.0,112.41,350.59,Shipped,1
ORD-22114,2025-10-03,CUST-1247,Consumer,Asia Pacific,Japan,Electronics,Smart Wearables,244.34,1,0.05,232.12,162.66,69.46,Shipped,4
ORD-22115,2026-01-30,CUST-1341,Corporate,North America,USA,Electronics,Monitors & Displays,577.47,5,0.05,2742.98,1908.46,834.52,Delivered,4
ORD-22116,2026-01-22,CUST-1153,Enterprise,Asia Pacific,Japan,Office Furniture,LED Desk Lighting,120.7,1,0.1,108.63,56.32,52.31,Delivered,4
ORD-22117,2026-06-13,CUST-1318,Corporate,Europe,United Kingdom,Software & Cloud,DevOps Productivity Tools,367.37,2,0.1,661.27,119.35,541.92,Delivered,2
ORD-22118,2025-07-27,CUST-1375,Corporate,North America,Canada,Software & Cloud,Enterprise CRM License,1907.1,1,0.0,1907.1,523.94,1383.16,Delivered,4
ORD-22119,2025-12-15,CUST-1329,Consumer,North America,Canada,Software & Cloud,Enterprise CRM License,2083.25,2,0.05,3958.17,1166.08,2792.09,Delivered,4
ORD-22120,2026-02-07,CUST-1139,Corporate,Europe,United Kingdom,Office Supplies,High-Volume Printers,793.34,1,0.05,753.67,442.79,310.88,Delivered,5
ORD-22121,2025-09-24,CUST-1301,Corporate,Middle East & Africa,South Africa,Electronics,Wireless Audio,187.13,1,0.0,187.13,114.13,73.0,Delivered,4
ORD-22122,2026-01-13,CUST-1351,Corporate,North America,Mexico,Office Furniture,Adjustable Standing Desks,807.02,1,0.05,766.67,428.11,338.56,Delivered,4
ORD-22123,2025-08-30,CUST-1141,Small Business,North America,USA,Electronics,Monitors & Displays,570.78,1,0.15,485.16,299.49,185.67,Delivered,4
ORD-22124,2026-06-07,CUST-1227,Enterprise,North America,USA,Electronics,Smart Wearables,364.6,3,0.0,1093.8,829.52,264.28,Delivered,3
ORD-22125,2025-12-18,CUST-1380,Consumer,Asia Pacific,Singapore,Electronics,Laptops & Workstations,1865.35,4,0.0,7461.4,5449.96,2011.44,Delivered,4
ORD-22126,2026-07-24,CUST-1020,Enterprise,Latin America,Brazil,Office Furniture,Adjustable Standing Desks,1136.99,4,0.15,3865.77,2235.02,1630.75,Delivered,4
ORD-22127,2025-01-14,CUST-1014,Corporate,Asia Pacific,India,Office Furniture,Conference Tables,1027.67,5,0.05,4881.43,2855.21,2026.22,Delivered,4
ORD-22128,2025-01-19,CUST-1146,Enterprise,North America,Canada,Electronics,Smartphones & Tablets,717.9,1,0.1,646.11,469.81,176.3,Delivered,3
ORD-22129,2026-07-13,CUST-1117,Consumer,Europe,Germany,Software & Cloud,AI Assistant Subscription,811.18,3,0.0,2433.54,665.89,1767.65,Delivered,2
ORD-22130,2025-12-05,CUST-1110,Corporate,Europe,France,Electronics,Monitors & Displays,384.11,4,0.05,1459.62,1048.34,411.28,Delivered,3
ORD-22131,2026-01-24,CUST-1052,Enterprise,Asia Pacific,Australia,Software & Cloud,Cloud Analytics Suite,1150.69,1,0.0,1150.69,323.7,826.99,Delivered,3
ORD-22132,2026-01-28,CUST-1220,Consumer,Asia Pacific,India,Office Supplies,Presentation Equipment,350.9,3,0.15,894.79,494.09,400.7,Processing,2
ORD-22133,2026-06-29,CUST-1125,Consumer,Europe,Germany,Software & Cloud,DevOps Productivity Tools,654.08,15,0.0,9811.2,2560.82,7250.38,Delivered,4
ORD-22134,2025-09-23,CUST-1021,Consumer,North America,Mexico,Electronics,Smart Wearables,397.34,1,0.05,377.47,279.68,97.79,Delivered,3
ORD-22135,2026-06-23,CUST-1176,Small Business,Latin America,Chile,Office Supplies,Breakroom Supplies,123.08,3,0.0,369.24,192.95,176.29,Delivered,3
ORD-22136,2025-03-01,CUST-1369,Enterprise,Middle East & Africa,South Africa,Software & Cloud,Cybersecurity Suite,1460.32,1,0.1,1314.29,205.04,1109.25,Delivered,3
ORD-22137,2025-12-19,CUST-1317,Corporate,Asia Pacific,South Korea,Office Supplies,Presentation Equipment,169.5,2,0.05,322.05,208.17,113.88,Delivered,4
ORD-22138,2026-02-11,CUST-1160,Small Business,Middle East & Africa,South Africa,Electronics,Smartphones & Tablets,854.72,8,0.1,6153.98,4635.28,1518.7,Delivered,2
ORD-22139,2025-11-28,CUST-1172,Enterprise,Europe,Germany,Office Supplies,Breakroom Supplies,162.89,1,0.0,162.89,85.56,77.33,Cancelled,2
ORD-22140,2026-07-13,CUST-1024,Enterprise,Asia Pacific,Singapore,Office Supplies,Presentation Equipment,199.93,3,0.0,599.79,379.09,220.7,Delivered,1
ORD-22141,2025-03-20,CUST-1102,Consumer,Asia Pacific,India,Electronics,Smart Wearables,288.65,4,0.0,1154.6,897.69,256.91,Delivered,5
ORD-22142,2025-04-29,CUST-1152,Small Business,North America,Canada,Software & Cloud,DevOps Productivity Tools,410.58,1,0.1,369.52,95.96,273.56,Delivered,4
ORD-22143,2026-02-04,CUST-1310,Corporate,North America,USA,Office Supplies,Presentation Equipment,210.34,3,0.0,631.02,405.38,225.64,Delivered,3
ORD-22144,2025-02-21,CUST-1317,Enterprise,North America,USA,Electronics,Smart Wearables,237.24,3,0.1,640.55,506.52,134.03,Delivered,4
ORD-22145,2026-03-21,CUST-1357,Corporate,North America,USA,Office Furniture,Ergonomic Executive Chairs,714.06,1,0.0,714.06,405.31,308.75,Delivered,4
ORD-22146,2025-06-15,CUST-1222,Corporate,Europe,Netherlands,Software & Cloud,AI Assistant Subscription,785.65,1,0.0,785.65,215.78,569.87,Delivered,4
ORD-22147,2025-10-23,CUST-1215,Consumer,Middle East & Africa,UAE,Electronics,Monitors & Displays,411.58,1,0.0,411.58,305.34,106.24,Delivered,4
ORD-22148,2026-02-18,CUST-1037,Corporate,North America,USA,Software & Cloud,Cloud Analytics Suite,2950.04,3,0.0,8850.12,2070.84,6779.28,Delivered,3
ORD-22149,2025-10-09,CUST-1138,Small Business,Europe,France,Electronics,Smart Wearables,364.27,3,0.05,1038.17,803.3,234.87,Delivered,4
ORD-22150,2025-09-07,CUST-1064,Small Business,North America,Mexico,Electronics,Laptops & Workstations,2001.73,5,0.0,10008.65,6405.04,3603.61,Cancelled,1
ORD-22151,2026-02-19,CUST-1365,Corporate,North America,Mexico,Office Supplies,High-Volume Printers,933.34,2,0.1,1680.01,1111.93,568.08,Delivered,5
ORD-22152,2025-03-18,CUST-1189,Corporate,North America,USA,Software & Cloud,AI Assistant Subscription,783.19,2,0.0,1566.38,403.8,1162.58,Cancelled,2
ORD-22153,2026-07-04,CUST-1204,Corporate,North America,USA,Software & Cloud,Cybersecurity Suite,1228.11,4,0.1,4421.2,944.01,3477.19,Shipped,4
ORD-22154,2025-11-11,CUST-1006,Consumer,North America,USA,Office Furniture,Conference Tables,2277.55,1,0.15,1935.92,914.35,1021.57,Delivered,4
ORD-22155,2025-08-03,CUST-1288,Small Business,Asia Pacific,India,Software & Cloud,AI Assistant Subscription,949.38,4,0.05,3607.64,897.54,2710.1,Delivered,4
ORD-22156,2025-01-24,CUST-1129,Corporate,Latin America,Brazil,Electronics,Smart Wearables,210.04,1,0.05,199.54,121.03,78.51,Delivered,3
ORD-22157,2025-05-03,CUST-1134,Consumer,North America,Mexico,Office Furniture,Conference Tables,1167.18,10,0.0,11671.8,6063.15,5608.65,Delivered,4
ORD-22158,2025-10-08,CUST-1263,Small Business,Middle East & Africa,UAE,Office Furniture,LED Desk Lighting,161.35,5,0.05,766.41,486.07,280.34,Delivered,4
ORD-22159,2026-06-16,CUST-1393,Corporate,North America,USA,Office Supplies,High-Volume Printers,903.26,1,0.0,903.26,501.65,401.61,Delivered,3
ORD-22160,2025-01-18,CUST-1126,Corporate,Europe,France,Electronics,Wireless Audio,276.81,4,0.1,996.52,691.5,305.02,Delivered,4
ORD-22161,2025-06-06,CUST-1056,Corporate,North America,Mexico,Electronics,Wireless Audio,267.6,10,0.0,2676.0,1981.7,694.3,Delivered,4
ORD-22162,2025-10-02,CUST-1395,Small Business,Asia Pacific,Australia,Electronics,Laptops & Workstations,2238.95,1,0.05,2127.0,1449.55,677.45,Delivered,5
ORD-22163,2025-11-17,CUST-1220,Consumer,North America,Mexico,Office Supplies,Presentation Equipment,259.07,3,0.05,738.35,448.3,290.05,Delivered,2
ORD-22164,2026-01-11,CUST-1386,Corporate,Europe,Spain,Electronics,Monitors & Displays,635.36,8,0.0,5082.88,3143.63,1939.25,Delivered,5
ORD-22165,2025-03-20,CUST-1357,Small Business,North America,USA,Office Furniture,LED Desk Lighting,62.72,5,0.05,297.92,176.05,121.87,Delivered,3
ORD-22166,2025-05-23,CUST-1016,Corporate,North America,Mexico,Electronics,Monitors & Displays,722.6,1,0.05,686.47,524.54,161.93,Delivered,4
ORD-22167,2025-08-03,CUST-1189,Corporate,North America,Mexico,Software & Cloud,Enterprise CRM License,977.98,1,0.05,929.08,125.76,803.32,Delivered,5
ORD-22168,2025-08-14,CUST-1026,Corporate,Europe,Netherlands,Office Furniture,Acoustic Office Pods,4380.97,5,0.0,21904.85,11860.77,10044.08,Delivered,3
ORD-22169,2025-10-29,CUST-1273,Corporate,North America,USA,Electronics,Monitors & Displays,463.5,3,0.0,1390.5,880.82,509.68,Delivered,1
ORD-22170,2025-01-15,CUST-1233,Enterprise,Europe,United Kingdom,Electronics,Wireless Audio,103.06,4,0.0,412.24,281.49,130.75,Delivered,3
ORD-22171,2025-11-28,CUST-1196,Consumer,North America,USA,Office Furniture,LED Desk Lighting,111.45,1,0.15,94.73,46.48,48.25,Delivered,4
ORD-22172,2025-01-24,CUST-1289,Enterprise,North America,USA,Software & Cloud,Cybersecurity Suite,841.43,2,0.2,1346.29,209.47,1136.82,Delivered,4
ORD-22173,2026-05-01,CUST-1082,Small Business,Europe,Netherlands,Electronics,Smart Wearables,229.56,2,0.05,436.16,298.34,137.82,Delivered,5
ORD-22174,2026-01-30,CUST-1056,Small Business,North America,Mexico,Electronics,Wireless Audio,259.54,3,0.0,778.62,505.6,273.02,Shipped,5
ORD-22175,2026-02-13,CUST-1065,Corporate,Asia Pacific,Singapore,Office Supplies,Paper & Stationeries Pack,40.63,1,0.0,40.63,20.47,20.16,Delivered,4
ORD-22176,2026-06-02,CUST-1331,Corporate,Europe,France,Office Furniture,LED Desk Lighting,66.9,1,0.0,66.9,42.68,24.22,Delivered,4
ORD-22177,2025-08-14,CUST-1018,Corporate,Europe,Spain,Office Furniture,LED Desk Lighting,137.13,1,0.05,130.27,59.27,71.0,Delivered,5
ORD-22178,2026-05-24,CUST-1109,Small Business,North America,USA,Electronics,Smartphones & Tablets,1345.22,1,0.0,1345.22,1040.12,305.1,Delivered,4
ORD-22179,2026-06-17,CUST-1318,Corporate,North America,Canada,Software & Cloud,DevOps Productivity Tools,1165.35,2,0.1,2097.63,556.17,1541.46,Delivered,3
ORD-22180,2025-12-01,CUST-1298,Corporate,North America,USA,Office Supplies,High-Volume Printers,448.79,1,0.15,381.47,264.97,116.5,Delivered,4
ORD-22181,2025-09-29,CUST-1364,Corporate,North America,USA,Office Furniture,Conference Tables,2719.31,1,0.1,2447.38,1236.13,1211.25,Delivered,4
ORD-22182,2025-04-05,CUST-1243,Small Business,Europe,Spain,Office Supplies,Storage & Archiving Units,168.94,1,0.15,143.6,90.21,53.39,Delivered,5
ORD-22183,2025-04-02,CUST-1084,Enterprise,Europe,United Kingdom,Electronics,Smart Wearables,299.22,5,0.0,1496.1,1052.66,443.44,Delivered,3
ORD-22184,2025-04-09,CUST-1173,Enterprise,Europe,Germany,Software & Cloud,AI Assistant Subscription,393.73,2,0.05,748.09,183.75,564.34,Shipped,5
ORD-22185,2025-02-25,CUST-1276,Corporate,Asia Pacific,Singapore,Software & Cloud,DevOps Productivity Tools,1083.53,2,0.0,2167.06,534.98,1632.08,Delivered,4
ORD-22186,2025-05-05,CUST-1251,Enterprise,Europe,France,Software & Cloud,Enterprise CRM License,2259.64,1,0.15,1920.69,508.66,1412.03,Delivered,4
ORD-22187,2025-12-24,CUST-1009,Corporate,North America,Canada,Office Supplies,Presentation Equipment,393.38,1,0.1,354.04,206.21,147.83,Delivered,4
ORD-22188,2026-05-10,CUST-1313,Corporate,Latin America,Brazil,Electronics,Smart Wearables,268.68,3,0.0,806.04,536.97,269.07,Delivered,4
ORD-22189,2026-02-28,CUST-1271,Small Business,North America,USA,Office Furniture,Ergonomic Executive Chairs,739.09,1,0.0,739.09,406.51,332.58,Delivered,3
ORD-22190,2025-02-16,CUST-1160,Small Business,Europe,France,Electronics,Laptops & Workstations,2434.67,1,0.05,2312.94,1437.85,875.09,Delivered,4
ORD-22191,2025-02-10,CUST-1282,Corporate,North America,USA,Office Supplies,Paper & Stationeries Pack,45.28,1,0.15,38.49,20.08,18.41,Delivered,5
ORD-22192,2025-09-15,CUST-1023,Corporate,Europe,Germany,Office Furniture,Ergonomic Executive Chairs,436.66,1,0.0,436.66,243.38,193.28,Delivered,3
ORD-22193,2025-08-16,CUST-1269,Corporate,North America,Mexico,Office Furniture,LED Desk Lighting,109.91,1,0.05,104.41,57.89,46.52,Shipped,3
ORD-22194,2025-01-22,CUST-1255,Consumer,North America,Canada,Electronics,Smartphones & Tablets,1130.61,2,0.0,2261.22,1805.5,455.72,Shipped,4
ORD-22195,2025-10-05,CUST-1361,Corporate,North America,USA,Software & Cloud,Cloud Analytics Suite,1328.04,2,0.05,2523.28,734.1,1789.18,Shipped,3
ORD-22196,2025-06-18,CUST-1246,Enterprise,North America,Canada,Software & Cloud,Cloud Analytics Suite,3115.27,1,0.1,2803.74,586.18,2217.56,Delivered,5
ORD-22197,2026-07-11,CUST-1358,Corporate,North America,Mexico,Software & Cloud,Enterprise CRM License,981.74,5,0.0,4908.7,1353.13,3555.57,Delivered,4
ORD-22198,2026-03-23,CUST-1005,Corporate,North America,USA,Software & Cloud,Enterprise CRM License,1706.7,8,0.15,11605.56,1927.99,9677.57,Delivered,5
ORD-22199,2026-04-24,CUST-1192,Corporate,Latin America,Colombia,Software & Cloud,DevOps Productivity Tools,366.66,1,0.0,366.66,108.55,258.11,Cancelled,1
ORD-22200,2026-07-18,CUST-1215,Small Business,Middle East & Africa,Saudi Arabia,Office Supplies,Paper & Stationeries Pack,89.68,1,0.05,85.2,55.25,29.95,Shipped,4
ORD-22201,2025-07-16,CUST-1018,Small Business,Europe,Germany,Electronics,Monitors & Displays,259.76,8,0.0,2078.08,1504.4,573.68,Delivered,5
ORD-22202,2026-04-12,CUST-1117,Small Business,Europe,Spain,Electronics,Laptops & Workstations,1624.22,2,0.1,2923.6,1967.25,956.35,Delivered,2
ORD-22203,2025-01-23,CUST-1039,Consumer,North America,USA,Office Furniture,Acoustic Office Pods,4923.61,5,0.0,24618.05,11877.65,12740.4,Delivered,4
ORD-22204,2025-01-06,CUST-1082,Enterprise,North America,Canada,Office Supplies,Storage & Archiving Units,94.11,5,0.05,447.02,244.26,202.76,Delivered,3
ORD-22205,2025-01-26,CUST-1277,Small Business,North America,Mexico,Software & Cloud,Enterprise CRM License,2553.39,8,0.05,19405.76,5752.35,13653.41,Delivered,3
ORD-22206,2025-05-17,CUST-1264,Corporate,Asia Pacific,South Korea,Software & Cloud,DevOps Productivity Tools,1101.33,2,0.05,2092.53,618.7,1473.83,Delivered,3
ORD-22207,2025-05-04,CUST-1349,Corporate,Europe,France,Office Furniture,LED Desk Lighting,103.44,4,0.05,393.07,206.75,186.32,Delivered,4
ORD-22208,2026-03-13,CUST-1272,Small Business,Middle East & Africa,Saudi Arabia,Software & Cloud,Enterprise CRM License,1142.02,1,0.0,1142.02,239.82,902.2,Delivered,5
ORD-22209,2025-08-15,CUST-1300,Consumer,North America,Mexico,Software & Cloud,AI Assistant Subscription,677.88,1,0.0,677.88,200.73,477.15,Delivered,4
ORD-22210,2026-02-11,CUST-1365,Corporate,North America,Mexico,Electronics,Smart Wearables,255.46,2,0.0,510.92,309.18,201.74,Delivered,1
ORD-22211,2025-11-22,CUST-1340,Consumer,North America,USA,Electronics,Wireless Audio,334.48,10,0.15,2843.08,1778.83,1064.25,Delivered,3
ORD-22212,2025-11-24,CUST-1097,Corporate,North America,USA,Office Furniture,Acoustic Office Pods,1639.23,2,0.0,3278.46,1684.87,1593.59,Delivered,4
ORD-22213,2025-06-10,CUST-1084,Enterprise,North America,USA,Software & Cloud,Enterprise CRM License,1630.95,5,0.1,7339.28,1191.79,6147.49,Delivered,3
ORD-22214,2025-01-16,CUST-1172,Consumer,Asia Pacific,South Korea,Office Furniture,LED Desk Lighting,121.15,1,0.15,102.98,55.54,47.44,Delivered,5
ORD-22215,2025-05-20,CUST-1370,Corporate,Asia Pacific,Australia,Electronics,Wireless Audio,204.34,3,0.0,613.02,414.08,198.94,Processing,3
ORD-22216,2026-01-16,CUST-1029,Small Business,Europe,Germany,Office Supplies,Breakroom Supplies,132.51,2,0.1,238.52,121.98,116.54,Delivered,4
ORD-22217,2026-06-04,CUST-1070,Enterprise,North America,Mexico,Electronics,Laptops & Workstations,1978.21,1,0.0,1978.21,1377.97,600.24,Delivered,4
ORD-22218,2025-04-13,CUST-1392,Small Business,Europe,France,Electronics,Wireless Audio,189.37,3,0.15,482.89,350.38,132.51,Delivered,4
ORD-22219,2025-01-02,CUST-1246,Consumer,Asia Pacific,Japan,Software & Cloud,AI Assistant Subscription,975.79,5,0.0,4878.95,635.48,4243.47,Shipped,5
ORD-22220,2026-05-29,CUST-1170,Corporate,Latin America,Brazil,Office Supplies,Presentation Equipment,300.13,2,0.1,540.23,306.32,233.91,Delivered,5
ORD-22221,2025-11-04,CUST-1194,Enterprise,North America,Canada,Electronics,Monitors & Displays,442.87,1,0.05,420.73,312.94,107.79,Delivered,4
ORD-22222,2025-10-07,CUST-1333,Consumer,Latin America,Brazil,Electronics,Smart Wearables,358.18,4,0.1,1289.45,790.36,499.09,Delivered,5
ORD-22223,2025-09-15,CUST-1251,Small Business,North America,Mexico,Office Furniture,Adjustable Standing Desks,510.07,1,0.05,484.57,224.1,260.47,Delivered,4
ORD-22224,2025-08-09,CUST-1398,Consumer,North America,USA,Office Supplies,Paper & Stationeries Pack,119.72,1,0.05,113.73,64.96,48.77,Delivered,5
ORD-22225,2025-12-31,CUST-1210,Small Business,North America,USA,Electronics,Monitors & Displays,580.86,8,0.15,3949.85,3119.74,830.11,Delivered,2
ORD-22226,2025-04-05,CUST-1110,Corporate,North America,Canada,Electronics,Smartphones & Tablets,689.68,1,0.0,689.68,511.37,178.31,Delivered,5
ORD-22227,2025-07-05,CUST-1153,Corporate,Latin America,Brazil,Software & Cloud,Cybersecurity Suite,850.83,1,0.0,850.83,243.41,607.42,Delivered,5
ORD-22228,2026-02-21,CUST-1008,Enterprise,Europe,Spain,Office Furniture,Conference Tables,1623.49,5,0.05,7711.58,4440.01,3271.57,Shipped,5
ORD-22229,2025-06-30,CUST-1357,Small Business,North America,Mexico,Electronics,Monitors & Displays,694.16,2,0.0,1388.32,967.53,420.79,Delivered,4
ORD-22230,2026-01-06,CUST-1203,Small Business,North America,Mexico,Office Furniture,Ergonomic Executive Chairs,666.02,8,0.05,5061.75,2760.78,2300.97,Processing,4
ORD-22231,2026-05-20,CUST-1129,Enterprise,North America,USA,Office Furniture,Ergonomic Executive Chairs,492.88,2,0.0,985.76,533.94,451.82,Delivered,5
ORD-22232,2025-03-21,CUST-1076,Enterprise,Europe,France,Office Supplies,Paper & Stationeries Pack,68.33,1,0.0,68.33,45.95,22.38,Delivered,3
ORD-22233,2025-01-07,CUST-1055,Corporate,Asia Pacific,South Korea,Electronics,Smart Wearables,316.65,1,0.15,269.15,165.63,103.52,Delivered,5
ORD-22234,2025-03-02,CUST-1148,Corporate,Europe,Germany,Software & Cloud,DevOps Productivity Tools,850.6,1,0.15,723.01,147.41,575.6,Delivered,3
ORD-22235,2026-05-06,CUST-1029,Small Business,Asia Pacific,Australia,Electronics,Wireless Audio,197.25,2,0.05,374.77,241.64,133.13,Shipped,5
ORD-22236,2025-02-02,CUST-1121,Enterprise,Europe,Spain,Electronics,Smartphones & Tablets,1059.98,1,0.05,1006.98,669.01,337.97,Delivered,3
ORD-22237,2026-04-10,CUST-1178,Enterprise,Europe,France,Electronics,Monitors & Displays,562.09,1,0.1,505.88,350.75,155.13,Delivered,4
ORD-22238,2026-02-12,CUST-1228,Small Business,Europe,Spain,Electronics,Laptops & Workstations,2049.27,3,0.1,5533.03,3821.93,1711.1,Delivered,4
ORD-22239,2025-03-09,CUST-1148,Corporate,North America,Mexico,Office Furniture,Ergonomic Executive Chairs,738.47,1,0.0,738.47,360.8,377.67,Delivered,4
ORD-22240,2026-02-10,CUST-1018,Corporate,Latin America,Brazil,Electronics,Laptops & Workstations,2271.61,3,0.1,6133.35,3912.72,2220.63,Processing,1
ORD-22241,2025-08-04,CUST-1375,Corporate,Asia Pacific,India,Office Supplies,Paper & Stationeries Pack,39.73,2,0.0,79.46,50.68,28.78,Processing,5
ORD-22242,2025-02-03,CUST-1211,Enterprise,North America,Canada,Electronics,Laptops & Workstations,1908.5,1,0.1,1717.65,1329.05,388.6,Delivered,4
ORD-22243,2026-07-08,CUST-1027,Corporate,North America,Mexico,Software & Cloud,AI Assistant Subscription,914.74,1,0.0,914.74,257.21,657.53,Delivered,4
ORD-22244,2026-05-28,CUST-1378,Enterprise,North America,Canada,Software & Cloud,Cybersecurity Suite,878.35,1,0.0,878.35,164.91,713.44,Delivered,4
ORD-22245,2026-01-19,CUST-1116,Corporate,North America,Mexico,Office Supplies,Breakroom Supplies,177.44,2,0.0,354.88,204.92,149.96,Delivered,4
ORD-22246,2025-01-23,CUST-1143,Small Business,North America,Canada,Office Supplies,Breakroom Supplies,145.76,1,0.05,138.47,72.36,66.11,Delivered,4
ORD-22247,2026-04-19,CUST-1396,Small Business,Europe,United Kingdom,Electronics,Monitors & Displays,587.66,1,0.2,470.13,291.47,178.66,Delivered,4
ORD-22248,2025-11-24,CUST-1256,Small Business,Asia Pacific,Singapore,Office Furniture,Ergonomic Executive Chairs,834.11,10,0.0,8341.1,4778.52,3562.58,Delivered,4
ORD-22249,2025-06-21,CUST-1365,Small Business,Europe,France,Software & Cloud,Cybersecurity Suite,430.16,1,0.2,344.13,57.8,286.33,Delivered,4
ORD-22250,2025-02-04,CUST-1290,Small Business,North America,USA,Software & Cloud,AI Assistant Subscription,956.64,2,0.0,1913.28,261.59,1651.69,Delivered,3
ORD-22251,2025-04-21,CUST-1008,Small Business,Latin America,Colombia,Office Supplies,Presentation Equipment,482.82,1,0.0,482.82,258.9,223.92,Delivered,4
ORD-22252,2026-03-10,CUST-1047,Consumer,Asia Pacific,Japan,Electronics,Smartphones & Tablets,1344.78,4,0.0,5379.12,3498.97,1880.15,Delivered,3
ORD-22253,2026-03-13,CUST-1250,Enterprise,Europe,Spain,Electronics,Smartphones & Tablets,1369.84,5,0.1,6164.28,4861.16,1303.12,Delivered,4
ORD-22254,2025-02-09,CUST-1038,Small Business,Europe,United Kingdom,Electronics,Smartphones & Tablets,1357.17,4,0.2,4342.94,2819.85,1523.09,Delivered,4
ORD-22255,2025-08-07,CUST-1033,Corporate,Asia Pacific,Japan,Office Furniture,LED Desk Lighting,102.92,2,0.1,185.26,118.68,66.58,Delivered,2
ORD-22256,2025-05-28,CUST-1179,Corporate,North America,USA,Electronics,Monitors & Displays,652.57,1,0.05,619.94,413.27,206.67,Delivered,4
ORD-22257,2025-02-19,CUST-1249,Enterprise,Europe,Germany,Electronics,Monitors & Displays,741.54,1,0.1,667.39,448.0,219.39,Delivered,4
ORD-22258,2025-01-19,CUST-1137,Corporate,Middle East & Africa,Saudi Arabia,Electronics,Smart Wearables,400.06,2,0.0,800.12,592.77,207.35,Delivered,4
ORD-22259,2025-08-16,CUST-1119,Consumer,North America,Mexico,Software & Cloud,Cybersecurity Suite,817.95,1,0.05,777.05,102.67,674.38,Delivered,5
ORD-22260,2026-01-22,CUST-1089,Enterprise,North America,Canada,Software & Cloud,Cybersecurity Suite,854.75,2,0.0,1709.5,341.95,1367.55,Delivered,5
ORD-22261,2026-06-01,CUST-1393,Enterprise,Asia Pacific,India,Electronics,Smartphones & Tablets,759.35,2,0.05,1442.76,998.04,444.72,Delivered,4
ORD-22262,2025-04-29,CUST-1212,Corporate,North America,Canada,Electronics,Monitors & Displays,576.97,4,0.0,2307.88,1731.09,576.79,Delivered,1
ORD-22263,2025-08-25,CUST-1141,Corporate,North America,USA,Office Supplies,Presentation Equipment,450.91,1,0.0,450.91,308.57,142.34,Delivered,4
ORD-22264,2026-07-11,CUST-1346,Enterprise,North America,Mexico,Electronics,Monitors & Displays,259.63,1,0.0,259.63,205.37,54.26,Processing,5
ORD-22265,2025-01-23,CUST-1236,Small Business,North America,USA,Office Supplies,Paper & Stationeries Pack,37.2,1,0.0,37.2,25.21,11.99,Delivered,4
ORD-22266,2026-05-04,CUST-1172,Corporate,Asia Pacific,South Korea,Office Furniture,Acoustic Office Pods,3762.66,1,0.15,3198.26,1872.61,1325.65,Delivered,3
ORD-22267,2025-07-25,CUST-1250,Corporate,North America,USA,Office Supplies,Presentation Equipment,339.38,4,0.0,1357.52,776.26,581.26,Delivered,5
ORD-22268,2025-08-30,CUST-1041,Consumer,Asia Pacific,Singapore,Software & Cloud,DevOps Productivity Tools,1396.92,3,0.05,3981.22,908.03,3073.19,Delivered,5
ORD-22269,2026-02-16,CUST-1234,Corporate,North America,Canada,Electronics,Wireless Audio,345.25,2,0.0,690.5,503.0,187.5,Delivered,3
ORD-22270,2025-02-09,CUST-1393,Corporate,North America,USA,Electronics,Monitors & Displays,601.22,5,0.0,3006.1,2199.49,806.61,Delivered,5
ORD-22271,2026-05-29,CUST-1394,Small Business,Middle East & Africa,Saudi Arabia,Software & Cloud,Cloud Analytics Suite,4227.87,2,0.05,8032.95,2076.87,5956.08,Delivered,3
ORD-22272,2025-08-15,CUST-1369,Corporate,North America,USA,Software & Cloud,DevOps Productivity Tools,572.0,1,0.05,543.4,125.27,418.13,Delivered,1
ORD-22273,2025-04-27,CUST-1266,Enterprise,Europe,Netherlands,Office Furniture,Acoustic Office Pods,3325.58,2,0.0,6651.16,3891.52,2759.64,Delivered,4
ORD-22274,2025-03-14,CUST-1174,Corporate,North America,USA,Software & Cloud,DevOps Productivity Tools,398.21,1,0.0,398.21,118.09,280.12,Cancelled,1
ORD-22275,2025-07-19,CUST-1361,Consumer,North America,USA,Software & Cloud,AI Assistant Subscription,389.02,1,0.1,350.12,48.73,301.39,Delivered,4
ORD-22276,2025-09-22,CUST-1142,Small Business,North America,Canada,Office Supplies,Breakroom Supplies,173.24,3,0.15,441.76,305.02,136.74,Delivered,5
ORD-22277,2026-01-20,CUST-1156,Corporate,North America,Canada,Electronics,Monitors & Displays,729.41,2,0.1,1312.94,839.28,473.66,Delivered,4
ORD-22278,2025-06-23,CUST-1182,Small Business,Europe,United Kingdom,Electronics,Laptops & Workstations,1735.58,1,0.0,1735.58,1210.65,524.93,Delivered,2
ORD-22279,2025-02-26,CUST-1131,Small Business,North America,Mexico,Office Furniture,Ergonomic Executive Chairs,582.01,2,0.0,1164.02,677.27,486.75,Delivered,4
ORD-22280,2025-12-14,CUST-1372,Corporate,Asia Pacific,Australia,Electronics,Laptops & Workstations,1393.76,1,0.0,1393.76,1103.08,290.68,Delivered,3
ORD-22281,2025-02-20,CUST-1142,Enterprise,Asia Pacific,India,Software & Cloud,AI Assistant Subscription,205.91,2,0.0,411.82,70.24,341.58,Shipped,5
ORD-22282,2025-03-02,CUST-1088,Enterprise,Europe,Germany,Electronics,Monitors & Displays,702.45,2,0.0,1404.9,969.69,435.21,Processing,4
ORD-22283,2025-06-01,CUST-1127,Corporate,Latin America,Brazil,Electronics,Monitors & Displays,634.57,2,0.0,1269.14,948.47,320.67,Delivered,4
ORD-22284,2026-02-25,CUST-1136,Corporate,North America,USA,Electronics,Monitors & Displays,362.18,2,0.05,688.14,526.3,161.84,Delivered,2
ORD-22285,2025-07-26,CUST-1252,Enterprise,Europe,France,Electronics,Monitors & Displays,658.68,1,0.05,625.75,441.3,184.45,Processing,4
ORD-22286,2025-01-12,CUST-1087,Small Business,Europe,Spain,Office Furniture,Ergonomic Executive Chairs,542.84,1,0.0,542.84,328.9,213.94,Delivered,3
ORD-22287,2025-04-30,CUST-1227,Corporate,Middle East & Africa,Saudi Arabia,Software & Cloud,Enterprise CRM License,1194.59,3,0.1,3225.39,396.25,2829.14,Delivered,1
ORD-22288,2025-11-07,CUST-1237,Corporate,Europe,Germany,Electronics,Smartphones & Tablets,606.21,2,0.0,1212.42,751.06,461.36,Processing,3
ORD-22289,2025-07-23,CUST-1235,Corporate,Asia Pacific,Australia,Office Supplies,Paper & Stationeries Pack,38.53,5,0.0,192.65,108.37,84.28,Delivered,4
ORD-22290,2025-12-22,CUST-1262,Enterprise,Asia Pacific,South Korea,Electronics,Monitors & Displays,742.0,2,0.05,1409.8,852.57,557.23,Delivered,4
ORD-22291,2026-02-28,CUST-1010,Small Business,North America,Canada,Electronics,Smart Wearables,317.09,1,0.0,317.09,209.05,108.04,Delivered,5
ORD-22292,2026-01-09,CUST-1155,Consumer,Europe,France,Electronics,Smartphones & Tablets,664.83,4,0.05,2526.35,1718.74,807.61,Delivered,4
ORD-22293,2025-05-06,CUST-1201,Corporate,North America,Mexico,Electronics,Laptops & Workstations,1450.59,2,0.1,2611.06,1612.95,998.11,Delivered,5
ORD-22294,2025-09-12,CUST-1366,Corporate,Europe,Germany,Office Supplies,Presentation Equipment,309.21,2,0.0,618.42,332.19,286.23,Delivered,5
ORD-22295,2025-03-01,CUST-1214,Enterprise,Europe,Netherlands,Office Supplies,Presentation Equipment,439.46,1,0.0,439.46,291.39,148.07,Delivered,3
ORD-22296,2026-01-12,CUST-1041,Consumer,Europe,United Kingdom,Software & Cloud,AI Assistant Subscription,924.24,2,0.05,1756.06,285.88,1470.18,Delivered,1
ORD-22297,2025-02-16,CUST-1141,Corporate,Asia Pacific,Japan,Office Furniture,Acoustic Office Pods,3364.43,1,0.05,3196.21,1474.09,1722.12,Delivered,4
ORD-22298,2025-08-05,CUST-1166,Corporate,Latin America,Colombia,Office Furniture,LED Desk Lighting,68.27,3,0.0,204.81,129.92,74.89,Delivered,5
ORD-22299,2026-04-19,CUST-1316,Enterprise,Asia Pacific,Singapore,Office Furniture,LED Desk Lighting,176.62,4,0.0,706.48,365.31,341.17,Cancelled,2
ORD-22300,2025-03-23,CUST-1226,Consumer,Europe,France,Software & Cloud,AI Assistant Subscription,435.63,1,0.1,392.07,76.58,315.49,Delivered,5
ORD-22301,2025-07-09,CUST-1174,Consumer,North America,Canada,Office Furniture,Adjustable Standing Desks,764.75,2,0.0,1529.5,762.0,767.5,Delivered,3
ORD-22302,2025-09-20,CUST-1209,Small Business,North America,Mexico,Office Supplies,High-Volume Printers,443.65,1,0.15,377.1,242.82,134.28,Delivered,4
ORD-22303,2026-01-01,CUST-1012,Consumer,Europe,Netherlands,Electronics,Wireless Audio,208.94,2,0.05,396.99,295.14,101.85,Delivered,3
ORD-22304,2025-04-02,CUST-1150,Corporate,North America,Mexico,Electronics,Wireless Audio,309.98,1,0.0,309.98,224.49,85.49,Delivered,5
ORD-22305,2025-10-06,CUST-1352,Small Business,Asia Pacific,South Korea,Electronics,Wireless Audio,224.06,1,0.05,212.86,152.93,59.93,Delivered,3
ORD-22306,2025-12-06,CUST-1277,Corporate,Asia Pacific,South Korea,Office Furniture,Acoustic Office Pods,2650.25,1,0.05,2517.74,1378.58,1139.16,Delivered,2
ORD-22307,2025-03-08,CUST-1221,Corporate,Europe,Netherlands,Electronics,Monitors & Displays,286.36,2,0.0,572.72,427.79,144.93,Delivered,3
ORD-22308,2025-05-13,CUST-1352,Enterprise,North America,Canada,Electronics,Smart Wearables,300.58,2,0.05,571.1,420.76,150.34,Delivered,4
ORD-22309,2026-01-11,CUST-1394,Enterprise,Europe,Germany,Office Supplies,High-Volume Printers,477.66,4,0.0,1910.64,1126.24,784.4,Shipped,4
ORD-22310,2025-04-02,CUST-1182,Small Business,North America,Canada,Software & Cloud,DevOps Productivity Tools,456.67,1,0.0,456.67,114.2,342.47,Delivered,3
ORD-22311,2025-06-20,CUST-1112,Corporate,Middle East & Africa,South Africa,Office Furniture,LED Desk Lighting,149.37,1,0.0,149.37,83.05,66.32,Delivered,5
ORD-22312,2025-05-03,CUST-1041,Small Business,Europe,Spain,Electronics,Smart Wearables,189.93,1,0.0,189.93,145.85,44.08,Delivered,3
ORD-22313,2025-01-11,CUST-1098,Enterprise,North America,Canada,Electronics,Monitors & Displays,540.32,1,0.0,540.32,362.85,177.47,Delivered,3
ORD-22314,2026-06-16,CUST-1287,Corporate,Latin America,Chile,Software & Cloud,Enterprise CRM License,2663.73,3,0.0,7991.19,2345.34,5645.85,Delivered,4
ORD-22315,2025-02-23,CUST-1139,Corporate,Europe,United Kingdom,Software & Cloud,Cloud Analytics Suite,1925.63,3,0.05,5488.05,973.93,4514.12,Delivered,2
ORD-22316,2025-12-07,CUST-1165,Small Business,Europe,Germany,Electronics,Monitors & Displays,683.48,4,0.1,2460.53,1556.9,903.63,Delivered,2
ORD-22317,2026-07-05,CUST-1074,Corporate,Europe,Netherlands,Office Furniture,Ergonomic Executive Chairs,654.04,2,0.05,1242.68,657.92,584.76,Processing,5
ORD-22318,2025-11-18,CUST-1128,Consumer,Europe,United Kingdom,Software & Cloud,DevOps Productivity Tools,1113.89,1,0.15,946.81,270.92,675.89,Delivered,1
ORD-22319,2025-04-27,CUST-1267,Small Business,Asia Pacific,South Korea,Office Furniture,Conference Tables,2197.78,3,0.1,5934.01,3633.09,2300.92,Delivered,3
ORD-22320,2026-04-19,CUST-1234,Enterprise,North America,Mexico,Electronics,Monitors & Displays,545.01,8,0.05,4142.08,3070.13,1071.95,Delivered,5
ORD-22321,2025-03-10,CUST-1335,Corporate,Middle East & Africa,South Africa,Electronics,Laptops & Workstations,2289.93,2,0.1,4121.87,2843.9,1277.97,Delivered,4
ORD-22322,2026-04-11,CUST-1137,Enterprise,North America,USA,Office Supplies,High-Volume Printers,722.74,1,0.05,686.6,375.65,310.95,Processing,1
ORD-22323,2025-06-07,CUST-1148,Consumer,North America,Canada,Electronics,Laptops & Workstations,2293.53,1,0.15,1949.5,1288.43,661.07,Delivered,5
ORD-22324,2025-04-07,CUST-1094,Small Business,Asia Pacific,South Korea,Office Supplies,Breakroom Supplies,165.02,10,0.1,1485.18,977.18,508.0,Delivered,3
ORD-22325,2026-04-05,CUST-1048,Corporate,North America,USA,Electronics,Smart Wearables,164.72,5,0.05,782.42,579.43,202.99,Delivered,3
ORD-22326,2025-08-16,CUST-1129,Consumer,Middle East & Africa,Saudi Arabia,Software & Cloud,Cloud Analytics Suite,1927.73,2,0.0,3855.46,718.88,3136.58,Delivered,3
ORD-22327,2025-09-10,CUST-1178,Enterprise,North America,USA,Office Supplies,Presentation Equipment,469.83,3,0.0,1409.49,754.56,654.93,Delivered,4
ORD-22328,2025-12-10,CUST-1098,Small Business,Asia Pacific,India,Electronics,Monitors & Displays,346.59,5,0.05,1646.3,1251.81,394.49,Shipped,4
ORD-22329,2025-11-03,CUST-1129,Enterprise,Europe,Germany,Software & Cloud,Cloud Analytics Suite,1448.66,4,0.1,5215.18,1277.83,3937.35,Delivered,3
ORD-22330,2025-02-04,CUST-1382,Corporate,Asia Pacific,Australia,Electronics,Smart Wearables,187.64,5,0.05,891.29,676.22,215.07,Delivered,3
ORD-22331,2025-05-31,CUST-1272,Enterprise,Europe,Spain,Office Supplies,Storage & Archiving Units,228.01,3,0.1,615.63,320.76,294.87,Delivered,2
ORD-22332,2026-04-11,CUST-1142,Corporate,Europe,United Kingdom,Electronics,Smart Wearables,400.77,2,0.05,761.46,569.18,192.28,Shipped,4
ORD-22333,2025-12-11,CUST-1205,Enterprise,Europe,France,Office Supplies,Presentation Equipment,478.11,3,0.0,1434.33,764.97,669.36,Delivered,4
ORD-22334,2026-06-30,CUST-1281,Corporate,North America,Mexico,Software & Cloud,AI Assistant Subscription,568.89,2,0.0,1137.78,167.78,970.0,Delivered,3
ORD-22335,2025-03-09,CUST-1334,Enterprise,Europe,Netherlands,Electronics,Smart Wearables,153.7,8,0.0,1229.6,762.03,467.57,Delivered,4
ORD-22336,2025-02-08,CUST-1172,Corporate,Asia Pacific,Singapore,Electronics,Laptops & Workstations,2341.76,2,0.0,4683.52,3434.36,1249.16,Delivered,3
ORD-22337,2026-06-29,CUST-1043,Corporate,Europe,France,Software & Cloud,AI Assistant Subscription,374.41,1,0.05,355.69,60.45,295.24,Processing,3
ORD-22338,2026-07-03,CUST-1312,Small Business,North America,USA,Electronics,Wireless Audio,248.86,5,0.05,1182.09,874.29,307.8,Delivered,5
ORD-22339,2025-03-14,CUST-1042,Corporate,Middle East & Africa,Saudi Arabia,Electronics,Monitors & Displays,586.85,1,0.0,586.85,374.54,212.31,Delivered,5
ORD-22340,2026-07-24,CUST-1026,Corporate,Latin America,Colombia,Software & Cloud,Cybersecurity Suite,756.93,5,0.05,3595.42,1048.85,2546.57,Delivered,4
ORD-22341,2025-08-23,CUST-1307,Corporate,Europe,United Kingdom,Electronics,Smartphones & Tablets,1041.82,3,0.1,2812.91,1977.79,835.12,Delivered,4
ORD-22342,2025-01-13,CUST-1065,Small Business,Europe,United Kingdom,Office Furniture,Adjustable Standing Desks,1073.93,3,0.15,2738.52,1335.25,1403.27,Delivered,4
ORD-22343,2025-06-29,CUST-1017,Enterprise,Europe,Netherlands,Electronics,Laptops & Workstations,1393.9,1,0.0,1393.9,1025.3,368.6,Delivered,3
ORD-22344,2026-07-11,CUST-1241,Small Business,North America,Mexico,Office Furniture,Acoustic Office Pods,2311.74,1,0.05,2196.15,1102.64,1093.51,Delivered,4
ORD-22345,2025-01-10,CUST-1208,Corporate,Europe,Netherlands,Office Supplies,Paper & Stationeries Pack,88.74,2,0.2,141.98,98.21,43.77,Delivered,3
ORD-22346,2025-01-05,CUST-1214,Consumer,Asia Pacific,India,Electronics,Laptops & Workstations,1356.19,1,0.0,1356.19,893.21,462.98,Shipped,2
ORD-22347,2025-03-22,CUST-1014,Corporate,Asia Pacific,South Korea,Software & Cloud,DevOps Productivity Tools,857.72,2,0.0,1715.44,378.3,1337.14,Delivered,4
ORD-22348,2025-09-23,CUST-1217,Corporate,North America,Canada,Office Furniture,Adjustable Standing Desks,1387.32,8,0.1,9988.7,5548.05,4440.65,Delivered,3
ORD-22349,2026-03-13,CUST-1036,Consumer,Latin America,Chile,Electronics,Laptops & Workstations,1600.69,3,0.05,4561.97,3249.09,1312.88,Delivered,5
ORD-22350,2025-08-22,CUST-1365,Enterprise,North America,USA,Electronics,Monitors & Displays,320.37,2,0.0,640.74,427.44,213.3,Delivered,5
ORD-22351,2025-04-02,CUST-1072,Consumer,Asia Pacific,South Korea,Electronics,Smartphones & Tablets,1299.5,2,0.0,2599.0,1605.12,993.88,Processing,4
ORD-22352,2025-08-04,CUST-1045,Consumer,North America,USA,Software & Cloud,AI Assistant Subscription,672.41,3,0.0,2017.23,418.8,1598.43,Delivered,5
ORD-22353,2025-05-27,CUST-1245,Small Business,North America,USA,Electronics,Laptops & Workstations,1532.39,8,0.05,11646.16,9005.52,2640.64,Delivered,3
ORD-22354,2025-06-23,CUST-1377,Small Business,North America,USA,Software & Cloud,DevOps Productivity Tools,343.26,2,0.0,686.52,136.94,549.58,Delivered,4
ORD-22355,2026-02-22,CUST-1300,Enterprise,Middle East & Africa,UAE,Electronics,Monitors & Displays,428.25,1,0.15,364.01,285.8,78.21,Delivered,4
ORD-22356,2026-02-28,CUST-1100,Consumer,Europe,Netherlands,Electronics,Monitors & Displays,678.15,1,0.05,644.24,393.94,250.3,Delivered,3
ORD-22357,2025-09-30,CUST-1127,Enterprise,Europe,France,Office Supplies,Paper & Stationeries Pack,30.67,2,0.0,61.34,40.02,21.32,Delivered,4
ORD-22358,2026-07-06,CUST-1393,Small Business,Europe,France,Electronics,Smartphones & Tablets,730.67,1,0.1,657.6,481.47,176.13,Delivered,2
ORD-22359,2026-04-17,CUST-1332,Corporate,North America,Mexico,Office Furniture,LED Desk Lighting,92.32,3,0.1,249.26,118.7,130.56,Delivered,3
ORD-22360,2026-03-20,CUST-1347,Corporate,Europe,United Kingdom,Software & Cloud,DevOps Productivity Tools,305.51,4,0.05,1160.94,280.18,880.76,Delivered,3
ORD-22361,2026-02-23,CUST-1187,Small Business,North America,Canada,Office Supplies,Presentation Equipment,439.38,4,0.0,1757.52,1188.26,569.26,Delivered,3
ORD-22362,2025-08-11,CUST-1145,Corporate,Europe,France,Software & Cloud,Enterprise CRM License,1323.79,3,0.0,3971.37,624.74,3346.63,Delivered,5
ORD-22363,2026-07-06,CUST-1120,Corporate,Europe,Spain,Electronics,Laptops & Workstations,1685.28,3,0.0,5055.84,3932.9,1122.94,Delivered,4
ORD-22364,2025-12-23,CUST-1289,Corporate,North America,USA,Office Furniture,LED Desk Lighting,170.56,1,0.15,144.98,74.24,70.74,Processing,1
ORD-22365,2025-06-23,CUST-1142,Small Business,Europe,Netherlands,Electronics,Monitors & Displays,422.56,1,0.0,422.56,293.7,128.86,Delivered,4
ORD-22366,2026-06-07,CUST-1050,Small Business,North America,Canada,Electronics,Laptops & Workstations,1537.96,2,0.0,3075.92,2136.71,939.21,Delivered,4
ORD-22367,2026-06-26,CUST-1329,Small Business,Asia Pacific,India,Electronics,Smart Wearables,348.8,1,0.0,348.8,249.41,99.39,Delivered,3
ORD-22368,2026-03-01,CUST-1292,Enterprise,Europe,Netherlands,Electronics,Smartphones & Tablets,990.34,1,0.05,940.82,659.1,281.72,Delivered,4
ORD-22369,2026-06-08,CUST-1043,Small Business,Middle East & Africa,Saudi Arabia,Electronics,Laptops & Workstations,2227.92,4,0.0,8911.68,5665.33,3246.35,Shipped,3
ORD-22370,2025-06-03,CUST-1372,Consumer,North America,USA,Office Furniture,Conference Tables,1475.51,1,0.05,1401.73,790.36,611.37,Delivered,3
ORD-22371,2025-02-28,CUST-1137,Enterprise,North America,Canada,Software & Cloud,AI Assistant Subscription,786.68,1,0.05,747.35,112.25,635.1,Delivered,5
ORD-22372,2025-10-27,CUST-1223,Corporate,Europe,Germany,Office Supplies,Presentation Equipment,444.87,1,0.0,444.87,243.81,201.06,Delivered,5
ORD-22373,2025-01-27,CUST-1123,Corporate,North America,USA,Electronics,Monitors & Displays,552.34,2,0.0,1104.68,840.33,264.35,Delivered,4
ORD-22374,2026-02-04,CUST-1008,Small Business,Latin America,Brazil,Software & Cloud,AI Assistant Subscription,720.09,2,0.0,1440.18,300.89,1139.29,Delivered,4
ORD-22375,2026-06-19,CUST-1183,Enterprise,Europe,Spain,Office Furniture,Acoustic Office Pods,4184.03,4,0.1,15062.51,7519.72,7542.79,Delivered,3
ORD-22376,2025-06-03,CUST-1341,Small Business,North America,Mexico,Software & Cloud,Cloud Analytics Suite,2749.29,3,0.0,8247.87,1774.39,6473.48,Delivered,2
ORD-22377,2025-08-03,CUST-1382,Small Business,North America,Mexico,Electronics,Smartphones & Tablets,757.46,1,0.05,719.59,442.47,277.12,Delivered,4
ORD-22378,2026-05-29,CUST-1130,Enterprise,North America,Mexico,Software & Cloud,Enterprise CRM License,1213.62,1,0.2,970.9,192.74,778.16,Delivered,3
ORD-22379,2025-04-16,CUST-1291,Corporate,Asia Pacific,Singapore,Electronics,Laptops & Workstations,2123.13,1,0.05,2016.97,1444.38,572.59,Delivered,4
ORD-22380,2026-02-13,CUST-1361,Corporate,North America,Mexico,Software & Cloud,AI Assistant Subscription,312.58,3,0.05,890.85,259.03,631.82,Delivered,3
ORD-22381,2025-03-21,CUST-1362,Enterprise,Asia Pacific,Singapore,Electronics,Wireless Audio,284.1,4,0.0,1136.4,888.84,247.56,Delivered,3
ORD-22382,2025-12-08,CUST-1341,Enterprise,Europe,Spain,Software & Cloud,Enterprise CRM License,2983.37,5,0.0,14916.85,2439.19,12477.66,Shipped,3
ORD-22383,2025-10-13,CUST-1389,Corporate,Asia Pacific,Singapore,Software & Cloud,Cybersecurity Suite,1428.52,2,0.0,2857.04,557.57,2299.47,Delivered,4
ORD-22384,2026-02-17,CUST-1177,Enterprise,Asia Pacific,Australia,Office Furniture,Adjustable Standing Desks,548.01,1,0.05,520.61,310.14,210.47,Delivered,4
ORD-22385,2025-02-09,CUST-1308,Consumer,Asia Pacific,India,Office Supplies,Storage & Archiving Units,160.41,1,0.0,160.41,105.92,54.49,Delivered,3
ORD-22386,2026-03-07,CUST-1358,Corporate,Asia Pacific,South Korea,Office Furniture,Ergonomic Executive Chairs,931.54,1,0.0,931.54,540.09,391.45,Delivered,5
ORD-22387,2025-12-24,CUST-1051,Small Business,North America,Canada,Software & Cloud,AI Assistant Subscription,702.45,2,0.0,1404.9,401.99,1002.91,Delivered,5
ORD-22388,2026-01-23,CUST-1304,Small Business,Europe,France,Office Supplies,Storage & Archiving Units,99.4,1,0.15,84.49,59.14,25.35,Cancelled,1
ORD-22389,2025-05-02,CUST-1038,Enterprise,North America,Canada,Electronics,Smartphones & Tablets,1332.26,1,0.0,1332.26,884.22,448.04,Delivered,4
ORD-22390,2025-09-27,CUST-1209,Corporate,Middle East & Africa,UAE,Software & Cloud,Cybersecurity Suite,2046.23,1,0.0,2046.23,585.1,1461.13,Delivered,3
ORD-22391,2025-12-24,CUST-1276,Corporate,Europe,Germany,Office Furniture,Conference Tables,2172.87,2,0.0,4345.74,2233.83,2111.91,Shipped,4
ORD-22392,2025-02-07,CUST-1300,Small Business,Europe,Spain,Electronics,Wireless Audio,181.58,4,0.0,726.32,577.99,148.33,Delivered,4
ORD-22393,2025-01-20,CUST-1247,Enterprise,Asia Pacific,Japan,Office Supplies,Breakroom Supplies,48.03,3,0.1,129.68,80.42,49.26,Delivered,4
ORD-22394,2025-04-20,CUST-1263,Small Business,North America,USA,Software & Cloud,Cybersecurity Suite,1514.05,3,0.0,4542.15,581.69,3960.46,Delivered,4
ORD-22395,2025-09-28,CUST-1183,Enterprise,Asia Pacific,Australia,Office Supplies,Breakroom Supplies,171.81,1,0.05,163.22,101.23,61.99,Delivered,4
ORD-22396,2026-01-21,CUST-1304,Enterprise,Europe,Spain,Software & Cloud,Cloud Analytics Suite,3349.36,1,0.0,3349.36,540.35,2809.01,Delivered,3
ORD-22397,2025-11-07,CUST-1109,Small Business,North America,Canada,Software & Cloud,AI Assistant Subscription,428.47,2,0.2,685.55,160.71,524.84,Delivered,4
ORD-22398,2025-06-28,CUST-1030,Corporate,Middle East & Africa,South Africa,Office Furniture,Acoustic Office Pods,2633.04,3,0.05,7504.16,4228.69,3275.47,Delivered,4
ORD-22399,2025-08-07,CUST-1379,Small Business,North America,USA,Office Furniture,Conference Tables,1559.29,2,0.0,3118.58,1609.11,1509.47,Delivered,4
ORD-22400,2025-11-15,CUST-1375,Small Business,Latin America,Brazil,Electronics,Smart Wearables,260.16,8,0.0,2081.28,1604.28,477.0,Shipped,4
ORD-22401,2026-05-04,CUST-1164,Small Business,North America,USA,Software & Cloud,Enterprise CRM License,1250.37,1,0.15,1062.81,245.79,817.02,Delivered,3
ORD-22402,2025-01-20,CUST-1099,Enterprise,Asia Pacific,South Korea,Software & Cloud,AI Assistant Subscription,697.84,3,0.0,2093.52,594.67,1498.85,Delivered,3
ORD-22403,2026-07-23,CUST-1266,Corporate,North America,Mexico,Electronics,Wireless Audio,240.79,4,0.0,963.16,698.57,264.59,Cancelled,1
ORD-22404,2025-12-22,CUST-1231,Corporate,North America,Mexico,Office Furniture,LED Desk Lighting,120.03,3,0.0,360.09,207.56,152.53,Delivered,4
ORD-22405,2026-06-04,CUST-1170,Corporate,Asia Pacific,Australia,Electronics,Smart Wearables,193.02,1,0.0,193.02,127.11,65.91,Delivered,4
ORD-22406,2025-09-27,CUST-1235,Small Business,North America,Mexico,Electronics,Monitors & Displays,489.82,5,0.05,2326.64,1403.04,923.6,Delivered,3
ORD-22407,2025-03-09,CUST-1174,Corporate,North America,Mexico,Software & Cloud,AI Assistant Subscription,564.56,1,0.0,564.56,125.72,438.84,Delivered,3
ORD-22408,2025-09-06,CUST-1312,Small Business,North America,Mexico,Software & Cloud,Cybersecurity Suite,1113.7,4,0.15,3786.58,1132.15,2654.43,Shipped,4
ORD-22409,2026-05-19,CUST-1255,Corporate,Middle East & Africa,UAE,Software & Cloud,AI Assistant Subscription,752.71,1,0.1,677.44,202.65,474.79,Delivered,4
ORD-22410,2025-08-10,CUST-1381,Corporate,North America,Mexico,Software & Cloud,DevOps Productivity Tools,659.46,2,0.0,1318.92,374.32,944.6,Delivered,5
ORD-22411,2025-08-25,CUST-1352,Enterprise,Europe,Netherlands,Office Supplies,High-Volume Printers,1137.87,5,0.0,5689.35,3603.04,2086.31,Delivered,5
ORD-22412,2025-09-23,CUST-1364,Consumer,North America,Canada,Software & Cloud,Cloud Analytics Suite,4134.28,4,0.0,16537.12,2459.3,14077.82,Delivered,4
ORD-22413,2026-01-20,CUST-1244,Small Business,North America,Canada,Software & Cloud,Enterprise CRM License,1207.87,10,0.15,10266.89,1975.05,8291.84,Cancelled,2
ORD-22414,2025-06-14,CUST-1217,Enterprise,North America,Canada,Office Supplies,Paper & Stationeries Pack,46.59,1,0.0,46.59,32.13,14.46,Delivered,4
ORD-22415,2025-02-23,CUST-1390,Corporate,Asia Pacific,Singapore,Office Furniture,Conference Tables,2652.07,1,0.05,2519.47,1512.83,1006.64,Delivered,3
ORD-22416,2025-04-27,CUST-1145,Small Business,Asia Pacific,South Korea,Software & Cloud,Cybersecurity Suite,730.66,8,0.0,5845.28,1703.2,4142.08,Shipped,5
ORD-22417,2025-05-21,CUST-1016,Enterprise,North America,USA,Software & Cloud,AI Assistant Subscription,240.5,4,0.05,913.9,180.95,732.95,Delivered,3
ORD-22418,2025-03-18,CUST-1375,Small Business,North America,Mexico,Office Supplies,Breakroom Supplies,60.21,5,0.0,301.05,208.81,92.24,Delivered,4
ORD-22419,2026-02-02,CUST-1364,Small Business,North America,USA,Electronics,Laptops & Workstations,1977.3,1,0.1,1779.57,1267.18,512.39,Delivered,3
ORD-22420,2025-01-06,CUST-1341,Corporate,Europe,Netherlands,Office Supplies,High-Volume Printers,643.85,1,0.05,611.66,394.22,217.44,Delivered,5
ORD-22421,2025-12-15,CUST-1143,Corporate,North America,Canada,Office Supplies,Paper & Stationeries Pack,84.92,5,0.0,424.6,283.45,141.15,Delivered,4
ORD-22422,2026-05-18,CUST-1348,Small Business,Middle East & Africa,UAE,Office Supplies,High-Volume Printers,808.77,1,0.1,727.89,396.39,331.5,Shipped,5
ORD-22423,2026-01-24,CUST-1341,Enterprise,Latin America,Chile,Software & Cloud,Cloud Analytics Suite,2269.21,3,0.0,6807.63,1185.5,5622.13,Delivered,4
ORD-22424,2026-06-08,CUST-1365,Corporate,Asia Pacific,Japan,Software & Cloud,AI Assistant Subscription,947.22,5,0.0,4736.1,719.55,4016.55,Delivered,3
ORD-22425,2026-06-18,CUST-1298,Corporate,North America,Canada,Software & Cloud,AI Assistant Subscription,407.29,3,0.05,1160.78,145.27,1015.51,Shipped,4
ORD-22426,2025-08-26,CUST-1321,Small Business,Asia Pacific,Japan,Electronics,Laptops & Workstations,2142.72,15,0.15,27319.68,18114.8,9204.88,Delivered,5
ORD-22427,2025-04-15,CUST-1211,Consumer,North America,USA,Software & Cloud,AI Assistant Subscription,737.39,1,0.0,737.39,136.36,601.03,Delivered,3
ORD-22428,2025-01-09,CUST-1151,Corporate,Europe,Spain,Office Supplies,High-Volume Printers,1189.0,1,0.0,1189.0,786.79,402.21,Delivered,4
ORD-22429,2026-06-19,CUST-1031,Corporate,North America,USA,Software & Cloud,Cloud Analytics Suite,3487.04,8,0.05,26501.5,7913.92,18587.58,Processing,3
ORD-22430,2025-01-03,CUST-1359,Corporate,North America,USA,Office Furniture,Conference Tables,862.61,2,0.2,1380.18,627.37,752.81,Shipped,4
ORD-22431,2025-09-29,CUST-1065,Small Business,Europe,United Kingdom,Electronics,Wireless Audio,252.55,3,0.0,757.65,552.75,204.9,Delivered,4
ORD-22432,2025-09-24,CUST-1350,Enterprise,North America,USA,Office Supplies,Paper & Stationeries Pack,57.36,4,0.0,229.44,135.64,93.8,Delivered,3
ORD-22433,2025-07-22,CUST-1112,Enterprise,Latin America,Brazil,Software & Cloud,Cybersecurity Suite,1987.79,5,0.0,9938.95,2464.18,7474.77,Delivered,5
ORD-22434,2025-03-30,CUST-1019,Small Business,Europe,Germany,Electronics,Monitors & Displays,621.31,1,0.05,590.24,447.93,142.31,Delivered,4
ORD-22435,2025-05-18,CUST-1371,Enterprise,Middle East & Africa,UAE,Office Supplies,Presentation Equipment,198.34,1,0.05,188.42,125.87,62.55,Delivered,3
ORD-22436,2026-02-12,CUST-1316,Consumer,Asia Pacific,Singapore,Electronics,Smartphones & Tablets,789.12,1,0.0,789.12,552.39,236.73,Delivered,4
ORD-22437,2026-06-06,CUST-1290,Corporate,Asia Pacific,India,Software & Cloud,AI Assistant Subscription,245.85,2,0.05,467.11,60.05,407.06,Delivered,5
ORD-22438,2026-05-25,CUST-1046,Small Business,North America,USA,Office Supplies,Presentation Equipment,538.41,2,0.05,1022.98,581.07,441.91,Shipped,4
ORD-22439,2025-02-14,CUST-1341,Small Business,Europe,Germany,Electronics,Smart Wearables,172.69,1,0.0,172.69,120.58,52.11,Delivered,4
ORD-22440,2025-07-02,CUST-1077,Enterprise,Middle East & Africa,UAE,Office Furniture,Conference Tables,956.92,2,0.05,1818.15,1059.56,758.59,Delivered,3
ORD-22441,2025-07-15,CUST-1191,Enterprise,Europe,United Kingdom,Office Supplies,Breakroom Supplies,78.89,1,0.1,71.0,48.72,22.28,Delivered,5
ORD-22442,2026-03-08,CUST-1039,Corporate,Middle East & Africa,South Africa,Software & Cloud,Enterprise CRM License,1807.88,3,0.0,5423.64,1481.05,3942.59,Delivered,3
ORD-22443,2025-12-01,CUST-1088,Corporate,Asia Pacific,Japan,Office Supplies,Presentation Equipment,246.74,2,0.0,493.48,317.86,175.62,Shipped,4
ORD-22444,2026-02-09,CUST-1193,Corporate,Europe,Spain,Office Furniture,Ergonomic Executive Chairs,415.29,15,0.2,4983.48,2470.11,2513.37,Delivered,4
ORD-22445,2026-06-14,CUST-1263,Corporate,North America,Canada,Electronics,Smart Wearables,293.94,3,0.05,837.73,525.81,311.92,Delivered,4
ORD-22446,2025-02-13,CUST-1038,Small Business,Europe,Germany,Software & Cloud,Cybersecurity Suite,1507.54,1,0.0,1507.54,244.73,1262.81,Delivered,4
ORD-22447,2026-04-19,CUST-1036,Corporate,North America,Mexico,Software & Cloud,Cybersecurity Suite,2068.41,5,0.1,9307.84,1942.64,7365.2,Shipped,4
ORD-22448,2025-01-01,CUST-1219,Corporate,Europe,France,Electronics,Monitors & Displays,591.18,5,0.0,2955.9,2091.51,864.39,Delivered,3
ORD-22449,2025-09-26,CUST-1058,Corporate,North America,USA,Office Furniture,Conference Tables,2279.48,1,0.1,2051.53,1118.74,932.79,Delivered,4
ORD-22450,2025-07-08,CUST-1150,Enterprise,North America,Canada,Software & Cloud,DevOps Productivity Tools,485.13,3,0.0,1455.39,396.73,1058.66,Delivered,1
ORD-22451,2025-06-05,CUST-1128,Enterprise,North America,Mexico,Software & Cloud,Cloud Analytics Suite,2485.01,5,0.1,11182.55,2668.3,8514.25,Delivered,3
ORD-22452,2025-12-06,CUST-1292,Corporate,Europe,France,Electronics,Smart Wearables,359.41,2,0.05,682.88,472.58,210.3,Delivered,3
ORD-22453,2025-05-11,CUST-1300,Corporate,North America,Mexico,Office Furniture,Conference Tables,1533.61,2,0.05,2913.86,1679.32,1234.54,Delivered,5
ORD-22454,2026-01-17,CUST-1021,Enterprise,Europe,Spain,Software & Cloud,Cloud Analytics Suite,3874.65,2,0.0,7749.3,1468.04,6281.26,Delivered,4
ORD-22455,2025-01-17,CUST-1027,Enterprise,Asia Pacific,Singapore,Office Furniture,Conference Tables,2727.62,3,0.05,7773.72,3973.81,3799.91,Delivered,4
ORD-22456,2025-10-12,CUST-1072,Corporate,Europe,France,Office Furniture,Adjustable Standing Desks,895.92,5,0.2,3583.68,1628.39,1955.29,Delivered,5
ORD-22457,2025-04-04,CUST-1289,Small Business,Asia Pacific,South Korea,Office Supplies,Storage & Archiving Units,162.26,1,0.15,137.92,90.75,47.17,Delivered,5
ORD-22458,2025-05-10,CUST-1208,Enterprise,Europe,United Kingdom,Office Furniture,Adjustable Standing Desks,845.57,1,0.05,803.29,492.68,310.61,Delivered,5
ORD-22459,2025-01-21,CUST-1374,Enterprise,Europe,United Kingdom,Electronics,Monitors & Displays,478.14,5,0.0,2390.7,1900.96,489.74,Delivered,5
ORD-22460,2025-05-15,CUST-1203,Corporate,Latin America,Chile,Office Supplies,Presentation Equipment,416.57,1,0.1,374.91,251.46,123.45,Cancelled,1
ORD-22461,2025-06-19,CUST-1154,Corporate,North America,Canada,Software & Cloud,Cloud Analytics Suite,1207.88,1,0.05,1147.49,309.65,837.84,Shipped,5
ORD-22462,2026-07-15,CUST-1000,Enterprise,Europe,Spain,Electronics,Monitors & Displays,502.07,10,0.1,4518.63,3217.14,1301.49,Delivered,5
ORD-22463,2026-01-04,CUST-1292,Small Business,Europe,France,Software & Cloud,DevOps Productivity Tools,450.76,2,0.0,901.52,268.82,632.7,Delivered,5
ORD-22464,2026-02-09,CUST-1002,Consumer,Europe,United Kingdom,Electronics,Wireless Audio,142.83,5,0.05,678.44,510.58,167.86,Delivered,2
ORD-22465,2025-05-30,CUST-1289,Corporate,North America,Canada,Software & Cloud,DevOps Productivity Tools,1101.87,10,0.2,8814.96,1836.63,6978.33,Delivered,2
ORD-22466,2025-10-19,CUST-1148,Corporate,North America,Mexico,Software & Cloud,AI Assistant Subscription,277.29,4,0.0,1109.16,274.96,834.2,Cancelled,2
ORD-22467,2025-07-27,CUST-1081,Small Business,Middle East & Africa,Saudi Arabia,Electronics,Smart Wearables,222.42,1,0.05,211.3,130.86,80.44,Delivered,2
ORD-22468,2025-06-05,CUST-1354,Corporate,North America,USA,Office Supplies,Paper & Stationeries Pack,104.67,2,0.0,209.34,120.18,89.16,Delivered,3
ORD-22469,2025-08-11,CUST-1229,Corporate,Asia Pacific,India,Office Supplies,High-Volume Printers,427.65,2,0.15,727.0,436.21,290.79,Delivered,5
ORD-22470,2026-02-05,CUST-1137,Small Business,Europe,Spain,Office Furniture,Ergonomic Executive Chairs,913.84,8,0.05,6945.18,4127.24,2817.94,Delivered,5
ORD-22471,2026-02-23,CUST-1201,Corporate,Asia Pacific,Singapore,Electronics,Smartphones & Tablets,908.91,2,0.05,1726.93,1142.59,584.34,Delivered,3
ORD-22472,2026-05-03,CUST-1070,Enterprise,Asia Pacific,Singapore,Electronics,Monitors & Displays,502.59,2,0.05,954.92,633.27,321.65,Delivered,4
ORD-22473,2025-08-13,CUST-1193,Consumer,Europe,United Kingdom,Electronics,Laptops & Workstations,1622.29,15,0.1,21900.92,13851.45,8049.47,Delivered,5
ORD-22474,2025-09-07,CUST-1255,Corporate,North America,Canada,Office Furniture,Conference Tables,1554.97,1,0.15,1321.72,761.12,560.6,Delivered,5
ORD-22475,2025-06-21,CUST-1322,Corporate,North America,USA,Electronics,Laptops & Workstations,2496.56,5,0.0,12482.8,8989.77,3493.03,Delivered,5
ORD-22476,2026-01-05,CUST-1123,Small Business,Asia Pacific,India,Office Furniture,Ergonomic Executive Chairs,377.09,1,0.05,358.24,172.8,185.44,Delivered,5
ORD-22477,2026-06-09,CUST-1248,Small Business,Europe,Netherlands,Office Furniture,LED Desk Lighting,112.84,8,0.1,812.45,387.54,424.91,Delivered,4
ORD-22478,2025-11-17,CUST-1267,Corporate,North America,USA,Electronics,Laptops & Workstations,1596.41,5,0.15,6784.74,4871.36,1913.38,Shipped,4
ORD-22479,2025-06-25,CUST-1350,Enterprise,North America,Mexico,Electronics,Smart Wearables,291.33,1,0.0,291.33,213.37,77.96,Delivered,5
ORD-22480,2025-07-13,CUST-1329,Corporate,Europe,France,Software & Cloud,Enterprise CRM License,2451.6,3,0.15,6251.58,1304.96,4946.62,Delivered,5
ORD-22481,2026-04-26,CUST-1029,Enterprise,North America,Mexico,Software & Cloud,Enterprise CRM License,537.55,4,0.0,2150.2,538.06,1612.14,Cancelled,1
ORD-22482,2025-12-04,CUST-1161,Enterprise,North America,USA,Electronics,Wireless Audio,313.62,1,0.1,282.26,205.84,76.42,Delivered,3
ORD-22483,2025-01-09,CUST-1251,Corporate,North America,USA,Software & Cloud,Cybersecurity Suite,993.19,5,0.0,4965.95,1037.64,3928.31,Delivered,5
ORD-22484,2026-01-19,CUST-1054,Corporate,Middle East & Africa,Saudi Arabia,Electronics,Laptops & Workstations,2486.45,3,0.0,7459.35,4523.04,2936.31,Delivered,4
ORD-22485,2026-05-08,CUST-1269,Enterprise,Asia Pacific,Singapore,Electronics,Wireless Audio,124.75,1,0.1,112.28,77.27,35.01,Delivered,4
ORD-22486,2025-06-17,CUST-1233,Corporate,Europe,Netherlands,Office Supplies,Presentation Equipment,595.68,1,0.0,595.68,406.93,188.75,Delivered,3
ORD-22487,2025-06-08,CUST-1304,Corporate,Europe,France,Software & Cloud,Cybersecurity Suite,452.94,1,0.15,385.0,104.97,280.03,Delivered,3
ORD-22488,2025-04-20,CUST-1119,Consumer,Europe,Spain,Software & Cloud,Cloud Analytics Suite,3515.33,8,0.1,25310.38,6235.13,19075.25,Delivered,4
ORD-22489,2026-07-14,CUST-1005,Small Business,Europe,Germany,Office Furniture,LED Desk Lighting,63.14,2,0.05,119.97,77.14,42.83,Delivered,4
ORD-22490,2025-11-26,CUST-1190,Corporate,Europe,Spain,Office Furniture,LED Desk Lighting,119.69,4,0.0,478.76,295.54,183.22,Delivered,5
ORD-22491,2025-05-30,CUST-1381,Corporate,Asia Pacific,Australia,Office Furniture,Ergonomic Executive Chairs,854.59,2,0.1,1538.26,984.05,554.21,Shipped,3
ORD-22492,2025-06-25,CUST-1165,Corporate,Europe,Netherlands,Electronics,Monitors & Displays,331.24,1,0.05,314.68,230.88,83.8,Processing,2
ORD-22493,2026-06-08,CUST-1164,Corporate,North America,USA,Office Furniture,Conference Tables,1667.46,1,0.0,1667.46,1079.52,587.94,Delivered,4
ORD-22494,2026-01-08,CUST-1299,Corporate,Europe,United Kingdom,Office Supplies,Storage & Archiving Units,167.56,4,0.0,670.24,371.26,298.98,Delivered,5
ORD-22495,2025-09-23,CUST-1251,Small Business,Europe,France,Software & Cloud,AI Assistant Subscription,415.14,3,0.05,1183.15,306.73,876.42,Shipped,4
ORD-22496,2026-07-23,CUST-1062,Consumer,Asia Pacific,South Korea,Electronics,Wireless Audio,316.07,3,0.0,948.21,584.13,364.08,Delivered,4
ORD-22497,2025-06-28,CUST-1320,Enterprise,Latin America,Chile,Electronics,Smart Wearables,291.19,1,0.2,232.95,183.79,49.16,Delivered,5
ORD-22498,2025-06-05,CUST-1222,Corporate,North America,USA,Office Furniture,Ergonomic Executive Chairs,413.86,2,0.15,703.56,419.31,284.25,Delivered,4
ORD-22499,2025-11-09,CUST-1323,Enterprise,North America,USA,Electronics,Monitors & Displays,276.98,1,0.0,276.98,216.86,60.12,Delivered,2
ORD-22500,2025-03-13,CUST-1213,Corporate,Asia Pacific,India,Software & Cloud,DevOps Productivity Tools,959.0,3,0.1,2589.3,536.62,2052.68,Delivered,1
ORD-22501,2025-10-21,CUST-1261,Corporate,North America,USA,Office Furniture,Acoustic Office Pods,4541.95,1,0.05,4314.85,2775.1,1539.75,Delivered,5
ORD-22502,2026-07-02,CUST-1064,Corporate,Europe,United Kingdom,Electronics,Smartphones & Tablets,1168.06,1,0.05,1109.66,821.37,288.29,Processing,3
ORD-22503,2026-04-20,CUST-1364,Corporate,Asia Pacific,Singapore,Office Supplies,Presentation Equipment,355.37,1,0.0,355.37,202.8,152.57,Delivered,5
ORD-22504,2026-06-19,CUST-1022,Small Business,North America,Mexico,Office Supplies,Breakroom Supplies,165.86,2,0.0,331.72,223.43,108.29,Delivered,5
ORD-22505,2026-01-22,CUST-1214,Small Business,North America,USA,Electronics,Smartphones & Tablets,1128.49,2,0.0,2256.98,1374.69,882.29,Delivered,5
ORD-22506,2025-04-13,CUST-1156,Corporate,North America,Canada,Electronics,Monitors & Displays,386.56,1,0.0,386.56,271.89,114.67,Delivered,1
ORD-22507,2025-03-14,CUST-1004,Enterprise,Asia Pacific,India,Office Furniture,Ergonomic Executive Chairs,439.06,3,0.15,1119.6,660.76,458.84,Delivered,5
ORD-22508,2025-07-28,CUST-1257,Small Business,North America,Canada,Electronics,Laptops & Workstations,1472.21,2,0.15,2502.76,1877.17,625.59,Delivered,3
ORD-22509,2025-08-29,CUST-1018,Small Business,North America,Canada,Software & Cloud,Enterprise CRM License,1253.82,1,0.1,1128.44,219.83,908.61,Delivered,5
ORD-22510,2025-07-09,CUST-1227,Enterprise,Asia Pacific,Singapore,Office Supplies,Breakroom Supplies,154.48,1,0.0,154.48,100.36,54.12,Delivered,3
ORD-22511,2025-05-19,CUST-1194,Corporate,North America,Mexico,Electronics,Laptops & Workstations,1770.68,1,0.05,1682.15,1229.32,452.83,Delivered,5
ORD-22512,2026-03-25,CUST-1112,Corporate,Europe,Spain,Software & Cloud,Cloud Analytics Suite,1327.33,1,0.0,1327.33,335.79,991.54,Delivered,3
ORD-22513,2025-11-08,CUST-1056,Enterprise,North America,Canada,Software & Cloud,Enterprise CRM License,1247.43,1,0.0,1247.43,310.29,937.14,Delivered,5
ORD-22514,2025-06-16,CUST-1151,Enterprise,North America,Mexico,Electronics,Smartphones & Tablets,672.8,10,0.0,6728.0,5132.14,1595.86,Delivered,3
ORD-22515,2026-07-21,CUST-1356,Corporate,Europe,Netherlands,Office Furniture,Acoustic Office Pods,2067.74,3,0.0,6203.22,2967.57,3235.65,Delivered,4
ORD-22516,2025-08-15,CUST-1244,Enterprise,Middle East & Africa,Saudi Arabia,Office Supplies,Paper & Stationeries Pack,102.06,1,0.0,102.06,66.26,35.8,Processing,5
ORD-22517,2025-02-07,CUST-1253,Corporate,North America,USA,Software & Cloud,DevOps Productivity Tools,509.93,2,0.15,866.88,118.93,747.95,Delivered,3
ORD-22518,2025-10-19,CUST-1335,Enterprise,Middle East & Africa,South Africa,Electronics,Smart Wearables,370.74,1,0.1,333.67,252.02,81.65,Delivered,4
ORD-22519,2026-07-11,CUST-1247,Enterprise,Europe,United Kingdom,Office Supplies,Storage & Archiving Units,172.61,5,0.0,863.05,509.1,353.95,Delivered,5
ORD-22520,2025-09-29,CUST-1128,Corporate,Europe,France,Software & Cloud,DevOps Productivity Tools,902.18,3,0.05,2571.21,392.26,2178.95,Delivered,4
ORD-22521,2026-05-22,CUST-1285,Corporate,North America,USA,Software & Cloud,DevOps Productivity Tools,688.05,1,0.0,688.05,192.79,495.26,Delivered,4
ORD-22522,2025-09-18,CUST-1177,Enterprise,Latin America,Colombia,Software & Cloud,Cloud Analytics Suite,2202.93,3,0.05,6278.35,1822.61,4455.74,Delivered,4
ORD-22523,2025-10-10,CUST-1187,Small Business,Europe,Netherlands,Software & Cloud,Cybersecurity Suite,1296.15,1,0.0,1296.15,386.23,909.92,Delivered,3
ORD-22524,2025-03-05,CUST-1089,Corporate,Asia Pacific,Japan,Electronics,Wireless Audio,116.18,1,0.1,104.56,63.11,41.45,Delivered,4
ORD-22525,2025-11-28,CUST-1193,Small Business,Asia Pacific,India,Electronics,Smartphones & Tablets,1365.8,3,0.0,4097.4,2665.31,1432.09,Delivered,5
ORD-22526,2026-06-09,CUST-1138,Corporate,Latin America,Chile,Office Supplies,Paper & Stationeries Pack,102.33,1,0.1,92.1,51.93,40.17,Shipped,4
ORD-22527,2025-07-29,CUST-1053,Corporate,North America,Mexico,Software & Cloud,DevOps Productivity Tools,1389.5,1,0.15,1181.08,226.5,954.58,Delivered,5
ORD-22528,2026-01-11,CUST-1239,Corporate,North America,Canada,Office Supplies,Breakroom Supplies,108.34,1,0.05,102.92,52.39,50.53,Delivered,3
ORD-22529,2025-05-06,CUST-1328,Small Business,North America,Mexico,Office Supplies,Paper & Stationeries Pack,102.09,1,0.0,102.09,57.31,44.78,Delivered,4
ORD-22530,2026-01-14,CUST-1342,Corporate,Europe,Netherlands,Software & Cloud,Enterprise CRM License,815.02,2,0.15,1385.53,234.76,1150.77,Delivered,4
ORD-22531,2026-05-20,CUST-1399,Corporate,Europe,United Kingdom,Office Supplies,Presentation Equipment,551.46,2,0.05,1047.77,650.97,396.8,Delivered,1
ORD-22532,2026-01-19,CUST-1057,Small Business,North America,Canada,Electronics,Smartphones & Tablets,1285.3,1,0.05,1221.03,967.63,253.4,Delivered,4
ORD-22533,2025-02-01,CUST-1152,Enterprise,Europe,Netherlands,Software & Cloud,Enterprise CRM License,1110.44,1,0.0,1110.44,314.99,795.45,Delivered,2
ORD-22534,2026-05-02,CUST-1241,Consumer,Asia Pacific,South Korea,Electronics,Monitors & Displays,650.71,8,0.0,5205.68,3552.65,1653.03,Delivered,1
ORD-22535,2026-02-15,CUST-1068,Enterprise,Middle East & Africa,Saudi Arabia,Software & Cloud,Cloud Analytics Suite,3614.61,10,0.0,36146.1,4691.2,31454.9,Shipped,4
ORD-22536,2025-07-28,CUST-1124,Corporate,North America,Canada,Software & Cloud,Enterprise CRM License,1291.99,3,0.0,3875.97,919.43,2956.54,Delivered,5
ORD-22537,2025-06-27,CUST-1110,Small Business,Europe,Netherlands,Electronics,Smart Wearables,228.32,8,0.05,1735.23,1191.61,543.62,Delivered,4
ORD-22538,2026-06-23,CUST-1270,Corporate,Europe,Netherlands,Software & Cloud,DevOps Productivity Tools,575.84,2,0.0,1151.68,191.02,960.66,Delivered,4
ORD-22539,2025-07-20,CUST-1393,Corporate,Europe,Netherlands,Software & Cloud,Cybersecurity Suite,1203.26,5,0.05,5715.48,756.8,4958.68,Delivered,5
ORD-22540,2025-11-13,CUST-1042,Consumer,Europe,Netherlands,Software & Cloud,Cybersecurity Suite,2067.63,15,0.0,31014.45,5122.98,25891.47,Delivered,5
ORD-22541,2025-11-16,CUST-1184,Enterprise,Asia Pacific,India,Office Furniture,Conference Tables,1310.19,4,0.15,4454.65,2705.74,1748.91,Delivered,3
ORD-22542,2026-05-20,CUST-1361,Corporate,Europe,Germany,Software & Cloud,Cloud Analytics Suite,3615.81,2,0.0,7231.62,1266.76,5964.86,Delivered,5
ORD-22543,2025-08-26,CUST-1316,Corporate,Europe,France,Software & Cloud,AI Assistant Subscription,935.92,2,0.0,1871.84,545.32,1326.52,Delivered,4
ORD-22544,2025-10-03,CUST-1099,Enterprise,North America,USA,Software & Cloud,DevOps Productivity Tools,1088.45,2,0.1,1959.21,452.19,1507.02,Delivered,4
ORD-22545,2026-07-09,CUST-1348,Enterprise,Europe,United Kingdom,Office Furniture,Ergonomic Executive Chairs,639.87,3,0.15,1631.67,1052.41,579.26,Delivered,4
ORD-22546,2026-03-11,CUST-1043,Corporate,North America,Canada,Office Supplies,High-Volume Printers,573.62,2,0.0,1147.24,762.94,384.3,Delivered,3
ORD-22547,2025-09-11,CUST-1096,Corporate,Europe,Spain,Electronics,Smartphones & Tablets,635.91,2,0.2,1017.46,648.5,368.96,Delivered,4
ORD-22548,2025-12-06,CUST-1109,Small Business,North America,Canada,Office Furniture,LED Desk Lighting,107.31,3,0.0,321.93,198.69,123.24,Delivered,5
ORD-22549,2026-07-22,CUST-1328,Enterprise,Europe,France,Office Supplies,High-Volume Printers,1139.29,4,0.1,4101.44,2446.91,1654.53,Shipped,4
ORD-22550,2025-07-19,CUST-1274,Small Business,Europe,France,Electronics,Smart Wearables,157.85,5,0.0,789.25,561.73,227.52,Shipped,4
ORD-22551,2025-02-12,CUST-1033,Corporate,North America,Canada,Software & Cloud,AI Assistant Subscription,956.15,1,0.0,956.15,126.86,829.29,Delivered,4
ORD-22552,2026-03-11,CUST-1019,Small Business,Latin America,Colombia,Office Supplies,Presentation Equipment,345.02,3,0.1,931.55,607.1,324.45,Delivered,4
ORD-22553,2026-02-09,CUST-1050,Small Business,Europe,France,Office Supplies,High-Volume Printers,741.39,2,0.05,1408.64,886.86,521.78,Delivered,1
ORD-22554,2025-06-29,CUST-1225,Corporate,North America,USA,Software & Cloud,Cloud Analytics Suite,1829.31,3,0.05,5213.53,1299.83,3913.7,Processing,3
ORD-22555,2026-05-12,CUST-1268,Small Business,North America,Canada,Electronics,Monitors & Displays,510.34,1,0.0,510.34,373.7,136.64,Shipped,4
ORD-22556,2025-03-15,CUST-1315,Consumer,Europe,France,Software & Cloud,AI Assistant Subscription,666.49,3,0.0,1999.47,262.76,1736.71,Delivered,5
ORD-22557,2026-05-13,CUST-1067,Corporate,North America,Canada,Office Supplies,Presentation Equipment,331.06,1,0.0,331.06,211.2,119.86,Delivered,4
ORD-22558,2025-05-13,CUST-1236,Enterprise,North America,USA,Software & Cloud,DevOps Productivity Tools,902.15,1,0.1,811.93,107.94,703.99,Processing,5
ORD-22559,2026-02-19,CUST-1142,Enterprise,Europe,France,Electronics,Smart Wearables,209.84,1,0.0,209.84,142.48,67.36,Delivered,4
ORD-22560,2025-10-12,CUST-1354,Small Business,Latin America,Chile,Software & Cloud,Enterprise CRM License,671.37,5,0.0,3356.85,645.78,2711.07,Delivered,4
ORD-22561,2025-07-09,CUST-1332,Corporate,North America,USA,Electronics,Monitors & Displays,661.83,1,0.0,661.83,521.16,140.67,Delivered,4
ORD-22562,2025-04-26,CUST-1096,Corporate,North America,Canada,Office Furniture,Ergonomic Executive Chairs,731.06,2,0.0,1462.12,712.02,750.1,Delivered,1
ORD-22563,2026-03-22,CUST-1366,Corporate,North America,Canada,Software & Cloud,Enterprise CRM License,2712.2,15,0.0,40683.0,6763.13,33919.87,Delivered,3
ORD-22564,2025-08-18,CUST-1001,Enterprise,Europe,France,Electronics,Smart Wearables,263.58,3,0.05,751.2,556.7,194.5,Processing,5
ORD-22565,2026-05-22,CUST-1153,Enterprise,North America,USA,Office Furniture,Acoustic Office Pods,3761.09,2,0.1,6769.96,3703.91,3066.05,Delivered,5
ORD-22566,2025-07-17,CUST-1316,Corporate,North America,Mexico,Software & Cloud,Cybersecurity Suite,1020.23,4,0.15,3468.78,1029.88,2438.9,Delivered,4
ORD-22567,2025-11-17,CUST-1044,Corporate,Asia Pacific,Australia,Electronics,Monitors & Displays,591.09,3,0.05,1684.61,1058.43,626.18,Delivered,2
ORD-22568,2025-09-04,CUST-1213,Consumer,North America,Canada,Software & Cloud,Cloud Analytics Suite,2624.9,2,0.1,4724.82,1065.91,3658.91,Delivered,4
ORD-22569,2026-02-19,CUST-1384,Enterprise,Europe,Netherlands,Electronics,Laptops & Workstations,1252.01,2,0.1,2253.62,1597.74,655.88,Delivered,3
ORD-22570,2026-01-06,CUST-1245,Enterprise,Europe,Germany,Office Furniture,LED Desk Lighting,65.51,1,0.0,65.51,31.73,33.78,Processing,4
ORD-22571,2025-01-23,CUST-1078,Small Business,Europe,Germany,Office Furniture,Adjustable Standing Desks,999.22,2,0.0,1998.44,981.92,1016.52,Delivered,5
ORD-22572,2026-04-10,CUST-1129,Corporate,North America,Canada,Electronics,Laptops & Workstations,1925.03,5,0.0,9625.15,7538.95,2086.2,Delivered,5
ORD-22573,2025-09-12,CUST-1171,Corporate,Europe,Spain,Software & Cloud,AI Assistant Subscription,592.03,2,0.2,947.25,136.88,810.37,Processing,5
ORD-22574,2026-04-03,CUST-1253,Corporate,North America,Mexico,Office Furniture,Adjustable Standing Desks,1105.91,3,0.15,2820.07,1512.38,1307.69,Delivered,3
ORD-22575,2025-03-08,CUST-1336,Corporate,North America,USA,Software & Cloud,AI Assistant Subscription,715.79,1,0.0,715.79,168.1,547.69,Shipped,4
ORD-22576,2026-07-17,CUST-1205,Consumer,Middle East & Africa,Saudi Arabia,Electronics,Smartphones & Tablets,1270.09,5,0.2,5080.36,3067.31,2013.05,Delivered,5
ORD-22577,2026-01-18,CUST-1179,Enterprise,Asia Pacific,Japan,Office Furniture,Ergonomic Executive Chairs,885.45,3,0.0,2656.35,1616.71,1039.64,Delivered,3
ORD-22578,2026-01-10,CUST-1249,Corporate,Europe,France,Electronics,Wireless Audio,252.26,3,0.2,605.42,460.79,144.63,Delivered,3
ORD-22579,2025-08-29,CUST-1333,Small Business,Europe,United Kingdom,Electronics,Monitors & Displays,528.85,3,0.0,1586.55,1011.2,575.35,Delivered,4
ORD-22580,2025-11-04,CUST-1320,Corporate,North America,USA,Software & Cloud,Cybersecurity Suite,1255.14,1,0.0,1255.14,332.51,922.63,Processing,4
ORD-22581,2025-01-29,CUST-1048,Corporate,North America,Canada,Electronics,Smartphones & Tablets,943.07,4,0.1,3395.05,2315.03,1080.02,Delivered,4
ORD-22582,2025-10-17,CUST-1059,Enterprise,North America,Mexico,Office Supplies,Breakroom Supplies,184.55,5,0.1,830.48,514.74,315.74,Delivered,3
ORD-22583,2025-05-12,CUST-1384,Corporate,North America,Canada,Electronics,Smartphones & Tablets,1007.21,3,0.0,3021.63,1889.84,1131.79,Delivered,5
ORD-22584,2025-05-29,CUST-1138,Small Business,North America,Mexico,Software & Cloud,AI Assistant Subscription,484.96,3,0.05,1382.14,365.2,1016.94,Delivered,4
ORD-22585,2026-02-06,CUST-1162,Enterprise,North America,USA,Electronics,Laptops & Workstations,2376.62,8,0.15,16161.02,10495.49,5665.53,Delivered,5
ORD-22586,2025-03-12,CUST-1345,Enterprise,Asia Pacific,Australia,Electronics,Wireless Audio,101.81,10,0.0,1018.1,765.99,252.11,Delivered,4
ORD-22587,2025-09-18,CUST-1188,Small Business,Europe,Germany,Electronics,Monitors & Displays,735.61,2,0.0,1471.22,980.34,490.88,Delivered,4
ORD-22588,2026-04-21,CUST-1107,Small Business,North America,USA,Electronics,Smart Wearables,346.13,1,0.0,346.13,251.27,94.86,Delivered,5
ORD-22589,2025-02-27,CUST-1361,Corporate,Europe,Germany,Software & Cloud,DevOps Productivity Tools,555.56,2,0.0,1111.12,163.09,948.03,Delivered,4
ORD-22590,2025-01-25,CUST-1023,Consumer,Europe,Germany,Office Supplies,High-Volume Printers,906.77,3,0.05,2584.29,1788.45,795.84,Shipped,4
ORD-22591,2026-07-01,CUST-1119,Consumer,Asia Pacific,South Korea,Office Furniture,Ergonomic Executive Chairs,634.15,1,0.1,570.74,261.6,309.14,Delivered,3
ORD-22592,2025-11-23,CUST-1124,Corporate,North America,Mexico,Electronics,Smart Wearables,225.32,2,0.0,450.64,284.94,165.7,Delivered,4
ORD-22593,2025-02-27,CUST-1001,Enterprise,North America,Mexico,Office Supplies,Breakroom Supplies,49.13,2,0.0,98.26,54.85,43.41,Processing,5
ORD-22594,2025-08-14,CUST-1377,Enterprise,Asia Pacific,Japan,Electronics,Smartphones & Tablets,1245.64,3,0.0,3736.92,2366.35,1370.57,Processing,4
ORD-22595,2026-07-17,CUST-1106,Consumer,Asia Pacific,Japan,Electronics,Smart Wearables,177.92,8,0.2,1138.69,762.31,376.38,Shipped,3
ORD-22596,2026-07-01,CUST-1152,Small Business,Europe,Spain,Electronics,Smart Wearables,361.1,1,0.0,361.1,261.3,99.8,Delivered,3
ORD-22597,2025-08-08,CUST-1263,Corporate,Europe,France,Electronics,Laptops & Workstations,1872.25,10,0.0,18722.5,12665.4,6057.1,Processing,4
ORD-22598,2025-12-26,CUST-1032,Small Business,Europe,France,Electronics,Monitors & Displays,261.45,1,0.1,235.31,181.66,53.65,Shipped,3
ORD-22599,2025-01-18,CUST-1309,Small Business,Asia Pacific,Japan,Office Supplies,Storage & Archiving Units,194.07,3,0.0,582.21,348.35,233.86,Shipped,2
ORD-22600,2025-12-21,CUST-1348,Enterprise,Europe,United Kingdom,Office Furniture,Conference Tables,1426.18,5,0.0,7130.9,3951.1,3179.8,Delivered,4
ORD-22601,2025-07-13,CUST-1177,Small Business,Asia Pacific,Japan,Electronics,Monitors & Displays,793.79,4,0.1,2857.64,1749.16,1108.48,Shipped,1
ORD-22602,2025-11-22,CUST-1114,Corporate,North America,Mexico,Software & Cloud,Cloud Analytics Suite,2454.69,1,0.1,2209.22,521.04,1688.18,Delivered,4
ORD-22603,2025-02-25,CUST-1161,Enterprise,Asia Pacific,Singapore,Software & Cloud,DevOps Productivity Tools,999.26,5,0.0,4996.3,897.94,4098.36,Delivered,3
ORD-22604,2025-09-08,CUST-1289,Consumer,Europe,France,Electronics,Smartphones & Tablets,746.0,4,0.0,2984.0,1925.56,1058.44,Shipped,4
ORD-22605,2026-01-29,CUST-1141,Small Business,North America,Mexico,Software & Cloud,DevOps Productivity Tools,1287.91,1,0.05,1223.51,302.43,921.08,Delivered,4
ORD-22606,2026-03-03,CUST-1300,Enterprise,North America,USA,Electronics,Monitors & Displays,425.03,3,0.0,1275.09,814.17,460.92,Delivered,5
ORD-22607,2026-04-07,CUST-1021,Small Business,Europe,Germany,Electronics,Wireless Audio,122.12,4,0.0,488.48,337.77,150.71,Delivered,4
ORD-22608,2025-01-09,CUST-1218,Consumer,Europe,Germany,Office Supplies,Paper & Stationeries Pack,56.14,2,0.05,106.67,70.72,35.95,Delivered,4
ORD-22609,2025-09-26,CUST-1076,Small Business,Europe,France,Software & Cloud,DevOps Productivity Tools,411.1,4,0.05,1562.18,199.63,1362.55,Delivered,5
ORD-22610,2026-07-14,CUST-1081,Small Business,Latin America,Chile,Software & Cloud,Cybersecurity Suite,2093.08,8,0.0,16744.64,2827.46,13917.18,Shipped,1
ORD-22611,2026-02-17,CUST-1288,Corporate,North America,USA,Electronics,Wireless Audio,305.22,2,0.05,579.92,371.57,208.35,Shipped,2
ORD-22612,2025-06-21,CUST-1238,Small Business,North America,Canada,Office Furniture,Acoustic Office Pods,4719.38,4,0.05,17933.64,8396.79,9536.85,Delivered,4
ORD-22613,2025-05-05,CUST-1086,Small Business,North America,Mexico,Electronics,Laptops & Workstations,1445.87,4,0.05,5494.31,4037.41,1456.9,Cancelled,1
ORD-22614,2025-09-04,CUST-1067,Small Business,Europe,United Kingdom,Software & Cloud,Cloud Analytics Suite,978.27,5,0.0,4891.35,618.44,4272.91,Delivered,5
ORD-22615,2026-07-05,CUST-1210,Enterprise,Europe,United Kingdom,Electronics,Smartphones & Tablets,929.03,10,0.0,9290.3,6672.67,2617.63,Delivered,4
ORD-22616,2025-02-08,CUST-1325,Enterprise,Europe,Spain,Office Furniture,Ergonomic Executive Chairs,464.03,2,0.0,928.06,533.75,394.31,Delivered,4
ORD-22617,2025-12-23,CUST-1380,Consumer,Europe,Germany,Software & Cloud,Cloud Analytics Suite,2414.25,2,0.0,4828.5,661.28,4167.22,Delivered,5
ORD-22618,2026-03-18,CUST-1269,Small Business,Middle East & Africa,Saudi Arabia,Electronics,Monitors & Displays,443.64,2,0.15,754.19,455.53,298.66,Delivered,4
ORD-22619,2025-06-30,CUST-1197,Consumer,North America,USA,Software & Cloud,Enterprise CRM License,1411.76,1,0.0,1411.76,233.21,1178.55,Delivered,3
ORD-22620,2025-04-02,CUST-1341,Corporate,Latin America,Chile,Office Furniture,LED Desk Lighting,68.84,8,0.0,550.72,330.39,220.33,Processing,4
ORD-22621,2025-06-29,CUST-1219,Corporate,Europe,United Kingdom,Office Furniture,Ergonomic Executive Chairs,513.73,1,0.0,513.73,273.1,240.63,Delivered,5
ORD-22622,2026-05-30,CUST-1231,Small Business,North America,Mexico,Software & Cloud,DevOps Productivity Tools,1321.23,5,0.0,6606.15,1950.94,4655.21,Delivered,5
ORD-22623,2025-11-28,CUST-1077,Enterprise,North America,Mexico,Electronics,Smartphones & Tablets,803.01,4,0.1,2890.84,2148.53,742.31,Delivered,4
ORD-22624,2025-10-17,CUST-1231,Enterprise,North America,USA,Electronics,Wireless Audio,186.03,4,0.15,632.5,454.9,177.6,Delivered,4
ORD-22625,2026-06-27,CUST-1274,Corporate,North America,Canada,Software & Cloud,Cybersecurity Suite,1781.07,1,0.0,1781.07,317.59,1463.48,Shipped,3
ORD-22626,2025-02-18,CUST-1378,Enterprise,North America,Canada,Software & Cloud,Cloud Analytics Suite,4368.28,1,0.15,3713.04,984.64,2728.4,Delivered,5
ORD-22627,2026-03-12,CUST-1138,Small Business,Europe,Netherlands,Office Supplies,Paper & Stationeries Pack,43.44,1,0.2,34.75,17.48,17.27,Delivered,2
ORD-22628,2026-07-18,CUST-1148,Enterprise,North America,USA,Electronics,Smartphones & Tablets,614.65,15,0.05,8758.76,6261.24,2497.52,Delivered,4
ORD-22629,2025-11-22,CUST-1345,Enterprise,Asia Pacific,Singapore,Office Furniture,LED Desk Lighting,82.44,1,0.05,78.32,43.08,35.24,Delivered,3
ORD-22630,2025-11-09,CUST-1131,Consumer,Europe,Spain,Software & Cloud,AI Assistant Subscription,600.22,1,0.05,570.21,72.83,497.38,Delivered,1
ORD-22631,2025-05-09,CUST-1115,Enterprise,North America,USA,Office Furniture,Ergonomic Executive Chairs,477.74,2,0.0,955.48,578.54,376.94,Delivered,3
ORD-22632,2025-01-03,CUST-1044,Corporate,Europe,Germany,Electronics,Smartphones & Tablets,683.91,5,0.1,3077.59,1944.47,1133.12,Delivered,5
ORD-22633,2025-08-15,CUST-1375,Corporate,Latin America,Colombia,Electronics,Wireless Audio,125.22,4,0.0,500.88,352.53,148.35,Delivered,5
ORD-22634,2026-05-13,CUST-1146,Corporate,Latin America,Brazil,Office Furniture,Adjustable Standing Desks,617.31,3,0.0,1851.93,1113.39,738.54,Delivered,3
ORD-22635,2026-04-16,CUST-1272,Small Business,Asia Pacific,Singapore,Office Furniture,LED Desk Lighting,157.31,2,0.2,251.7,160.14,91.56,Delivered,5
ORD-22636,2026-05-26,CUST-1107,Small Business,Europe,Spain,Electronics,Wireless Audio,273.56,2,0.0,547.12,355.61,191.51,Delivered,2
ORD-22637,2025-03-08,CUST-1020,Corporate,Asia Pacific,Australia,Electronics,Smartphones & Tablets,1094.79,1,0.05,1040.05,667.73,372.32,Delivered,4
ORD-22638,2025-10-11,CUST-1094,Enterprise,Europe,United Kingdom,Office Supplies,Storage & Archiving Units,91.1,8,0.0,728.8,418.39,310.41,Delivered,4
ORD-22639,2025-06-29,CUST-1143,Corporate,Asia Pacific,South Korea,Electronics,Smart Wearables,385.73,15,0.0,5785.95,3761.33,2024.62,Shipped,4
ORD-22640,2026-02-13,CUST-1053,Enterprise,Europe,Netherlands,Office Furniture,Acoustic Office Pods,3185.2,4,0.0,12740.8,6110.92,6629.88,Delivered,4
ORD-22641,2026-07-11,CUST-1291,Small Business,Europe,Spain,Office Furniture,LED Desk Lighting,118.11,5,0.0,590.55,291.69,298.86,Delivered,1
ORD-22642,2026-04-09,CUST-1291,Corporate,Europe,Germany,Office Supplies,Paper & Stationeries Pack,85.65,2,0.15,145.61,89.0,56.61,Delivered,5
ORD-22643,2026-02-21,CUST-1269,Enterprise,Europe,United Kingdom,Office Furniture,LED Desk Lighting,124.69,1,0.1,112.22,54.88,57.34,Delivered,4
ORD-22644,2025-12-01,CUST-1316,Consumer,North America,USA,Office Furniture,Ergonomic Executive Chairs,385.55,4,0.1,1387.98,626.95,761.03,Delivered,2
ORD-22645,2025-08-14,CUST-1367,Enterprise,North America,Mexico,Software & Cloud,Enterprise CRM License,1009.62,1,0.1,908.66,229.75,678.91,Delivered,5
ORD-22646,2026-06-26,CUST-1170,Small Business,North America,Canada,Office Furniture,Acoustic Office Pods,3496.03,2,0.0,6992.06,3333.9,3658.16,Shipped,5
ORD-22647,2025-05-28,CUST-1170,Small Business,Europe,France,Office Supplies,Storage & Archiving Units,234.72,2,0.05,445.97,270.24,175.73,Delivered,4
ORD-22648,2025-02-27,CUST-1218,Corporate,Latin America,Colombia,Software & Cloud,AI Assistant Subscription,739.87,1,0.1,665.88,148.51,517.37,Delivered,4
ORD-22649,2025-09-04,CUST-1217,Small Business,Latin America,Brazil,Electronics,Wireless Audio,150.62,1,0.1,135.56,87.44,48.12,Shipped,4
ORD-22650,2026-01-25,CUST-1376,Corporate,Asia Pacific,Japan,Electronics,Wireless Audio,332.78,2,0.0,665.56,462.31,203.25,Delivered,2
ORD-22651,2025-06-05,CUST-1094,Corporate,North America,Canada,Electronics,Wireless Audio,186.97,1,0.1,168.27,105.23,63.04,Shipped,5
ORD-22652,2026-01-12,CUST-1075,Small Business,North America,Mexico,Office Supplies,Breakroom Supplies,91.96,2,0.05,174.72,114.98,59.74,Delivered,4
ORD-22653,2026-07-06,CUST-1206,Small Business,North America,Mexico,Electronics,Wireless Audio,252.51,2,0.0,505.02,390.72,114.3,Delivered,3
ORD-22654,2025-08-11,CUST-1012,Corporate,Latin America,Brazil,Electronics,Wireless Audio,256.84,1,0.1,231.16,146.46,84.7,Delivered,4
ORD-22655,2026-02-08,CUST-1109,Enterprise,Europe,Spain,Electronics,Monitors & Displays,729.37,1,0.0,729.37,533.03,196.34,Delivered,3
ORD-22656,2025-11-11,CUST-1226,Small Business,Europe,United Kingdom,Electronics,Wireless Audio,248.06,1,0.05,235.66,173.54,62.12,Delivered,4
ORD-22657,2025-09-21,CUST-1356,Corporate,Europe,Germany,Software & Cloud,DevOps Productivity Tools,508.74,4,0.0,2034.96,386.85,1648.11,Delivered,3
ORD-22658,2026-01-09,CUST-1262,Corporate,North America,USA,Office Furniture,Ergonomic Executive Chairs,763.54,4,0.0,3054.16,1715.45,1338.71,Delivered,4
ORD-22659,2026-03-17,CUST-1022,Corporate,Asia Pacific,Singapore,Office Supplies,Paper & Stationeries Pack,59.15,1,0.05,56.19,36.56,19.63,Delivered,4
ORD-22660,2026-03-09,CUST-1080,Corporate,Europe,France,Office Furniture,Adjustable Standing Desks,1290.87,4,0.05,4905.31,2230.07,2675.24,Delivered,4
ORD-22661,2025-03-13,CUST-1387,Corporate,North America,Canada,Software & Cloud,Cloud Analytics Suite,1428.33,1,0.0,1428.33,334.59,1093.74,Delivered,5
ORD-22662,2025-06-01,CUST-1259,Corporate,North America,USA,Electronics,Wireless Audio,204.48,2,0.0,408.96,247.7,161.26,Cancelled,2
ORD-22663,2025-12-02,CUST-1183,Enterprise,Europe,France,Software & Cloud,AI Assistant Subscription,416.9,2,0.0,833.8,179.04,654.76,Delivered,4
ORD-22664,2025-09-30,CUST-1194,Enterprise,North America,Mexico,Electronics,Smartphones & Tablets,1387.61,1,0.0,1387.61,927.64,459.97,Processing,4
ORD-22665,2025-09-21,CUST-1284,Enterprise,Europe,Netherlands,Office Supplies,High-Volume Printers,477.78,2,0.05,907.78,518.96,388.82,Shipped,4
ORD-22666,2025-08-31,CUST-1252,Small Business,Middle East & Africa,UAE,Electronics,Smart Wearables,303.89,1,0.15,258.31,180.87,77.44,Processing,4
ORD-22667,2025-08-02,CUST-1006,Enterprise,Asia Pacific,Australia,Software & Cloud,Enterprise CRM License,2698.03,3,0.0,8094.09,2265.21,5828.88,Delivered,4
ORD-22668,2025-10-15,CUST-1231,Consumer,Asia Pacific,India,Electronics,Laptops & Workstations,2423.48,1,0.15,2059.96,1252.07,807.89,Delivered,4
ORD-22669,2025-04-01,CUST-1318,Enterprise,Asia Pacific,Singapore,Office Furniture,LED Desk Lighting,155.3,3,0.0,465.9,288.42,177.48,Delivered,4
ORD-22670,2025-04-11,CUST-1074,Small Business,North America,USA,Office Supplies,Storage & Archiving Units,135.53,3,0.1,365.93,216.68,149.25,Delivered,3
ORD-22671,2025-02-07,CUST-1300,Small Business,North America,USA,Office Furniture,Ergonomic Executive Chairs,599.61,1,0.0,599.61,343.12,256.49,Delivered,4
ORD-22672,2025-07-14,CUST-1048,Corporate,North America,Canada,Electronics,Smartphones & Tablets,683.27,2,0.0,1366.54,1041.87,324.67,Delivered,4
ORD-22673,2025-06-04,CUST-1117,Corporate,North America,Canada,Office Supplies,Storage & Archiving Units,128.5,1,0.0,128.5,80.64,47.86,Cancelled,2
ORD-22674,2025-09-02,CUST-1360,Corporate,North America,Canada,Office Furniture,Acoustic Office Pods,1805.32,3,0.05,5145.16,2812.85,2332.31,Shipped,3
ORD-22675,2025-08-30,CUST-1317,Corporate,North America,Mexico,Office Furniture,Adjustable Standing Desks,1161.89,5,0.15,4938.03,3187.68,1750.35,Delivered,2
ORD-22676,2025-07-06,CUST-1170,Small Business,North America,Canada,Software & Cloud,AI Assistant Subscription,741.71,3,0.05,2113.87,458.93,1654.94,Delivered,3
ORD-22677,2025-09-09,CUST-1123,Enterprise,North America,Mexico,Office Furniture,LED Desk Lighting,74.98,2,0.0,149.96,86.51,63.45,Delivered,4
ORD-22678,2025-01-29,CUST-1021,Small Business,Latin America,Brazil,Office Furniture,LED Desk Lighting,131.96,2,0.0,263.92,158.42,105.5,Delivered,2
ORD-22679,2026-07-14,CUST-1079,Corporate,North America,USA,Office Furniture,LED Desk Lighting,115.83,4,0.0,463.32,261.61,201.71,Delivered,5
ORD-22680,2026-05-14,CUST-1293,Enterprise,Latin America,Brazil,Electronics,Laptops & Workstations,1712.86,8,0.05,13017.74,8198.22,4819.52,Delivered,5
ORD-22681,2026-05-12,CUST-1269,Corporate,Asia Pacific,South Korea,Electronics,Wireless Audio,217.77,5,0.05,1034.41,669.04,365.37,Shipped,4
ORD-22682,2026-06-11,CUST-1032,Consumer,Asia Pacific,Japan,Electronics,Smart Wearables,310.72,1,0.05,295.18,178.57,116.61,Delivered,5
ORD-22683,2026-02-13,CUST-1226,Consumer,Europe,Germany,Software & Cloud,Enterprise CRM License,910.56,3,0.05,2595.1,735.39,1859.71,Delivered,4
ORD-22684,2025-07-04,CUST-1140,Corporate,North America,Mexico,Office Supplies,Paper & Stationeries Pack,36.69,10,0.0,366.9,200.35,166.55,Delivered,2
ORD-22685,2026-01-21,CUST-1141,Small Business,Europe,Germany,Office Supplies,Paper & Stationeries Pack,41.18,8,0.0,329.44,220.83,108.61,Delivered,4
ORD-22686,2025-04-26,CUST-1237,Corporate,Asia Pacific,Japan,Software & Cloud,Cybersecurity Suite,1121.46,1,0.0,1121.46,142.04,979.42,Processing,4
ORD-22687,2025-10-15,CUST-1381,Enterprise,North America,Mexico,Software & Cloud,AI Assistant Subscription,285.25,1,0.05,270.99,76.41,194.58,Delivered,3
ORD-22688,2025-03-06,CUST-1118,Small Business,Latin America,Brazil,Office Supplies,Breakroom Supplies,40.33,1,0.0,40.33,23.6,16.73,Delivered,3
ORD-22689,2025-07-18,CUST-1187,Consumer,North America,USA,Electronics,Smartphones & Tablets,1164.25,2,0.0,2328.5,1857.41,471.09,Delivered,5
ORD-22690,2025-03-31,CUST-1090,Corporate,Middle East & Africa,South Africa,Office Furniture,LED Desk Lighting,118.14,1,0.0,118.14,66.76,51.38,Delivered,4
ORD-22691,2026-01-29,CUST-1341,Enterprise,Europe,Germany,Software & Cloud,AI Assistant Subscription,247.09,3,0.1,667.14,150.67,516.47,Delivered,5
ORD-22692,2025-07-02,CUST-1212,Enterprise,Europe,Spain,Software & Cloud,Enterprise CRM License,2000.27,1,0.05,1900.26,537.92,1362.34,Shipped,3
ORD-22693,2025-07-07,CUST-1321,Corporate,Europe,United Kingdom,Software & Cloud,Cloud Analytics Suite,4227.68,3,0.1,11414.74,1497.42,9917.32,Delivered,4
ORD-22694,2025-08-02,CUST-1392,Small Business,Middle East & Africa,Saudi Arabia,Electronics,Smartphones & Tablets,1081.65,1,0.1,973.49,753.01,220.48,Delivered,4
ORD-22695,2025-10-20,CUST-1283,Small Business,Europe,Spain,Office Supplies,Paper & Stationeries Pack,114.33,1,0.0,114.33,64.23,50.1,Delivered,1
ORD-22696,2026-06-08,CUST-1132,Enterprise,Asia Pacific,Singapore,Software & Cloud,AI Assistant Subscription,397.81,1,0.1,358.03,91.19,266.84,Delivered,5
ORD-22697,2026-05-14,CUST-1035,Corporate,Asia Pacific,India,Electronics,Monitors & Displays,284.74,5,0.15,1210.14,814.83,395.31,Delivered,4
ORD-22698,2025-02-26,CUST-1054,Small Business,Europe,Germany,Office Supplies,Storage & Archiving Units,245.44,2,0.0,490.88,274.27,216.61,Delivered,2
ORD-22699,2026-07-10,CUST-1206,Small Business,North America,Mexico,Office Furniture,Conference Tables,1137.75,3,0.0,3413.25,2132.25,1281.0,Delivered,3
ORD-22700,2025-10-05,CUST-1277,Corporate,North America,USA,Software & Cloud,Cybersecurity Suite,1510.53,1,0.05,1435.0,218.5,1216.5,Shipped,4
ORD-22701,2025-03-14,CUST-1368,Enterprise,Asia Pacific,Singapore,Software & Cloud,DevOps Productivity Tools,1072.54,1,0.05,1018.91,182.88,836.03,Delivered,5
ORD-22702,2025-08-22,CUST-1024,Corporate,Asia Pacific,Japan,Electronics,Laptops & Workstations,1415.07,1,0.0,1415.07,1024.52,390.55,Delivered,3
ORD-22703,2026-01-26,CUST-1065,Small Business,North America,USA,Electronics,Smartphones & Tablets,883.73,4,0.0,3534.92,2368.23,1166.69,Delivered,4
ORD-22704,2025-03-05,CUST-1204,Corporate,Asia Pacific,Singapore,Electronics,Wireless Audio,284.88,2,0.0,569.76,442.61,127.15,Shipped,4
ORD-22705,2025-12-11,CUST-1063,Consumer,North America,Canada,Electronics,Laptops & Workstations,1947.97,8,0.05,14804.57,10944.59,3859.98,Delivered,4
ORD-22706,2025-01-11,CUST-1292,Small Business,Europe,Germany,Software & Cloud,AI Assistant Subscription,307.92,2,0.0,615.84,109.65,506.19,Delivered,5
ORD-22707,2025-02-14,CUST-1099,Corporate,Europe,France,Office Supplies,Breakroom Supplies,159.32,1,0.0,159.32,94.79,64.53,Delivered,4
ORD-22708,2025-12-13,CUST-1119,Corporate,Europe,Netherlands,Software & Cloud,Enterprise CRM License,1309.97,1,0.0,1309.97,373.12,936.85,Processing,5
ORD-22709,2025-09-28,CUST-1265,Small Business,Europe,Netherlands,Electronics,Smartphones & Tablets,811.75,1,0.1,730.58,483.47,247.11,Delivered,4
ORD-22710,2026-03-10,CUST-1171,Small Business,North America,USA,Software & Cloud,AI Assistant Subscription,291.8,1,0.15,248.03,41.14,206.89,Delivered,4
ORD-22711,2025-01-06,CUST-1326,Enterprise,North America,Canada,Office Supplies,High-Volume Printers,1186.47,1,0.0,1186.47,643.09,543.38,Delivered,3
ORD-22712,2025-11-25,CUST-1243,Small Business,Europe,Netherlands,Electronics,Wireless Audio,310.17,8,0.15,2109.16,1501.38,607.78,Delivered,4
ORD-22713,2026-03-29,CUST-1246,Corporate,Europe,France,Electronics,Laptops & Workstations,2419.26,1,0.1,2177.33,1687.71,489.62,Delivered,3
ORD-22714,2025-04-15,CUST-1023,Small Business,North America,Canada,Electronics,Wireless Audio,141.51,8,0.05,1075.48,833.71,241.77,Delivered,3
ORD-22715,2025-08-23,CUST-1185,Small Business,North America,Canada,Electronics,Smart Wearables,418.58,2,0.05,795.3,491.05,304.25,Delivered,3
ORD-22716,2025-11-08,CUST-1056,Corporate,Europe,Netherlands,Office Furniture,Ergonomic Executive Chairs,405.08,2,0.1,729.14,374.29,354.85,Delivered,4
ORD-22717,2026-01-04,CUST-1116,Consumer,Europe,Spain,Software & Cloud,AI Assistant Subscription,900.76,1,0.0,900.76,174.41,726.35,Shipped,4
ORD-22718,2025-06-12,CUST-1337,Corporate,North America,Mexico,Electronics,Wireless Audio,116.97,2,0.0,233.94,159.1,74.84,Delivered,4
ORD-22719,2025-08-29,CUST-1292,Enterprise,North America,Mexico,Software & Cloud,Cloud Analytics Suite,916.52,4,0.1,3299.47,697.46,2602.01,Delivered,5
ORD-22720,2026-03-14,CUST-1295,Enterprise,Middle East & Africa,UAE,Software & Cloud,AI Assistant Subscription,809.66,1,0.0,809.66,149.73,659.93,Delivered,4
ORD-22721,2025-04-11,CUST-1285,Small Business,Europe,Spain,Software & Cloud,Cloud Analytics Suite,3314.1,4,0.0,13256.4,2978.7,10277.7,Processing,2
ORD-22722,2025-10-30,CUST-1206,Corporate,Latin America,Colombia,Office Furniture,Acoustic Office Pods,2120.66,2,0.1,3817.19,1889.75,1927.44,Delivered,4
ORD-22723,2025-02-07,CUST-1243,Corporate,Middle East & Africa,South Africa,Software & Cloud,Enterprise CRM License,2349.48,2,0.0,4698.96,1379.42,3319.54,Delivered,4
ORD-22724,2025-04-26,CUST-1191,Corporate,Europe,United Kingdom,Electronics,Laptops & Workstations,1805.81,15,0.1,24378.43,17566.69,6811.74,Shipped,2
ORD-22725,2026-02-16,CUST-1097,Small Business,North America,USA,Office Supplies,Paper & Stationeries Pack,70.15,3,0.0,210.45,116.27,94.18,Delivered,4
ORD-22726,2025-07-23,CUST-1207,Small Business,Middle East & Africa,Saudi Arabia,Office Furniture,Adjustable Standing Desks,935.05,4,0.1,3366.18,1846.59,1519.59,Delivered,4
ORD-22727,2025-09-11,CUST-1243,Small Business,North America,Mexico,Electronics,Monitors & Displays,539.31,1,0.15,458.41,344.29,114.12,Delivered,3
ORD-22728,2025-02-23,CUST-1073,Corporate,North America,Canada,Electronics,Smart Wearables,365.37,1,0.0,365.37,230.74,134.63,Shipped,5
ORD-22729,2025-01-19,CUST-1099,Corporate,Europe,France,Electronics,Wireless Audio,304.74,2,0.05,579.01,449.1,129.91,Delivered,4
ORD-22730,2025-05-29,CUST-1153,Enterprise,Europe,Germany,Office Furniture,Acoustic Office Pods,2988.96,2,0.0,5977.92,2732.74,3245.18,Delivered,3
ORD-22731,2025-06-12,CUST-1279,Enterprise,North America,Mexico,Software & Cloud,Cybersecurity Suite,1402.67,1,0.05,1332.54,395.04,937.5,Delivered,3
ORD-22732,2026-04-19,CUST-1092,Corporate,North America,USA,Electronics,Wireless Audio,343.49,1,0.05,326.32,245.31,81.01,Delivered,4
ORD-22733,2025-05-28,CUST-1253,Consumer,North America,Canada,Software & Cloud,DevOps Productivity Tools,1473.44,2,0.0,2946.88,365.84,2581.04,Delivered,3
ORD-22734,2026-02-27,CUST-1133,Corporate,Latin America,Colombia,Electronics,Wireless Audio,251.56,2,0.0,503.12,321.79,181.33,Delivered,3
ORD-22735,2025-03-30,CUST-1073,Corporate,Middle East & Africa,UAE,Electronics,Smart Wearables,342.86,1,0.0,342.86,229.35,113.51,Delivered,3
ORD-22736,2026-02-13,CUST-1376,Enterprise,Europe,United Kingdom,Electronics,Wireless Audio,169.21,2,0.0,338.42,255.07,83.35,Delivered,3
ORD-22737,2025-12-08,CUST-1039,Small Business,North America,USA,Electronics,Wireless Audio,222.71,2,0.0,445.42,271.11,174.31,Delivered,2
ORD-22738,2025-03-12,CUST-1036,Small Business,North America,USA,Electronics,Monitors & Displays,345.36,2,0.05,656.18,480.18,176.0,Delivered,3
ORD-22739,2025-05-14,CUST-1286,Small Business,Europe,Germany,Office Furniture,Acoustic Office Pods,1806.18,2,0.15,3070.51,1492.85,1577.66,Delivered,3
ORD-22740,2025-07-23,CUST-1205,Corporate,Europe,Spain,Software & Cloud,Enterprise CRM License,765.13,1,0.0,765.13,122.54,642.59,Delivered,4
ORD-22741,2025-01-12,CUST-1286,Corporate,Middle East & Africa,UAE,Office Furniture,Ergonomic Executive Chairs,594.53,8,0.2,3804.99,2131.75,1673.24,Delivered,2
ORD-22742,2025-09-29,CUST-1099,Enterprise,Asia Pacific,South Korea,Electronics,Wireless Audio,212.76,5,0.0,1063.8,788.3,275.5,Delivered,4
ORD-22743,2025-01-25,CUST-1169,Corporate,Europe,Germany,Software & Cloud,Enterprise CRM License,1547.28,3,0.1,4177.66,1025.54,3152.12,Delivered,3
ORD-22744,2026-06-04,CUST-1269,Corporate,Middle East & Africa,Saudi Arabia,Electronics,Smartphones & Tablets,1195.75,3,0.0,3587.25,2742.15,845.1,Delivered,4
ORD-22745,2025-11-27,CUST-1299,Corporate,Latin America,Brazil,Software & Cloud,Cloud Analytics Suite,2973.81,2,0.0,5947.62,1325.5,4622.12,Delivered,4
ORD-22746,2025-04-02,CUST-1360,Enterprise,Europe,France,Electronics,Smartphones & Tablets,1310.95,3,0.0,3932.85,2853.75,1079.1,Delivered,5
ORD-22747,2025-10-13,CUST-1144,Small Business,North America,Canada,Office Supplies,Presentation Equipment,379.52,5,0.0,1897.6,1168.49,729.11,Delivered,5
ORD-22748,2025-11-20,CUST-1338,Consumer,North America,Mexico,Electronics,Wireless Audio,335.26,3,0.05,955.49,619.22,336.27,Delivered,5
ORD-22749,2025-11-10,CUST-1214,Enterprise,Europe,France,Electronics,Wireless Audio,108.62,5,0.15,461.63,317.36,144.27,Delivered,1
ORD-22750,2026-04-01,CUST-1318,Corporate,Asia Pacific,Singapore,Electronics,Smart Wearables,242.07,1,0.05,229.97,148.78,81.19,Delivered,3
ORD-22751,2026-03-03,CUST-1287,Corporate,Latin America,Chile,Office Furniture,Acoustic Office Pods,2121.99,3,0.0,6365.97,3935.49,2430.48,Processing,3
ORD-22752,2025-02-04,CUST-1137,Small Business,Europe,France,Software & Cloud,Cybersecurity Suite,1036.03,4,0.0,4144.12,1117.81,3026.31,Delivered,1
ORD-22753,2026-01-01,CUST-1168,Corporate,North America,USA,Software & Cloud,Enterprise CRM License,1692.74,5,0.05,8040.52,1144.06,6896.46,Delivered,4
ORD-22754,2025-07-01,CUST-1043,Corporate,North America,USA,Electronics,Monitors & Displays,462.66,2,0.05,879.05,628.42,250.63,Shipped,5
ORD-22755,2025-07-31,CUST-1368,Corporate,Europe,Netherlands,Office Supplies,Presentation Equipment,246.42,3,0.05,702.3,472.81,229.49,Delivered,4
ORD-22756,2026-05-18,CUST-1139,Corporate,Latin America,Chile,Software & Cloud,Cybersecurity Suite,2102.81,1,0.0,2102.81,589.25,1513.56,Delivered,5
ORD-22757,2025-01-07,CUST-1127,Corporate,North America,Canada,Office Furniture,Adjustable Standing Desks,1267.39,2,0.0,2534.78,1166.68,1368.1,Delivered,5
ORD-22758,2026-05-08,CUST-1153,Consumer,North America,USA,Software & Cloud,Enterprise CRM License,1610.75,10,0.15,13691.38,3104.03,10587.35,Delivered,3
ORD-22759,2026-02-22,CUST-1343,Small Business,Asia Pacific,India,Electronics,Laptops & Workstations,1799.13,3,0.05,5127.52,3711.61,1415.91,Delivered,4
ORD-22760,2025-05-16,CUST-1003,Small Business,Europe,Netherlands,Office Furniture,Acoustic Office Pods,2024.5,2,0.0,4049.0,2622.42,1426.58,Delivered,3
ORD-22761,2026-07-02,CUST-1241,Enterprise,North America,USA,Electronics,Monitors & Displays,686.65,2,0.05,1304.63,807.98,496.65,Delivered,4
ORD-22762,2026-01-29,CUST-1233,Enterprise,Asia Pacific,India,Electronics,Smartphones & Tablets,651.08,4,0.0,2604.32,1636.99,967.33,Delivered,4
ORD-22763,2025-10-02,CUST-1274,Enterprise,Asia Pacific,South Korea,Electronics,Smart Wearables,164.5,1,0.0,164.5,111.03,53.47,Delivered,5
ORD-22764,2025-05-31,CUST-1091,Corporate,North America,USA,Office Supplies,Breakroom Supplies,135.58,2,0.0,271.16,167.2,103.96,Delivered,3
ORD-22765,2025-09-14,CUST-1342,Enterprise,North America,Canada,Electronics,Smart Wearables,433.36,1,0.0,433.36,345.12,88.24,Shipped,4
ORD-22766,2026-04-17,CUST-1222,Small Business,North America,USA,Software & Cloud,AI Assistant Subscription,612.99,1,0.0,612.99,87.07,525.92,Cancelled,1
ORD-22767,2025-09-26,CUST-1204,Enterprise,Asia Pacific,Japan,Software & Cloud,Enterprise CRM License,1898.95,4,0.05,7216.01,1012.55,6203.46,Delivered,3
ORD-22768,2026-01-26,CUST-1189,Corporate,Middle East & Africa,South Africa,Office Supplies,Breakroom Supplies,41.14,1,0.1,37.03,22.45,14.58,Delivered,4
ORD-22769,2025-01-18,CUST-1045,Enterprise,Europe,Spain,Software & Cloud,DevOps Productivity Tools,989.08,1,0.0,989.08,138.13,850.95,Delivered,5
ORD-22770,2026-06-18,CUST-1110,Enterprise,Asia Pacific,South Korea,Office Supplies,Presentation Equipment,572.27,3,0.1,1545.13,872.32,672.81,Shipped,4
ORD-22771,2026-03-16,CUST-1080,Corporate,Europe,Germany,Office Supplies,Presentation Equipment,452.43,5,0.0,2262.15,1136.05,1126.1,Delivered,5
ORD-22772,2025-07-25,CUST-1394,Small Business,Europe,Netherlands,Electronics,Smartphones & Tablets,1188.43,5,0.1,5347.94,3971.66,1376.28,Delivered,3
ORD-22773,2025-10-25,CUST-1264,Enterprise,North America,USA,Electronics,Laptops & Workstations,2456.39,1,0.0,2456.39,1533.97,922.42,Delivered,3
ORD-22774,2025-08-29,CUST-1054,Corporate,Europe,Spain,Electronics,Smart Wearables,354.41,1,0.1,318.97,196.52,122.45,Shipped,5
ORD-22775,2025-09-27,CUST-1231,Small Business,North America,USA,Electronics,Smart Wearables,385.43,2,0.05,732.32,578.53,153.79,Delivered,3
ORD-22776,2026-07-07,CUST-1060,Small Business,Europe,Netherlands,Software & Cloud,AI Assistant Subscription,939.78,1,0.05,892.79,207.92,684.87,Delivered,4
ORD-22777,2026-02-02,CUST-1394,Small Business,Europe,Spain,Electronics,Wireless Audio,305.78,2,0.05,580.98,381.52,199.46,Delivered,4
ORD-22778,2025-04-16,CUST-1182,Enterprise,North America,Canada,Electronics,Laptops & Workstations,1861.47,5,0.05,8841.98,6334.64,2507.34,Shipped,4
ORD-22779,2025-06-05,CUST-1390,Enterprise,Europe,France,Office Supplies,High-Volume Printers,460.47,1,0.0,460.47,274.57,185.9,Processing,3
ORD-22780,2025-03-10,CUST-1004,Corporate,North America,USA,Software & Cloud,Cybersecurity Suite,882.05,2,0.05,1675.89,370.5,1305.39,Delivered,2
ORD-22781,2026-05-23,CUST-1366,Corporate,North America,USA,Software & Cloud,Enterprise CRM License,2980.21,1,0.0,2980.21,822.3,2157.91,Cancelled,1
ORD-22782,2026-05-30,CUST-1019,Corporate,North America,Canada,Office Supplies,Storage & Archiving Units,83.57,1,0.2,66.86,38.08,28.78,Cancelled,1
ORD-22783,2025-06-11,CUST-1194,Corporate,Europe,Netherlands,Software & Cloud,DevOps Productivity Tools,794.33,5,0.05,3773.07,905.22,2867.85,Delivered,4
ORD-22784,2026-04-28,CUST-1191,Consumer,Europe,Spain,Office Supplies,Presentation Equipment,244.73,10,0.1,2202.57,1438.18,764.39,Shipped,5
ORD-22785,2025-01-26,CUST-1086,Corporate,Europe,Germany,Electronics,Monitors & Displays,493.68,2,0.0,987.36,708.05,279.31,Delivered,1
ORD-22786,2026-03-03,CUST-1323,Enterprise,North America,Canada,Electronics,Laptops & Workstations,1683.02,4,0.1,6058.87,4759.98,1298.89,Delivered,3
ORD-22787,2026-07-03,CUST-1322,Enterprise,North America,USA,Software & Cloud,Enterprise CRM License,1361.14,1,0.0,1361.14,232.61,1128.53,Delivered,4
ORD-22788,2026-06-27,CUST-1361,Corporate,North America,Canada,Electronics,Laptops & Workstations,1970.56,3,0.1,5320.51,3385.36,1935.15,Delivered,3
ORD-22789,2025-06-16,CUST-1343,Small Business,Europe,France,Electronics,Monitors & Displays,717.85,4,0.2,2297.12,1726.21,570.91,Delivered,4
ORD-22790,2025-11-05,CUST-1232,Small Business,North America,USA,Software & Cloud,Cloud Analytics Suite,2635.84,1,0.05,2504.05,740.34,1763.71,Delivered,3
ORD-22791,2026-04-09,CUST-1194,Enterprise,North America,USA,Office Furniture,LED Desk Lighting,176.24,1,0.0,176.24,90.13,86.11,Shipped,1
ORD-22792,2025-03-12,CUST-1075,Corporate,Latin America,Brazil,Electronics,Wireless Audio,200.14,4,0.1,720.5,568.66,151.84,Delivered,4
ORD-22793,2025-11-19,CUST-1131,Small Business,North America,Canada,Software & Cloud,Cloud Analytics Suite,1510.37,1,0.05,1434.85,345.37,1089.48,Delivered,2
ORD-22794,2025-08-30,CUST-1046,Enterprise,North America,USA,Office Supplies,Storage & Archiving Units,107.61,5,0.0,538.05,372.1,165.95,Delivered,5
ORD-22795,2025-02-05,CUST-1297,Small Business,Europe,Netherlands,Software & Cloud,Enterprise CRM License,838.84,1,0.0,838.84,177.75,661.09,Delivered,4
ORD-22796,2025-07-04,CUST-1021,Corporate,North America,USA,Electronics,Smart Wearables,346.58,4,0.15,1178.37,762.17,416.2,Delivered,5
ORD-22797,2026-02-01,CUST-1346,Enterprise,Latin America,Colombia,Electronics,Laptops & Workstations,1563.94,2,0.0,3127.88,2413.49,714.39,Delivered,5
ORD-22798,2025-12-10,CUST-1105,Consumer,Europe,Germany,Software & Cloud,Cloud Analytics Suite,2780.84,1,0.0,2780.84,829.32,1951.52,Delivered,5
ORD-22799,2025-04-17,CUST-1138,Corporate,North America,Mexico,Office Supplies,High-Volume Printers,697.43,4,0.0,2789.72,1681.11,1108.61,Delivered,5
ORD-22800,2026-04-16,CUST-1112,Corporate,North America,Canada,Office Supplies,Storage & Archiving Units,187.51,2,0.0,375.02,248.06,126.96,Delivered,5
ORD-22801,2025-03-23,CUST-1029,Enterprise,Europe,United Kingdom,Electronics,Smart Wearables,223.33,3,0.0,669.99,523.45,146.54,Delivered,4
ORD-22802,2026-04-02,CUST-1104,Small Business,North America,Mexico,Electronics,Monitors & Displays,587.93,1,0.0,587.93,387.77,200.16,Delivered,4
ORD-22803,2025-02-11,CUST-1118,Corporate,North America,Mexico,Electronics,Wireless Audio,322.72,2,0.05,613.17,386.72,226.45,Delivered,5
ORD-22804,2025-06-02,CUST-1290,Corporate,Europe,Germany,Electronics,Wireless Audio,224.12,1,0.2,179.3,116.68,62.62,Delivered,5
ORD-22805,2025-09-22,CUST-1026,Small Business,North America,Canada,Software & Cloud,Cloud Analytics Suite,3342.31,1,0.1,3008.08,737.93,2270.15,Delivered,3
ORD-22806,2025-11-30,CUST-1327,Enterprise,Europe,Spain,Electronics,Wireless Audio,283.38,3,0.1,765.13,553.69,211.44,Delivered,5
ORD-22807,2025-05-27,CUST-1345,Small Business,Asia Pacific,South Korea,Software & Cloud,DevOps Productivity Tools,1059.08,1,0.0,1059.08,218.0,841.08,Delivered,5
ORD-22808,2025-06-29,CUST-1242,Corporate,North America,Mexico,Office Supplies,High-Volume Printers,548.08,8,0.0,4384.64,2450.69,1933.95,Delivered,4
ORD-22809,2025-06-01,CUST-1266,Corporate,Europe,United Kingdom,Electronics,Wireless Audio,119.77,2,0.2,191.63,143.84,47.79,Delivered,4
ORD-22810,2025-07-17,CUST-1068,Corporate,Asia Pacific,Japan,Office Supplies,High-Volume Printers,909.09,1,0.05,863.64,586.6,277.04,Delivered,3
ORD-22811,2026-01-03,CUST-1174,Small Business,Asia Pacific,Japan,Office Furniture,Acoustic Office Pods,1948.14,1,0.0,1948.14,927.54,1020.6,Delivered,5
ORD-22812,2025-08-25,CUST-1292,Corporate,North America,USA,Software & Cloud,DevOps Productivity Tools,739.03,8,0.0,5912.24,1357.79,4554.45,Delivered,3
ORD-22813,2026-03-16,CUST-1042,Enterprise,North America,Canada,Software & Cloud,Cloud Analytics Suite,3495.7,1,0.05,3320.91,406.23,2914.68,Delivered,2
ORD-22814,2025-11-04,CUST-1166,Small Business,North America,USA,Software & Cloud,Cloud Analytics Suite,3698.85,2,0.0,7397.7,1493.41,5904.29,Processing,5
ORD-22815,2026-01-28,CUST-1134,Enterprise,Europe,Germany,Electronics,Smart Wearables,245.04,1,0.0,245.04,182.49,62.55,Delivered,4
ORD-22816,2026-01-15,CUST-1326,Consumer,Europe,United Kingdom,Electronics,Smartphones & Tablets,1282.39,1,0.15,1090.03,813.4,276.63,Shipped,3
ORD-22817,2026-01-29,CUST-1159,Corporate,North America,Mexico,Electronics,Smart Wearables,280.7,3,0.2,673.68,483.74,189.94,Delivered,1
ORD-22818,2025-02-01,CUST-1047,Corporate,Europe,Spain,Office Furniture,Acoustic Office Pods,2947.07,1,0.05,2799.72,1283.76,1515.96,Delivered,5
ORD-22819,2025-06-29,CUST-1081,Enterprise,Latin America,Brazil,Software & Cloud,Enterprise CRM License,2570.72,1,0.05,2442.18,335.6,2106.58,Delivered,2
ORD-22820,2026-03-15,CUST-1368,Enterprise,North America,Mexico,Office Supplies,Paper & Stationeries Pack,31.65,4,0.0,126.6,86.72,39.88,Delivered,4
ORD-22821,2025-12-14,CUST-1345,Consumer,Latin America,Brazil,Office Furniture,Acoustic Office Pods,3572.42,1,0.0,3572.42,2081.59,1490.83,Delivered,5
ORD-22822,2025-10-05,CUST-1349,Corporate,Middle East & Africa,South Africa,Electronics,Monitors & Displays,598.95,3,0.0,1796.85,1356.66,440.19,Delivered,4
ORD-22823,2026-04-15,CUST-1174,Enterprise,North America,USA,Electronics,Smartphones & Tablets,1112.41,1,0.0,1112.41,693.09,419.32,Delivered,4
ORD-22824,2026-02-24,CUST-1037,Enterprise,Latin America,Chile,Office Supplies,Presentation Equipment,243.95,3,0.0,731.85,454.27,277.58,Processing,5
ORD-22825,2025-05-12,CUST-1151,Corporate,North America,Mexico,Electronics,Smartphones & Tablets,1038.81,5,0.1,4674.64,3560.54,1114.1,Delivered,2
ORD-22826,2026-03-16,CUST-1379,Small Business,Europe,Netherlands,Electronics,Laptops & Workstations,1925.61,3,0.0,5776.83,3723.76,2053.07,Delivered,4
ORD-22827,2025-09-14,CUST-1283,Corporate,North America,Canada,Office Furniture,LED Desk Lighting,178.63,3,0.0,535.89,263.02,272.87,Shipped,3
ORD-22828,2025-11-22,CUST-1147,Corporate,North America,USA,Office Furniture,Conference Tables,2741.59,1,0.0,2741.59,1567.14,1174.45,Delivered,4
ORD-22829,2025-11-02,CUST-1167,Enterprise,Europe,France,Electronics,Wireless Audio,336.17,8,0.0,2689.36,2060.55,628.81,Shipped,3
ORD-22830,2025-01-03,CUST-1084,Enterprise,Asia Pacific,South Korea,Electronics,Smart Wearables,414.73,2,0.0,829.46,515.25,314.21,Delivered,4
ORD-22831,2026-05-24,CUST-1352,Enterprise,Europe,France,Software & Cloud,Cloud Analytics Suite,2262.21,1,0.15,1922.88,516.43,1406.45,Delivered,3
ORD-22832,2025-07-16,CUST-1306,Enterprise,Europe,United Kingdom,Software & Cloud,Cybersecurity Suite,1347.31,1,0.2,1077.85,292.91,784.94,Delivered,5
ORD-22833,2025-09-05,CUST-1297,Enterprise,Europe,France,Office Supplies,High-Volume Printers,420.15,1,0.05,399.14,225.89,173.25,Delivered,4
ORD-22834,2025-12-29,CUST-1330,Enterprise,Asia Pacific,Australia,Software & Cloud,DevOps Productivity Tools,1033.48,2,0.1,1860.26,546.01,1314.25,Delivered,2
ORD-22835,2025-01-27,CUST-1265,Consumer,Asia Pacific,South Korea,Electronics,Laptops & Workstations,2270.04,2,0.0,4540.08,3037.61,1502.47,Delivered,4
ORD-22836,2026-01-30,CUST-1278,Corporate,Europe,France,Electronics,Smart Wearables,342.43,2,0.05,650.62,463.84,186.78,Shipped,4
ORD-22837,2026-03-04,CUST-1278,Consumer,North America,USA,Electronics,Laptops & Workstations,1622.48,15,0.2,19469.76,14659.78,4809.98,Delivered,5
ORD-22838,2025-06-26,CUST-1260,Small Business,North America,Canada,Software & Cloud,DevOps Productivity Tools,528.38,4,0.15,1796.49,248.57,1547.92,Delivered,2
ORD-22839,2026-01-22,CUST-1291,Corporate,Europe,Germany,Software & Cloud,Cybersecurity Suite,1014.57,2,0.0,2029.14,533.86,1495.28,Delivered,5
ORD-22840,2026-04-26,CUST-1155,Corporate,North America,Mexico,Electronics,Smartphones & Tablets,1349.37,4,0.15,4587.86,3154.11,1433.75,Processing,4
ORD-22841,2025-11-30,CUST-1253,Enterprise,North America,Mexico,Software & Cloud,Enterprise CRM License,1377.17,1,0.15,1170.59,196.45,974.14,Delivered,5
ORD-22842,2025-07-24,CUST-1091,Small Business,North America,USA,Software & Cloud,Cloud Analytics Suite,1864.29,3,0.05,5313.23,788.2,4525.03,Delivered,3
ORD-22843,2026-05-27,CUST-1308,Corporate,North America,Mexico,Software & Cloud,Cloud Analytics Suite,1785.03,1,0.05,1695.78,457.82,1237.96,Delivered,4
ORD-22844,2026-05-26,CUST-1060,Enterprise,North America,USA,Office Furniture,LED Desk Lighting,95.77,2,0.0,191.54,100.22,91.32,Delivered,2
ORD-22845,2026-05-12,CUST-1082,Corporate,Asia Pacific,South Korea,Office Supplies,High-Volume Printers,906.8,3,0.0,2720.4,1429.58,1290.82,Delivered,3
ORD-22846,2025-08-22,CUST-1146,Enterprise,Latin America,Brazil,Office Furniture,Acoustic Office Pods,3952.59,2,0.0,7905.18,3984.34,3920.84,Delivered,5
ORD-22847,2026-07-20,CUST-1005,Corporate,Europe,France,Electronics,Laptops & Workstations,1281.83,1,0.1,1153.65,745.13,408.52,Delivered,5
ORD-22848,2025-06-08,CUST-1294,Small Business,Europe,United Kingdom,Electronics,Monitors & Displays,595.94,8,0.0,4767.52,3343.38,1424.14,Delivered,4
ORD-22849,2025-10-08,CUST-1245,Corporate,Asia Pacific,Australia,Office Furniture,Ergonomic Executive Chairs,620.77,4,0.0,2483.08,1179.47,1303.61,Cancelled,1
ORD-22850,2026-06-01,CUST-1151,Enterprise,Europe,Netherlands,Electronics,Smartphones & Tablets,1386.7,4,0.15,4714.78,3571.57,1143.21,Delivered,2
ORD-22851,2025-03-30,CUST-1108,Corporate,North America,Mexico,Electronics,Laptops & Workstations,1283.01,3,0.05,3656.58,2703.35,953.23,Delivered,4
ORD-22852,2025-04-19,CUST-1077,Corporate,Europe,Netherlands,Electronics,Smartphones & Tablets,1174.31,2,0.0,2348.62,1689.58,659.04,Cancelled,2
ORD-22853,2025-11-11,CUST-1166,Small Business,Europe,Netherlands,Electronics,Smart Wearables,219.56,1,0.0,219.56,160.46,59.1,Delivered,4
ORD-22854,2026-01-23,CUST-1124,Enterprise,Asia Pacific,Japan,Software & Cloud,Enterprise CRM License,2044.25,3,0.0,6132.75,1461.04,4671.71,Delivered,5
ORD-22855,2026-07-09,CUST-1150,Small Business,Europe,Germany,Software & Cloud,Enterprise CRM License,2586.92,4,0.0,10347.68,2452.08,7895.6,Cancelled,1
ORD-22856,2026-02-01,CUST-1132,Corporate,North America,Mexico,Office Furniture,Ergonomic Executive Chairs,833.76,2,0.2,1334.02,696.57,637.45,Delivered,3
ORD-22857,2025-02-25,CUST-1135,Enterprise,Europe,Germany,Electronics,Wireless Audio,265.71,1,0.0,265.71,202.91,62.8,Delivered,5
ORD-22858,2025-04-06,CUST-1324,Consumer,Asia Pacific,Singapore,Electronics,Wireless Audio,104.57,1,0.0,104.57,79.27,25.3,Shipped,1
ORD-22859,2026-05-30,CUST-1145,Small Business,Europe,Spain,Electronics,Wireless Audio,341.08,2,0.0,682.16,511.55,170.61,Delivered,4
ORD-22860,2025-02-18,CUST-1253,Enterprise,Europe,Netherlands,Software & Cloud,AI Assistant Subscription,756.02,1,0.0,756.02,104.82,651.2,Delivered,4
ORD-22861,2025-01-17,CUST-1265,Corporate,North America,Mexico,Office Supplies,Storage & Archiving Units,269.01,1,0.0,269.01,138.9,130.11,Delivered,3
ORD-22862,2025-01-02,CUST-1271,Corporate,North America,Mexico,Office Furniture,Ergonomic Executive Chairs,373.55,2,0.05,709.75,437.0,272.75,Delivered,2
ORD-22863,2025-03-06,CUST-1129,Enterprise,North America,USA,Software & Cloud,Enterprise CRM License,1583.06,3,0.1,4274.26,841.08,3433.18,Delivered,4
ORD-22864,2025-10-21,CUST-1062,Small Business,North America,Canada,Electronics,Wireless Audio,216.55,3,0.05,617.17,449.25,167.92,Cancelled,1
ORD-22865,2025-01-20,CUST-1165,Corporate,Middle East & Africa,UAE,Office Furniture,LED Desk Lighting,150.24,4,0.0,600.96,379.63,221.33,Delivered,3
ORD-22866,2025-07-17,CUST-1000,Small Business,North America,USA,Software & Cloud,Cloud Analytics Suite,3327.31,2,0.0,6654.62,1132.16,5522.46,Delivered,4
ORD-22867,2025-07-14,CUST-1266,Small Business,North America,Mexico,Office Furniture,Conference Tables,2571.0,5,0.0,12855.0,7069.94,5785.06,Delivered,4
ORD-22868,2025-11-06,CUST-1119,Small Business,North America,Mexico,Electronics,Smart Wearables,299.52,8,0.1,2156.54,1341.64,814.9,Delivered,5
ORD-22869,2025-04-24,CUST-1081,Small Business,Europe,Spain,Office Supplies,Storage & Archiving Units,187.14,1,0.05,177.78,115.61,62.17,Delivered,3
ORD-22870,2026-03-01,CUST-1009,Corporate,Middle East & Africa,UAE,Office Supplies,Presentation Equipment,169.15,3,0.05,482.08,333.02,149.06,Delivered,5
ORD-22871,2025-11-02,CUST-1202,Enterprise,North America,USA,Office Furniture,LED Desk Lighting,133.29,4,0.1,479.84,230.41,249.43,Delivered,3
ORD-22872,2025-08-05,CUST-1093,Small Business,North America,Mexico,Office Supplies,Paper & Stationeries Pack,113.85,2,0.0,227.7,148.36,79.34,Delivered,3
ORD-22873,2025-10-06,CUST-1109,Enterprise,North America,Canada,Electronics,Laptops & Workstations,1232.4,3,0.0,3697.2,2422.54,1274.66,Delivered,4
ORD-22874,2025-04-13,CUST-1255,Small Business,North America,Mexico,Software & Cloud,AI Assistant Subscription,424.27,3,0.05,1209.17,307.34,901.83,Delivered,3
ORD-22875,2025-02-11,CUST-1279,Small Business,North America,USA,Software & Cloud,Cybersecurity Suite,456.58,2,0.0,913.16,237.03,676.13,Delivered,3
ORD-22876,2026-05-24,CUST-1125,Enterprise,Europe,Spain,Office Supplies,Storage & Archiving Units,279.2,1,0.0,279.2,176.37,102.83,Delivered,4
ORD-22877,2025-09-19,CUST-1067,Small Business,North America,Mexico,Office Supplies,Breakroom Supplies,62.6,4,0.05,237.88,127.44,110.44,Delivered,4
ORD-22878,2025-03-07,CUST-1224,Enterprise,Asia Pacific,Japan,Electronics,Laptops & Workstations,1422.4,1,0.0,1422.4,1128.87,293.53,Delivered,4
ORD-22879,2026-03-09,CUST-1307,Corporate,Latin America,Brazil,Office Supplies,Paper & Stationeries Pack,62.35,2,0.05,118.47,82.13,36.34,Delivered,5
ORD-22880,2025-07-26,CUST-1216,Small Business,Asia Pacific,India,Software & Cloud,AI Assistant Subscription,266.94,4,0.0,1067.76,289.87,777.89,Delivered,3
ORD-22881,2025-09-13,CUST-1335,Corporate,North America,USA,Office Supplies,Breakroom Supplies,131.59,8,0.0,1052.72,661.5,391.22,Delivered,4
ORD-22882,2025-05-09,CUST-1332,Enterprise,Asia Pacific,Japan,Electronics,Smart Wearables,316.9,3,0.1,855.63,523.77,331.86,Delivered,3
ORD-22883,2025-09-18,CUST-1291,Small Business,Europe,United Kingdom,Electronics,Smartphones & Tablets,1399.85,5,0.05,6649.29,4396.6,2252.69,Delivered,3
ORD-22884,2025-04-13,CUST-1135,Consumer,Latin America,Chile,Office Furniture,LED Desk Lighting,124.35,1,0.0,124.35,64.52,59.83,Delivered,5
ORD-22885,2026-02-19,CUST-1049,Corporate,Europe,Germany,Electronics,Laptops & Workstations,1355.97,8,0.15,9220.6,6485.32,2735.28,Delivered,3
ORD-22886,2025-03-16,CUST-1209,Small Business,Europe,United Kingdom,Office Supplies,Paper & Stationeries Pack,48.11,4,0.0,192.44,116.24,76.2,Delivered,4
ORD-22887,2026-02-03,CUST-1344,Corporate,Latin America,Brazil,Office Supplies,High-Volume Printers,400.56,8,0.0,3204.48,2083.79,1120.69,Delivered,3
ORD-22888,2025-12-11,CUST-1348,Enterprise,North America,USA,Office Supplies,Presentation Equipment,278.62,2,0.05,529.38,265.43,263.95,Delivered,5
ORD-22889,2025-01-15,CUST-1364,Small Business,Asia Pacific,Singapore,Office Furniture,Ergonomic Executive Chairs,526.42,1,0.05,500.1,297.02,203.08,Delivered,5
ORD-22890,2025-09-29,CUST-1241,Enterprise,Europe,Spain,Office Furniture,LED Desk Lighting,93.57,2,0.05,177.78,104.35,73.43,Delivered,5
ORD-22891,2025-04-26,CUST-1139,Small Business,North America,Mexico,Software & Cloud,AI Assistant Subscription,623.74,4,0.0,2494.96,368.18,2126.78,Delivered,5
ORD-22892,2025-04-14,CUST-1382,Corporate,Europe,Germany,Electronics,Smartphones & Tablets,1059.32,10,0.0,10593.2,7839.28,2753.92,Delivered,3
ORD-22893,2026-07-12,CUST-1100,Corporate,North America,Mexico,Electronics,Monitors & Displays,356.35,2,0.0,712.7,434.38,278.32,Delivered,4
ORD-22894,2025-04-15,CUST-1304,Small Business,Europe,United Kingdom,Electronics,Wireless Audio,128.86,2,0.0,257.72,164.62,93.1,Processing,4
ORD-22895,2025-11-30,CUST-1213,Corporate,Europe,Netherlands,Electronics,Monitors & Displays,776.09,4,0.0,3104.36,2101.73,1002.63,Delivered,4
ORD-22896,2026-03-29,CUST-1265,Corporate,Europe,France,Office Furniture,LED Desk Lighting,162.59,1,0.1,146.33,85.35,60.98,Delivered,4
ORD-22897,2026-07-24,CUST-1130,Corporate,North America,USA,Electronics,Smart Wearables,232.25,3,0.0,696.75,437.51,259.24,Cancelled,1
ORD-22898,2026-04-30,CUST-1344,Corporate,Europe,Spain,Office Furniture,Acoustic Office Pods,2520.74,1,0.05,2394.7,1520.71,873.99,Delivered,3
ORD-22899,2025-12-20,CUST-1171,Small Business,North America,USA,Software & Cloud,DevOps Productivity Tools,778.0,3,0.05,2217.3,500.21,1717.09,Delivered,3
ORD-22900,2025-02-19,CUST-1266,Enterprise,Middle East & Africa,South Africa,Electronics,Smartphones & Tablets,844.95,4,0.0,3379.8,2537.47,842.33,Delivered,5
ORD-22901,2026-02-22,CUST-1253,Enterprise,North America,USA,Electronics,Monitors & Displays,294.96,10,0.0,2949.6,1846.95,1102.65,Shipped,3
ORD-22902,2025-11-02,CUST-1183,Small Business,Europe,United Kingdom,Electronics,Laptops & Workstations,1244.69,1,0.0,1244.69,753.75,490.94,Delivered,4
ORD-22903,2026-02-10,CUST-1369,Corporate,Asia Pacific,South Korea,Electronics,Monitors & Displays,471.96,2,0.0,943.92,690.78,253.14,Delivered,4
ORD-22904,2025-10-24,CUST-1265,Enterprise,North America,Mexico,Electronics,Smartphones & Tablets,937.8,8,0.0,7502.4,5611.45,1890.95,Delivered,3
ORD-22905,2025-05-19,CUST-1171,Enterprise,Asia Pacific,Japan,Electronics,Smartphones & Tablets,756.94,3,0.0,2270.82,1502.31,768.51,Processing,3
ORD-22906,2025-06-28,CUST-1305,Corporate,Middle East & Africa,South Africa,Office Furniture,Acoustic Office Pods,2447.71,1,0.0,2447.71,1477.9,969.81,Delivered,4
ORD-22907,2025-05-15,CUST-1382,Small Business,Asia Pacific,Japan,Office Supplies,Breakroom Supplies,176.17,2,0.0,352.34,188.6,163.74,Delivered,2
ORD-22908,2026-06-26,CUST-1328,Small Business,Asia Pacific,South Korea,Office Supplies,Paper & Stationeries Pack,98.0,1,0.05,93.1,57.93,35.17,Delivered,4
ORD-22909,2026-05-10,CUST-1313,Corporate,Middle East & Africa,South Africa,Electronics,Smart Wearables,174.52,2,0.0,349.04,213.61,135.43,Delivered,5
ORD-22910,2026-03-26,CUST-1200,Enterprise,Asia Pacific,South Korea,Software & Cloud,AI Assistant Subscription,928.63,4,0.1,3343.07,475.04,2868.03,Delivered,4
ORD-22911,2025-02-26,CUST-1031,Enterprise,North America,USA,Office Supplies,Storage & Archiving Units,159.44,4,0.0,637.76,330.67,307.09,Delivered,5
ORD-22912,2025-02-21,CUST-1116,Corporate,Asia Pacific,Japan,Office Supplies,Storage & Archiving Units,95.32,8,0.0,762.56,389.8,372.76,Delivered,4
ORD-22913,2026-05-01,CUST-1370,Corporate,North America,USA,Electronics,Smartphones & Tablets,782.96,3,0.1,2113.99,1381.36,732.63,Delivered,5
ORD-22914,2026-05-15,CUST-1025,Enterprise,Asia Pacific,India,Electronics,Smart Wearables,275.1,2,0.0,550.2,405.95,144.25,Delivered,3
ORD-22915,2025-10-01,CUST-1071,Corporate,North America,USA,Office Furniture,Ergonomic Executive Chairs,794.73,2,0.0,1589.46,997.24,592.22,Delivered,3
ORD-22916,2026-05-27,CUST-1005,Corporate,North America,Canada,Software & Cloud,DevOps Productivity Tools,555.61,2,0.15,944.54,216.56,727.98,Delivered,4
ORD-22917,2025-11-17,CUST-1377,Enterprise,Europe,Spain,Software & Cloud,Cloud Analytics Suite,3260.68,5,0.1,14673.06,3864.42,10808.64,Delivered,5
ORD-22918,2026-05-18,CUST-1336,Consumer,Middle East & Africa,UAE,Electronics,Monitors & Displays,331.48,2,0.0,662.96,494.47,168.49,Delivered,3
ORD-22919,2026-05-14,CUST-1300,Corporate,Europe,France,Office Furniture,Ergonomic Executive Chairs,736.99,5,0.1,3316.45,1503.64,1812.81,Delivered,3
ORD-22920,2025-06-04,CUST-1024,Small Business,North America,USA,Electronics,Smartphones & Tablets,1183.9,2,0.0,2367.8,1756.93,610.87,Delivered,3
ORD-22921,2025-10-10,CUST-1301,Enterprise,Europe,Netherlands,Electronics,Monitors & Displays,424.95,1,0.0,424.95,318.95,106.0,Delivered,4
ORD-22922,2025-12-01,CUST-1290,Corporate,North America,Canada,Electronics,Smart Wearables,429.92,2,0.0,859.84,673.65,186.19,Shipped,5
ORD-22923,2025-02-16,CUST-1257,Consumer,Europe,Germany,Office Furniture,Adjustable Standing Desks,1382.14,3,0.0,4146.42,2319.5,1826.92,Delivered,4
ORD-22924,2025-05-11,CUST-1254,Corporate,Europe,Germany,Office Supplies,Paper & Stationeries Pack,85.56,1,0.1,77.0,49.1,27.9,Delivered,2
ORD-22925,2025-01-10,CUST-1044,Corporate,Europe,Germany,Office Furniture,Acoustic Office Pods,3435.53,1,0.0,3435.53,1888.63,1546.9,Delivered,5
ORD-22926,2025-10-15,CUST-1085,Consumer,Middle East & Africa,UAE,Electronics,Monitors & Displays,514.69,2,0.05,977.91,736.35,241.56,Shipped,3
ORD-22927,2026-04-30,CUST-1181,Enterprise,Europe,Spain,Office Furniture,Conference Tables,2723.48,4,0.0,10893.92,5118.91,5775.01,Delivered,4
ORD-22928,2026-04-09,CUST-1279,Small Business,North America,USA,Software & Cloud,Enterprise CRM License,894.31,2,0.2,1430.9,202.73,1228.17,Delivered,1
ORD-22929,2025-06-11,CUST-1035,Enterprise,North America,Mexico,Software & Cloud,AI Assistant Subscription,353.24,1,0.0,353.24,81.53,271.71,Shipped,5
ORD-22930,2025-02-18,CUST-1319,Enterprise,Europe,France,Software & Cloud,AI Assistant Subscription,692.26,1,0.0,692.26,128.85,563.41,Delivered,5
ORD-22931,2026-04-05,CUST-1322,Small Business,North America,Mexico,Office Furniture,Ergonomic Executive Chairs,635.81,1,0.05,604.02,361.62,242.4,Delivered,4
ORD-22932,2026-03-05,CUST-1227,Enterprise,Europe,Germany,Electronics,Monitors & Displays,723.35,2,0.05,1374.37,948.88,425.49,Delivered,3
ORD-22933,2025-04-07,CUST-1241,Enterprise,North America,Canada,Electronics,Wireless Audio,222.86,4,0.15,757.72,514.48,243.24,Delivered,3
ORD-22934,2025-06-28,CUST-1040,Small Business,Latin America,Chile,Office Supplies,Presentation Equipment,175.19,1,0.05,166.43,91.15,75.28,Processing,5
ORD-22935,2025-08-03,CUST-1219,Small Business,Asia Pacific,Australia,Software & Cloud,Cloud Analytics Suite,2614.79,5,0.1,11766.56,2479.6,9286.96,Delivered,4
ORD-22936,2025-12-06,CUST-1378,Corporate,Asia Pacific,India,Electronics,Wireless Audio,289.91,1,0.0,289.91,174.77,115.14,Delivered,4
ORD-22937,2025-06-11,CUST-1210,Small Business,Europe,Spain,Office Furniture,Conference Tables,1861.93,10,0.0,18619.3,11296.51,7322.79,Delivered,3
ORD-22938,2026-05-11,CUST-1397,Small Business,Europe,France,Office Furniture,Adjustable Standing Desks,1358.0,3,0.05,3870.3,2260.8,1609.5,Delivered,4
ORD-22939,2026-02-27,CUST-1354,Corporate,Europe,Spain,Software & Cloud,Enterprise CRM License,1143.29,2,0.05,2172.25,287.67,1884.58,Delivered,1
ORD-22940,2026-05-06,CUST-1195,Corporate,Latin America,Chile,Office Supplies,Breakroom Supplies,69.03,1,0.0,69.03,37.47,31.56,Delivered,4
ORD-22941,2025-07-24,CUST-1373,Small Business,Latin America,Colombia,Electronics,Smart Wearables,264.44,5,0.0,1322.2,807.11,515.09,Cancelled,1
ORD-22942,2025-11-18,CUST-1368,Small Business,Asia Pacific,Australia,Office Supplies,Paper & Stationeries Pack,112.21,1,0.0,112.21,75.98,36.23,Delivered,3
ORD-22943,2026-04-15,CUST-1179,Small Business,Middle East & Africa,South Africa,Electronics,Laptops & Workstations,2441.99,2,0.0,4883.98,3415.54,1468.44,Delivered,4
ORD-22944,2025-07-20,CUST-1315,Corporate,Europe,France,Software & Cloud,Cybersecurity Suite,1020.09,3,0.0,3060.27,695.81,2364.46,Processing,4
ORD-22945,2025-04-21,CUST-1259,Corporate,Europe,France,Software & Cloud,DevOps Productivity Tools,1020.27,5,0.0,5101.35,1075.05,4026.3,Delivered,4
ORD-22946,2026-07-19,CUST-1335,Corporate,North America,Mexico,Electronics,Smartphones & Tablets,941.1,2,0.0,1882.2,1218.06,664.14,Delivered,2
ORD-22947,2025-06-13,CUST-1018,Corporate,Asia Pacific,Australia,Electronics,Laptops & Workstations,2024.84,2,0.15,3442.23,2365.07,1077.16,Delivered,4
ORD-22948,2025-01-02,CUST-1009,Consumer,Europe,France,Electronics,Wireless Audio,161.95,1,0.0,161.95,97.57,64.38,Delivered,5
ORD-22949,2025-06-19,CUST-1080,Enterprise,North America,Mexico,Electronics,Smart Wearables,265.34,1,0.1,238.81,180.77,58.04,Delivered,4
ORD-22950,2025-04-05,CUST-1330,Corporate,Middle East & Africa,UAE,Software & Cloud,Cloud Analytics Suite,4165.9,1,0.0,4165.9,989.94,3175.96,Delivered,3
ORD-22951,2025-03-12,CUST-1050,Small Business,North America,USA,Office Supplies,Breakroom Supplies,100.98,3,0.0,302.94,161.71,141.23,Delivered,4
ORD-22952,2025-05-23,CUST-1241,Enterprise,Europe,United Kingdom,Software & Cloud,Cybersecurity Suite,1315.62,1,0.1,1184.06,226.49,957.57,Delivered,4
ORD-22953,2026-05-20,CUST-1065,Corporate,North America,Mexico,Software & Cloud,Cloud Analytics Suite,2577.01,2,0.0,5154.02,1093.0,4061.02,Delivered,4
ORD-22954,2025-05-27,CUST-1348,Corporate,North America,Mexico,Software & Cloud,DevOps Productivity Tools,983.37,2,0.05,1868.4,336.57,1531.83,Delivered,3
ORD-22955,2025-02-02,CUST-1033,Corporate,Latin America,Chile,Office Furniture,LED Desk Lighting,87.25,4,0.05,331.55,156.26,175.29,Shipped,4
ORD-22956,2025-06-04,CUST-1370,Corporate,North America,USA,Electronics,Smart Wearables,415.45,5,0.0,2077.25,1301.73,775.52,Delivered,5
ORD-22957,2025-05-01,CUST-1255,Small Business,Middle East & Africa,UAE,Software & Cloud,Cloud Analytics Suite,2249.85,1,0.05,2137.36,307.24,1830.12,Delivered,4
ORD-22958,2025-08-07,CUST-1258,Enterprise,North America,Canada,Office Furniture,Acoustic Office Pods,2204.71,1,0.0,2204.71,1146.05,1058.66,Delivered,5
ORD-22959,2025-12-31,CUST-1209,Corporate,Europe,Netherlands,Office Supplies,Paper & Stationeries Pack,50.89,2,0.2,81.42,42.22,39.2,Processing,4
ORD-22960,2025-03-04,CUST-1054,Consumer,North America,Mexico,Office Supplies,High-Volume Printers,778.62,4,0.05,2958.76,1802.19,1156.57,Delivered,5
ORD-22961,2025-11-13,CUST-1330,Corporate,Asia Pacific,Australia,Electronics,Smart Wearables,362.94,15,0.0,5444.1,3748.75,1695.35,Delivered,4
ORD-22962,2025-11-11,CUST-1232,Small Business,Europe,Netherlands,Electronics,Monitors & Displays,411.45,3,0.05,1172.63,745.27,427.36,Delivered,5
ORD-22963,2026-02-11,CUST-1002,Corporate,North America,Canada,Office Furniture,Adjustable Standing Desks,1147.16,2,0.0,2294.32,1307.57,986.75,Delivered,3
ORD-22964,2025-09-08,CUST-1282,Small Business,North America,Canada,Office Supplies,Storage & Archiving Units,138.3,2,0.0,276.6,173.97,102.63,Delivered,3
ORD-22965,2026-01-08,CUST-1171,Corporate,Europe,Netherlands,Office Supplies,Presentation Equipment,353.68,2,0.05,671.99,357.27,314.72,Shipped,5
ORD-22966,2026-07-03,CUST-1084,Small Business,Europe,Netherlands,Software & Cloud,DevOps Productivity Tools,592.39,3,0.1,1599.45,218.64,1380.81,Processing,3
ORD-22967,2025-06-15,CUST-1392,Corporate,Europe,Spain,Office Supplies,Presentation Equipment,201.27,15,0.0,3019.05,1893.13,1125.92,Delivered,3
ORD-22968,2025-10-14,CUST-1275,Small Business,Europe,Netherlands,Software & Cloud,AI Assistant Subscription,300.52,1,0.0,300.52,75.24,225.28,Delivered,5
ORD-22969,2026-06-30,CUST-1155,Enterprise,Europe,Netherlands,Software & Cloud,Cybersecurity Suite,1975.78,8,0.1,14225.62,2672.19,11553.43,Delivered,4
ORD-22970,2025-11-26,CUST-1249,Enterprise,North America,USA,Office Supplies,Breakroom Supplies,190.2,5,0.0,951.0,663.48,287.52,Delivered,4
ORD-22971,2025-07-08,CUST-1075,Consumer,North America,Mexico,Office Supplies,Presentation Equipment,259.14,2,0.0,518.28,278.66,239.62,Delivered,4
ORD-22972,2025-05-27,CUST-1232,Corporate,Europe,France,Software & Cloud,AI Assistant Subscription,509.99,1,0.05,484.49,96.68,387.81,Delivered,4
ORD-22973,2025-05-13,CUST-1019,Enterprise,Europe,France,Electronics,Smartphones & Tablets,1358.25,3,0.1,3667.28,2850.09,817.19,Delivered,5
ORD-22974,2025-02-26,CUST-1378,Corporate,Asia Pacific,Japan,Software & Cloud,DevOps Productivity Tools,452.08,1,0.1,406.87,84.69,322.18,Delivered,4
ORD-22975,2025-10-31,CUST-1117,Corporate,North America,Mexico,Office Furniture,Conference Tables,1639.58,2,0.15,2787.29,1805.96,981.33,Delivered,3
ORD-22976,2026-02-01,CUST-1249,Corporate,Europe,Netherlands,Electronics,Smartphones & Tablets,723.23,4,0.05,2748.27,2121.22,627.05,Delivered,3
ORD-22977,2025-10-03,CUST-1358,Small Business,Europe,France,Office Furniture,Acoustic Office Pods,4292.26,1,0.0,4292.26,2057.04,2235.22,Delivered,5
ORD-22978,2025-01-17,CUST-1252,Small Business,Asia Pacific,Singapore,Software & Cloud,Enterprise CRM License,1175.07,1,0.0,1175.07,247.85,927.22,Delivered,4
ORD-22979,2025-06-05,CUST-1239,Corporate,North America,USA,Electronics,Smartphones & Tablets,875.54,4,0.1,3151.94,2362.27,789.67,Delivered,3
ORD-22980,2026-07-09,CUST-1105,Corporate,North America,USA,Electronics,Smartphones & Tablets,871.81,3,0.2,2092.34,1587.34,505.0,Delivered,3
ORD-22981,2025-11-17,CUST-1347,Enterprise,Latin America,Chile,Office Furniture,Acoustic Office Pods,4633.43,1,0.15,3938.42,2423.81,1514.61,Delivered,3
ORD-22982,2026-04-04,CUST-1096,Corporate,North America,Canada,Software & Cloud,Cloud Analytics Suite,1336.31,2,0.05,2538.99,549.15,1989.84,Delivered,4
ORD-22983,2025-04-04,CUST-1350,Consumer,Asia Pacific,Japan,Electronics,Smart Wearables,189.8,3,0.0,569.4,355.18,214.22,Shipped,3
ORD-22984,2025-11-13,CUST-1139,Corporate,Middle East & Africa,Saudi Arabia,Software & Cloud,Enterprise CRM License,506.89,3,0.0,1520.67,409.45,1111.22,Delivered,2
ORD-22985,2026-06-17,CUST-1003,Enterprise,Europe,Netherlands,Software & Cloud,AI Assistant Subscription,229.96,1,0.0,229.96,46.86,183.1,Delivered,3
ORD-22986,2025-02-26,CUST-1004,Corporate,Europe,France,Software & Cloud,Enterprise CRM License,1705.89,3,0.0,5117.67,1472.99,3644.68,Delivered,3
ORD-22987,2025-05-20,CUST-1339,Corporate,Middle East & Africa,Saudi Arabia,Office Furniture,Acoustic Office Pods,2874.43,1,0.1,2586.99,1403.06,1183.93,Delivered,4
ORD-22988,2025-11-27,CUST-1202,Small Business,Europe,Spain,Office Supplies,Breakroom Supplies,89.4,1,0.05,84.93,43.05,41.88,Shipped,5
ORD-22989,2025-04-22,CUST-1093,Small Business,Europe,Netherlands,Office Furniture,Acoustic Office Pods,1809.42,3,0.0,5428.26,2510.05,2918.21,Delivered,3
ORD-22990,2025-02-09,CUST-1243,Corporate,Europe,France,Software & Cloud,DevOps Productivity Tools,1210.59,5,0.05,5750.3,1336.17,4414.13,Delivered,3
ORD-22991,2026-01-10,CUST-1308,Small Business,Middle East & Africa,UAE,Software & Cloud,Cybersecurity Suite,742.26,5,0.1,3340.17,666.07,2674.1,Delivered,4
ORD-22992,2026-04-07,CUST-1387,Corporate,North America,Canada,Office Furniture,LED Desk Lighting,139.74,1,0.05,132.75,79.62,53.13,Delivered,3
ORD-22993,2025-11-04,CUST-1291,Corporate,Europe,Germany,Electronics,Smart Wearables,248.44,3,0.1,670.79,530.53,140.26,Delivered,4
ORD-22994,2026-01-16,CUST-1152,Consumer,Latin America,Colombia,Electronics,Smart Wearables,191.47,1,0.0,191.47,125.73,65.74,Delivered,4
ORD-22995,2025-01-06,CUST-1267,Corporate,North America,USA,Electronics,Smartphones & Tablets,677.67,2,0.15,1152.04,885.96,266.08,Delivered,4
ORD-22996,2026-02-23,CUST-1048,Small Business,Europe,Spain,Office Supplies,Storage & Archiving Units,299.29,1,0.05,284.33,159.37,124.96,Delivered,2
ORD-22997,2026-02-16,CUST-1266,Consumer,Asia Pacific,Singapore,Electronics,Smartphones & Tablets,1180.61,3,0.1,3187.65,1966.22,1221.43,Delivered,3
ORD-22998,2025-08-15,CUST-1045,Small Business,North America,Mexico,Office Furniture,Adjustable Standing Desks,693.56,10,0.05,6588.82,3353.03,3235.79,Delivered,4
ORD-22999,2025-08-15,CUST-1139,Corporate,Europe,France,Software & Cloud,Cybersecurity Suite,1416.34,2,0.0,2832.68,388.51,2444.17,Delivered,1
ORD-23000,2026-06-02,CUST-1082,Corporate,Latin America,Chile,Office Furniture,LED Desk Lighting,67.53,2,0.05,128.31,63.4,64.91,Delivered,5
ORD-23001,2025-07-15,CUST-1114,Corporate,Europe,United Kingdom,Software & Cloud,DevOps Productivity Tools,486.15,4,0.0,1944.6,388.33,1556.27,Delivered,3
ORD-23002,2025-08-06,CUST-1208,Corporate,Asia Pacific,Singapore,Office Furniture,Ergonomic Executive Chairs,897.42,3,0.05,2557.65,1418.05,1139.6,Delivered,4
ORD-23003,2025-11-26,CUST-1029,Enterprise,Latin America,Brazil,Office Supplies,Storage & Archiving Units,151.86,1,0.0,151.86,95.53,56.33,Delivered,5
ORD-23004,2026-04-04,CUST-1229,Small Business,North America,USA,Software & Cloud,Cloud Analytics Suite,2192.57,5,0.1,9866.57,1714.57,8152.0,Delivered,4
ORD-23005,2025-03-26,CUST-1122,Enterprise,North America,Mexico,Office Supplies,Paper & Stationeries Pack,115.26,4,0.0,461.04,234.33,226.71,Delivered,4
ORD-23006,2025-09-03,CUST-1380,Corporate,North America,USA,Software & Cloud,DevOps Productivity Tools,448.34,1,0.15,381.09,90.1,290.99,Delivered,5
ORD-23007,2025-09-23,CUST-1281,Corporate,Europe,France,Office Furniture,LED Desk Lighting,94.7,1,0.15,80.5,38.82,41.68,Delivered,4
ORD-23008,2026-05-19,CUST-1314,Small Business,Europe,Netherlands,Electronics,Smartphones & Tablets,994.24,4,0.0,3976.96,2867.3,1109.66,Delivered,5
ORD-23009,2025-09-28,CUST-1390,Corporate,Europe,Netherlands,Software & Cloud,Cloud Analytics Suite,3220.99,3,0.0,9662.97,2837.62,6825.35,Delivered,2
ORD-23010,2026-03-23,CUST-1099,Corporate,North America,Mexico,Software & Cloud,Enterprise CRM License,2187.13,3,0.05,6233.32,1051.93,5181.39,Delivered,4
ORD-23011,2026-04-29,CUST-1015,Enterprise,North America,Mexico,Software & Cloud,DevOps Productivity Tools,1454.58,5,0.0,7272.9,1409.45,5863.45,Shipped,5
ORD-23012,2025-07-02,CUST-1100,Enterprise,North America,USA,Office Furniture,Ergonomic Executive Chairs,940.28,3,0.0,2820.84,1799.7,1021.14,Delivered,4
ORD-23013,2025-09-12,CUST-1155,Enterprise,Latin America,Colombia,Software & Cloud,Cloud Analytics Suite,3984.47,1,0.0,3984.47,677.3,3307.17,Delivered,4
ORD-23014,2025-12-19,CUST-1314,Small Business,North America,USA,Software & Cloud,Cybersecurity Suite,815.26,3,0.0,2445.78,635.81,1809.97,Delivered,3
ORD-23015,2025-10-31,CUST-1214,Enterprise,Middle East & Africa,UAE,Electronics,Wireless Audio,166.59,4,0.0,666.36,487.95,178.41,Shipped,4
ORD-23016,2026-06-21,CUST-1325,Corporate,Europe,Spain,Office Furniture,Acoustic Office Pods,3085.7,3,0.0,9257.1,4997.93,4259.17,Delivered,2
ORD-23017,2025-06-05,CUST-1390,Enterprise,Asia Pacific,India,Software & Cloud,DevOps Productivity Tools,605.39,1,0.0,605.39,178.65,426.74,Shipped,4
ORD-23018,2026-03-12,CUST-1180,Small Business,North America,Canada,Electronics,Monitors & Displays,676.99,2,0.15,1150.88,732.48,418.4,Delivered,4
ORD-23019,2025-09-03,CUST-1195,Corporate,Asia Pacific,Singapore,Electronics,Wireless Audio,296.91,3,0.0,890.73,650.11,240.62,Delivered,3
ORD-23020,2026-02-02,CUST-1240,Corporate,Asia Pacific,Singapore,Software & Cloud,AI Assistant Subscription,464.09,1,0.0,464.09,85.39,378.7,Delivered,4
ORD-23021,2026-05-09,CUST-1233,Small Business,North America,Mexico,Office Supplies,Storage & Archiving Units,183.94,1,0.05,174.74,92.97,81.77,Processing,2
ORD-23022,2025-01-24,CUST-1384,Corporate,North America,Mexico,Electronics,Smartphones & Tablets,728.47,1,0.05,692.05,466.86,225.19,Processing,3
ORD-23023,2025-10-17,CUST-1277,Corporate,Europe,Spain,Office Furniture,LED Desk Lighting,115.0,2,0.0,230.0,141.96,88.04,Delivered,4
ORD-23024,2025-06-04,CUST-1022,Small Business,Europe,Germany,Electronics,Laptops & Workstations,1522.3,1,0.05,1446.18,1068.23,377.95,Delivered,4
ORD-23025,2025-12-18,CUST-1014,Small Business,Europe,France,Software & Cloud,Cybersecurity Suite,962.36,1,0.0,962.36,189.07,773.29,Delivered,4
ORD-23026,2025-03-15,CUST-1036,Corporate,Latin America,Chile,Office Furniture,Ergonomic Executive Chairs,938.99,1,0.0,938.99,485.64,453.35,Delivered,3
ORD-23027,2025-05-15,CUST-1394,Consumer,Europe,Spain,Software & Cloud,Cybersecurity Suite,736.22,1,0.05,699.41,149.73,549.68,Delivered,3
ORD-23028,2025-05-27,CUST-1369,Small Business,North America,Canada,Software & Cloud,Cloud Analytics Suite,3407.91,3,0.0,10223.73,2048.14,8175.59,Delivered,5
ORD-23029,2026-04-25,CUST-1067,Consumer,North America,Canada,Software & Cloud,AI Assistant Subscription,424.45,15,0.0,6366.75,1879.76,4486.99,Delivered,4
ORD-23030,2026-03-20,CUST-1362,Consumer,North America,Canada,Electronics,Wireless Audio,148.97,5,0.05,707.61,477.82,229.79,Processing,5
ORD-23031,2026-05-02,CUST-1071,Small Business,Europe,Spain,Office Furniture,Conference Tables,2089.19,1,0.05,1984.73,1219.78,764.95,Delivered,4
ORD-23032,2026-05-30,CUST-1312,Corporate,North America,Mexico,Electronics,Laptops & Workstations,1860.9,2,0.0,3721.8,2853.54,868.26,Shipped,4
ORD-23033,2026-06-20,CUST-1375,Corporate,Asia Pacific,South Korea,Electronics,Smart Wearables,231.53,1,0.05,219.95,172.0,47.95,Delivered,4
ORD-23034,2026-05-29,CUST-1385,Corporate,North America,USA,Electronics,Smart Wearables,346.57,3,0.2,831.77,587.56,244.21,Delivered,3
ORD-23035,2025-03-11,CUST-1306,Enterprise,North America,USA,Software & Cloud,Cybersecurity Suite,1027.28,3,0.0,3081.84,756.23,2325.61,Delivered,5
ORD-23036,2026-06-24,CUST-1293,Enterprise,North America,Canada,Electronics,Monitors & Displays,579.38,2,0.1,1042.88,793.22,249.66,Cancelled,1
ORD-23037,2025-10-05,CUST-1188,Corporate,North America,USA,Electronics,Monitors & Displays,438.81,2,0.05,833.74,574.03,259.71,Shipped,4
ORD-23038,2026-03-18,CUST-1269,Enterprise,North America,Canada,Software & Cloud,Enterprise CRM License,1671.93,1,0.05,1588.33,324.1,1264.23,Delivered,4
ORD-23039,2026-02-27,CUST-1305,Enterprise,Asia Pacific,Japan,Office Furniture,Acoustic Office Pods,4515.97,4,0.0,18063.88,11035.35,7028.53,Delivered,4
ORD-23040,2025-11-11,CUST-1051,Enterprise,Europe,Netherlands,Office Supplies,Breakroom Supplies,138.46,2,0.05,263.07,151.12,111.95,Delivered,4
ORD-23041,2025-10-21,CUST-1368,Corporate,Middle East & Africa,Saudi Arabia,Electronics,Laptops & Workstations,1440.94,2,0.15,2449.6,1520.86,928.74,Delivered,5
ORD-23042,2025-07-24,CUST-1128,Small Business,Europe,United Kingdom,Office Supplies,Storage & Archiving Units,87.48,2,0.0,174.96,106.79,68.17,Delivered,4
ORD-23043,2025-08-04,CUST-1214,Corporate,North America,Canada,Software & Cloud,Enterprise CRM License,2275.94,4,0.0,9103.76,1598.61,7505.15,Delivered,3
ORD-23044,2026-05-28,CUST-1134,Small Business,Europe,Spain,Electronics,Wireless Audio,297.87,2,0.05,565.95,421.23,144.72,Delivered,4
ORD-23045,2025-01-06,CUST-1350,Corporate,Middle East & Africa,UAE,Electronics,Smartphones & Tablets,833.1,3,0.0,2499.3,1833.05,666.25,Delivered,5
ORD-23046,2026-03-31,CUST-1038,Small Business,North America,USA,Office Supplies,High-Volume Printers,405.58,1,0.05,385.3,251.91,133.39,Delivered,3
ORD-23047,2025-10-22,CUST-1241,Enterprise,North America,Canada,Electronics,Smart Wearables,446.11,2,0.0,892.22,546.81,345.41,Delivered,4
ORD-23048,2025-04-19,CUST-1189,Small Business,Europe,Spain,Office Furniture,Acoustic Office Pods,1859.46,1,0.05,1766.49,1000.37,766.12,Delivered,3
ORD-23049,2026-02-19,CUST-1228,Consumer,North America,USA,Electronics,Smart Wearables,171.93,1,0.05,163.33,112.82,50.51,Delivered,3
ORD-23050,2025-02-07,CUST-1285,Corporate,Asia Pacific,Singapore,Software & Cloud,DevOps Productivity Tools,553.5,1,0.0,553.5,107.68,445.82,Shipped,4
ORD-23051,2025-11-01,CUST-1358,Consumer,North America,Canada,Electronics,Laptops & Workstations,1218.36,1,0.0,1218.36,849.83,368.53,Delivered,2
ORD-23052,2025-08-06,CUST-1183,Enterprise,Europe,Germany,Office Supplies,Breakroom Supplies,112.52,2,0.0,225.04,124.22,100.82,Processing,4
ORD-23053,2026-03-11,CUST-1151,Corporate,North America,USA,Electronics,Smartphones & Tablets,942.59,2,0.1,1696.66,1039.8,656.86,Shipped,3
ORD-23054,2025-07-18,CUST-1390,Corporate,North America,USA,Office Furniture,Adjustable Standing Desks,817.07,1,0.0,817.07,382.07,435.0,Delivered,3
ORD-23055,2026-07-18,CUST-1286,Enterprise,North America,USA,Software & Cloud,Enterprise CRM License,1152.0,1,0.0,1152.0,326.91,825.09,Delivered,2
ORD-23056,2025-04-28,CUST-1254,Corporate,Asia Pacific,Singapore,Electronics,Smartphones & Tablets,694.08,1,0.0,694.08,496.8,197.28,Delivered,4
ORD-23057,2026-03-08,CUST-1354,Corporate,Europe,France,Office Supplies,Presentation Equipment,181.68,3,0.0,545.04,280.47,264.57,Shipped,4
ORD-23058,2025-01-30,CUST-1290,Corporate,Asia Pacific,Japan,Software & Cloud,DevOps Productivity Tools,358.09,1,0.15,304.38,58.63,245.75,Delivered,3
ORD-23059,2026-03-12,CUST-1265,Consumer,Europe,Netherlands,Office Furniture,Adjustable Standing Desks,562.61,2,0.0,1125.22,540.8,584.42,Delivered,4
ORD-23060,2025-02-11,CUST-1231,Small Business,Asia Pacific,Japan,Office Furniture,LED Desk Lighting,160.08,1,0.0,160.08,83.81,76.27,Shipped,4
ORD-23061,2025-10-19,CUST-1329,Small Business,North America,Canada,Electronics,Smartphones & Tablets,779.43,1,0.0,779.43,590.23,189.2,Delivered,4
ORD-23062,2026-01-25,CUST-1108,Corporate,North America,USA,Software & Cloud,Enterprise CRM License,1062.8,1,0.05,1009.66,260.41,749.25,Delivered,4
ORD-23063,2026-02-18,CUST-1217,Corporate,Asia Pacific,Japan,Electronics,Wireless Audio,187.05,1,0.05,177.7,116.29,61.41,Shipped,3
ORD-23064,2025-12-22,CUST-1113,Corporate,North America,Canada,Electronics,Monitors & Displays,454.1,1,0.15,385.99,295.1,90.89,Delivered,5
ORD-23065,2025-08-10,CUST-1030,Small Business,Middle East & Africa,Saudi Arabia,Office Supplies,Paper & Stationeries Pack,82.34,1,0.0,82.34,47.92,34.42,Delivered,4
ORD-23066,2025-08-08,CUST-1281,Enterprise,Asia Pacific,Singapore,Software & Cloud,Enterprise CRM License,2793.74,2,0.0,5587.48,1116.09,4471.39,Delivered,4
ORD-23067,2025-02-05,CUST-1343,Enterprise,Asia Pacific,Japan,Electronics,Wireless Audio,112.79,1,0.0,112.79,72.79,40.0,Delivered,4
ORD-23068,2025-06-07,CUST-1320,Corporate,North America,USA,Software & Cloud,Cloud Analytics Suite,2656.07,3,0.0,7968.21,1154.83,6813.38,Delivered,3
ORD-23069,2025-11-16,CUST-1105,Small Business,Asia Pacific,India,Electronics,Wireless Audio,309.15,1,0.0,309.15,209.81,99.34,Delivered,3
ORD-23070,2026-04-14,CUST-1146,Small Business,Europe,Spain,Electronics,Smart Wearables,329.27,5,0.05,1564.03,1240.98,323.05,Delivered,3
ORD-23071,2026-06-14,CUST-1143,Enterprise,Europe,Spain,Office Furniture,LED Desk Lighting,108.09,3,0.0,324.27,162.17,162.1,Shipped,4
ORD-23072,2025-01-14,CUST-1206,Corporate,North America,USA,Electronics,Laptops & Workstations,1749.43,2,0.0,3498.86,2370.83,1128.03,Delivered,4
ORD-23073,2026-04-02,CUST-1048,Enterprise,Middle East & Africa,UAE,Software & Cloud,Enterprise CRM License,630.47,2,0.0,1260.94,296.33,964.61,Processing,3
ORD-23074,2025-07-22,CUST-1103,Corporate,Europe,France,Software & Cloud,AI Assistant Subscription,235.56,1,0.2,188.45,23.96,164.49,Delivered,3
ORD-23075,2025-06-22,CUST-1373,Small Business,Europe,Netherlands,Electronics,Laptops & Workstations,1437.3,15,0.15,18325.58,14285.13,4040.45,Delivered,3
ORD-23076,2025-08-17,CUST-1304,Small Business,Europe,France,Office Furniture,Ergonomic Executive Chairs,473.0,1,0.0,473.0,224.15,248.85,Delivered,3
ORD-23077,2025-01-31,CUST-1205,Small Business,North America,USA,Office Furniture,LED Desk Lighting,169.89,2,0.1,305.8,164.11,141.69,Delivered,5
ORD-23078,2026-01-06,CUST-1232,Corporate,North America,Canada,Software & Cloud,AI Assistant Subscription,714.64,10,0.0,7146.4,1215.16,5931.24,Delivered,3
ORD-23079,2025-12-12,CUST-1038,Enterprise,North America,Canada,Electronics,Laptops & Workstations,2011.97,1,0.0,2011.97,1565.49,446.48,Processing,5
ORD-23080,2025-06-29,CUST-1099,Enterprise,Europe,Germany,Software & Cloud,Cybersecurity Suite,1922.17,2,0.0,3844.34,749.04,3095.3,Delivered,3
ORD-23081,2025-05-12,CUST-1101,Corporate,Asia Pacific,India,Software & Cloud,Cybersecurity Suite,1449.64,3,0.1,3914.03,1107.64,2806.39,Delivered,4
ORD-23082,2026-04-25,CUST-1389,Enterprise,Asia Pacific,Singapore,Office Supplies,Presentation Equipment,283.06,2,0.05,537.81,360.72,177.09,Delivered,4
ORD-23083,2026-05-11,CUST-1172,Consumer,Europe,Germany,Office Furniture,Adjustable Standing Desks,1347.4,3,0.2,3233.76,1842.78,1390.98,Processing,4
ORD-23084,2026-02-10,CUST-1242,Consumer,Asia Pacific,Singapore,Software & Cloud,Cybersecurity Suite,1500.6,4,0.0,6002.4,1004.49,4997.91,Delivered,4
ORD-23085,2025-09-15,CUST-1394,Corporate,North America,Canada,Office Furniture,Conference Tables,938.54,2,0.1,1689.37,1070.13,619.24,Delivered,4
ORD-23086,2025-06-28,CUST-1126,Enterprise,Europe,Netherlands,Software & Cloud,AI Assistant Subscription,225.75,3,0.0,677.25,181.39,495.86,Cancelled,2
ORD-23087,2026-01-04,CUST-1360,Corporate,Europe,Spain,Software & Cloud,Cybersecurity Suite,725.23,3,0.05,2066.91,539.64,1527.27,Delivered,5
ORD-23088,2025-01-27,CUST-1219,Small Business,North America,Mexico,Electronics,Wireless Audio,158.92,4,0.05,603.9,437.21,166.69,Delivered,3
ORD-23089,2026-03-29,CUST-1041,Corporate,Asia Pacific,India,Software & Cloud,Cybersecurity Suite,2176.7,5,0.15,9250.98,1494.02,7756.96,Delivered,4
ORD-23090,2025-11-29,CUST-1375,Corporate,North America,USA,Electronics,Monitors & Displays,718.74,1,0.1,646.87,490.1,156.77,Delivered,5
ORD-23091,2025-01-06,CUST-1230,Small Business,Latin America,Colombia,Office Supplies,High-Volume Printers,610.93,2,0.05,1160.77,649.71,511.06,Delivered,4
ORD-23092,2025-07-01,CUST-1246,Enterprise,Asia Pacific,South Korea,Electronics,Smart Wearables,302.27,1,0.1,272.04,200.04,72.0,Delivered,5
ORD-23093,2025-09-05,CUST-1349,Small Business,North America,Mexico,Electronics,Wireless Audio,105.47,2,0.0,210.94,127.49,83.45,Delivered,4
ORD-23094,2025-09-27,CUST-1302,Enterprise,North America,USA,Office Furniture,Ergonomic Executive Chairs,766.36,1,0.0,766.36,444.81,321.55,Shipped,2
ORD-23095,2025-01-02,CUST-1383,Corporate,Latin America,Colombia,Office Supplies,High-Volume Printers,1085.89,1,0.0,1085.89,676.6,409.29,Delivered,4
ORD-23096,2025-12-11,CUST-1061,Corporate,Latin America,Chile,Software & Cloud,AI Assistant Subscription,842.89,2,0.0,1685.78,404.66,1281.12,Delivered,4
ORD-23097,2025-02-13,CUST-1279,Enterprise,North America,USA,Electronics,Smart Wearables,415.02,2,0.2,664.03,507.57,156.46,Delivered,4
ORD-23098,2026-03-10,CUST-1064,Enterprise,North America,Canada,Office Supplies,Storage & Archiving Units,244.32,1,0.0,244.32,168.33,75.99,Processing,3
ORD-23099,2025-08-28,CUST-1324,Consumer,Europe,Netherlands,Office Supplies,High-Volume Printers,492.48,1,0.05,467.86,282.85,185.01,Delivered,4
ORD-23100,2025-03-20,CUST-1052,Small Business,Asia Pacific,Singapore,Software & Cloud,Cybersecurity Suite,2083.22,3,0.05,5937.18,1471.09,4466.09,Delivered,5
ORD-23101,2025-02-16,CUST-1391,Consumer,Europe,France,Electronics,Laptops & Workstations,2198.37,1,0.1,1978.53,1202.99,775.54,Delivered,4
ORD-23102,2026-04-19,CUST-1185,Small Business,Europe,Spain,Office Supplies,High-Volume Printers,636.78,2,0.0,1273.56,825.3,448.26,Delivered,3
ORD-23103,2025-01-27,CUST-1135,Enterprise,North America,Mexico,Software & Cloud,AI Assistant Subscription,755.45,2,0.05,1435.36,368.33,1067.03,Delivered,2
ORD-23104,2025-02-22,CUST-1203,Small Business,Europe,Spain,Electronics,Smart Wearables,226.0,1,0.0,226.0,136.33,89.67,Delivered,4
ORD-23105,2025-09-02,CUST-1341,Small Business,North America,Canada,Electronics,Smart Wearables,216.59,2,0.0,433.18,262.92,170.26,Delivered,5
ORD-23106,2026-04-29,CUST-1055,Corporate,Europe,Spain,Software & Cloud,Cloud Analytics Suite,2849.97,2,0.1,5129.95,711.77,4418.18,Delivered,4
ORD-23107,2025-04-05,CUST-1011,Small Business,North America,Mexico,Software & Cloud,Cloud Analytics Suite,1728.77,1,0.1,1555.89,301.8,1254.09,Delivered,4
ORD-23108,2025-03-13,CUST-1337,Small Business,Europe,Spain,Office Supplies,Paper & Stationeries Pack,60.14,5,0.1,270.63,177.57,93.06,Delivered,4
ORD-23109,2025-03-25,CUST-1230,Corporate,North America,USA,Electronics,Wireless Audio,249.12,1,0.0,249.12,189.36,59.76,Delivered,3
ORD-23110,2025-09-21,CUST-1135,Corporate,Asia Pacific,India,Software & Cloud,Cybersecurity Suite,443.32,2,0.0,886.64,202.52,684.12,Delivered,5
ORD-23111,2025-11-06,CUST-1288,Enterprise,Europe,Spain,Electronics,Laptops & Workstations,2264.38,2,0.0,4528.76,2875.28,1653.48,Delivered,3
ORD-23112,2025-12-13,CUST-1100,Small Business,North America,Canada,Electronics,Smart Wearables,404.5,3,0.15,1031.47,806.42,225.05,Delivered,5
ORD-23113,2026-05-23,CUST-1343,Corporate,North America,Mexico,Electronics,Wireless Audio,293.69,2,0.0,587.38,385.81,201.57,Delivered,1
ORD-23114,2025-08-31,CUST-1079,Corporate,North America,USA,Electronics,Laptops & Workstations,1278.64,5,0.0,6393.2,3928.78,2464.42,Delivered,4
ORD-23115,2025-01-17,CUST-1054,Corporate,Europe,United Kingdom,Office Supplies,Breakroom Supplies,114.22,3,0.0,342.66,180.19,162.47,Delivered,3
ORD-23116,2026-01-04,CUST-1227,Corporate,Asia Pacific,Australia,Electronics,Smartphones & Tablets,659.84,10,0.0,6598.4,5061.96,1536.44,Delivered,4
ORD-23117,2025-07-30,CUST-1110,Corporate,Europe,United Kingdom,Software & Cloud,Enterprise CRM License,2251.07,8,0.1,16207.7,4516.25,11691.45,Delivered,4
ORD-23118,2025-06-16,CUST-1139,Enterprise,North America,Mexico,Electronics,Smartphones & Tablets,1183.57,1,0.05,1124.39,712.9,411.49,Delivered,4
ORD-23119,2025-08-12,CUST-1156,Small Business,Europe,Netherlands,Software & Cloud,DevOps Productivity Tools,637.37,2,0.0,1274.74,358.51,916.23,Delivered,2
ORD-23120,2025-02-09,CUST-1006,Corporate,Latin America,Brazil,Software & Cloud,Cybersecurity Suite,445.58,4,0.05,1693.2,347.57,1345.63,Delivered,4
ORD-23121,2025-12-15,CUST-1316,Corporate,North America,Canada,Software & Cloud,Cybersecurity Suite,1918.34,1,0.05,1822.42,323.68,1498.74,Shipped,2
ORD-23122,2026-03-31,CUST-1320,Corporate,Europe,Netherlands,Office Furniture,Ergonomic Executive Chairs,946.63,1,0.05,899.3,553.9,345.4,Delivered,4
ORD-23123,2025-05-17,CUST-1346,Corporate,Latin America,Colombia,Software & Cloud,AI Assistant Subscription,231.98,3,0.0,695.94,189.53,506.41,Delivered,4
ORD-23124,2026-03-19,CUST-1056,Corporate,North America,USA,Office Supplies,High-Volume Printers,892.14,1,0.05,847.53,545.01,302.52,Delivered,5
ORD-23125,2025-11-27,CUST-1398,Consumer,Asia Pacific,Singapore,Electronics,Smartphones & Tablets,1092.53,8,0.0,8740.24,6704.45,2035.79,Cancelled,1
ORD-23126,2025-07-27,CUST-1177,Corporate,Europe,Germany,Office Furniture,Conference Tables,1249.56,3,0.05,3561.25,2309.49,1251.76,Delivered,3
ORD-23127,2025-02-14,CUST-1380,Consumer,Europe,Netherlands,Office Furniture,Ergonomic Executive Chairs,703.63,1,0.05,668.45,314.49,353.96,Delivered,5
ORD-23128,2025-05-20,CUST-1042,Small Business,North America,Mexico,Electronics,Laptops & Workstations,1759.45,2,0.1,3167.01,2074.63,1092.38,Delivered,4
ORD-23129,2025-10-23,CUST-1146,Consumer,North America,USA,Software & Cloud,Cybersecurity Suite,1035.51,3,0.1,2795.88,347.01,2448.87,Delivered,4
ORD-23130,2025-12-18,CUST-1047,Corporate,Europe,United Kingdom,Office Furniture,Conference Tables,1723.23,1,0.0,1723.23,1072.7,650.53,Processing,4
ORD-23131,2025-06-22,CUST-1128,Small Business,Europe,United Kingdom,Electronics,Laptops & Workstations,1663.1,5,0.0,8315.5,5733.89,2581.61,Shipped,3
ORD-23132,2026-05-01,CUST-1154,Corporate,Asia Pacific,India,Electronics,Smart Wearables,398.77,10,0.05,3788.31,2970.16,818.15,Delivered,4
ORD-23133,2025-08-15,CUST-1344,Corporate,North America,Canada,Office Supplies,Presentation Equipment,413.77,4,0.0,1655.08,1152.62,502.46,Shipped,5
ORD-23134,2025-01-21,CUST-1164,Consumer,North America,Canada,Software & Cloud,Enterprise CRM License,1747.03,4,0.05,6638.71,1960.85,4677.86,Delivered,5
ORD-23135,2025-10-11,CUST-1157,Corporate,Latin America,Chile,Electronics,Laptops & Workstations,1899.02,8,0.0,15192.16,9381.33,5810.83,Delivered,4
ORD-23136,2026-01-07,CUST-1159,Consumer,Asia Pacific,Japan,Electronics,Laptops & Workstations,1327.35,4,0.05,5043.93,4030.49,1013.44,Delivered,3
ORD-23137,2025-06-10,CUST-1126,Enterprise,Europe,Netherlands,Electronics,Smartphones & Tablets,952.21,3,0.0,2856.63,2005.13,851.5,Delivered,4
ORD-23138,2025-05-10,CUST-1273,Corporate,Europe,Germany,Software & Cloud,DevOps Productivity Tools,1245.7,2,0.05,2366.83,424.12,1942.71,Shipped,4
ORD-23139,2025-01-24,CUST-1084,Corporate,North America,USA,Office Furniture,Conference Tables,1569.91,1,0.0,1569.91,892.99,676.92,Delivered,5
ORD-23140,2025-10-18,CUST-1120,Enterprise,Europe,Spain,Software & Cloud,AI Assistant Subscription,345.01,2,0.0,690.02,201.13,488.89,Delivered,5
ORD-23141,2026-04-28,CUST-1019,Corporate,Middle East & Africa,Saudi Arabia,Office Supplies,Paper & Stationeries Pack,99.53,1,0.1,89.58,47.8,41.78,Delivered,5
ORD-23142,2026-06-03,CUST-1277,Enterprise,North America,Mexico,Software & Cloud,Enterprise CRM License,2614.95,1,0.0,2614.95,331.21,2283.74,Shipped,3
ORD-23143,2026-05-26,CUST-1030,Corporate,Europe,United Kingdom,Office Furniture,Ergonomic Executive Chairs,938.65,2,0.0,1877.3,871.89,1005.41,Delivered,5
ORD-23144,2026-02-24,CUST-1122,Corporate,Europe,France,Software & Cloud,AI Assistant Subscription,342.96,4,0.05,1303.25,286.25,1017.0,Shipped,4
ORD-23145,2025-03-10,CUST-1272,Small Business,North America,Mexico,Office Supplies,Paper & Stationeries Pack,74.57,4,0.05,283.37,162.38,120.99,Delivered,4
ORD-23146,2026-07-10,CUST-1290,Corporate,North America,USA,Office Furniture,Conference Tables,939.94,1,0.05,892.94,513.41,379.53,Delivered,5
ORD-23147,2025-05-26,CUST-1272,Enterprise,Asia Pacific,Japan,Office Furniture,Acoustic Office Pods,2584.88,1,0.05,2455.64,1263.3,1192.34,Delivered,5
ORD-23148,2026-05-29,CUST-1133,Enterprise,North America,Canada,Office Furniture,Ergonomic Executive Chairs,684.8,10,0.0,6848.0,4441.4,2406.6,Delivered,5
ORD-23149,2026-05-10,CUST-1379,Enterprise,Latin America,Brazil,Software & Cloud,Enterprise CRM License,1151.82,3,0.05,3282.69,937.42,2345.27,Delivered,5
ORD-23150,2025-09-20,CUST-1320,Corporate,North America,Mexico,Software & Cloud,Enterprise CRM License,2129.29,3,0.0,6387.87,1147.94,5239.93,Delivered,3
ORD-23151,2026-06-10,CUST-1148,Enterprise,Asia Pacific,South Korea,Electronics,Laptops & Workstations,1924.54,5,0.0,9622.7,7248.03,2374.67,Delivered,4
ORD-23152,2025-01-26,CUST-1269,Consumer,Latin America,Colombia,Electronics,Smart Wearables,422.33,1,0.05,401.21,317.73,83.48,Shipped,1
ORD-23153,2025-06-24,CUST-1062,Small Business,Asia Pacific,Japan,Office Supplies,Paper & Stationeries Pack,49.98,1,0.05,47.48,27.21,20.27,Delivered,4
ORD-23154,2025-09-15,CUST-1120,Corporate,Asia Pacific,India,Office Furniture,Conference Tables,2741.61,1,0.1,2467.45,1145.95,1321.5,Delivered,3
ORD-23155,2025-05-15,CUST-1074,Small Business,Asia Pacific,South Korea,Software & Cloud,DevOps Productivity Tools,1055.06,2,0.15,1793.6,418.88,1374.72,Delivered,3
ORD-23156,2026-01-11,CUST-1095,Enterprise,Asia Pacific,India,Software & Cloud,Cloud Analytics Suite,2462.59,2,0.0,4925.18,781.56,4143.62,Delivered,3
ORD-23157,2026-07-19,CUST-1151,Enterprise,Europe,United Kingdom,Electronics,Smartphones & Tablets,1286.05,3,0.0,3858.15,2363.18,1494.97,Delivered,2
ORD-23158,2026-03-08,CUST-1114,Corporate,North America,Canada,Office Furniture,Ergonomic Executive Chairs,690.95,5,0.0,3454.75,2158.65,1296.1,Shipped,2
ORD-23159,2025-06-03,CUST-1312,Corporate,Europe,United Kingdom,Office Furniture,Conference Tables,1033.21,5,0.1,4649.45,2298.96,2350.49,Delivered,3
ORD-23160,2026-01-01,CUST-1063,Corporate,Europe,Netherlands,Software & Cloud,Cloud Analytics Suite,3103.92,1,0.0,3103.92,678.61,2425.31,Delivered,5
ORD-23161,2025-11-11,CUST-1335,Corporate,Middle East & Africa,Saudi Arabia,Electronics,Smart Wearables,412.39,1,0.15,350.53,266.11,84.42,Delivered,4
ORD-23162,2026-04-07,CUST-1037,Small Business,Europe,Spain,Office Supplies,Breakroom Supplies,79.16,1,0.0,79.16,45.47,33.69,Delivered,4
ORD-23163,2025-05-21,CUST-1095,Small Business,North America,Canada,Office Supplies,Breakroom Supplies,106.6,4,0.1,383.76,209.12,174.64,Delivered,4
ORD-23164,2026-01-30,CUST-1009,Small Business,Latin America,Colombia,Office Furniture,Ergonomic Executive Chairs,642.38,2,0.0,1284.76,592.82,691.94,Delivered,5
ORD-23165,2025-04-29,CUST-1056,Consumer,Europe,Netherlands,Office Supplies,Presentation Equipment,561.53,3,0.05,1600.36,890.43,709.93,Delivered,4
ORD-23166,2025-08-27,CUST-1193,Enterprise,Asia Pacific,Japan,Electronics,Monitors & Displays,680.86,2,0.0,1361.72,853.46,508.26,Delivered,1
ORD-23167,2026-03-21,CUST-1212,Corporate,Europe,Netherlands,Software & Cloud,AI Assistant Subscription,675.68,4,0.1,2432.45,559.35,1873.1,Processing,4
ORD-23168,2026-07-19,CUST-1166,Enterprise,North America,Mexico,Office Furniture,Conference Tables,803.33,1,0.0,803.33,470.29,333.04,Delivered,4
ORD-23169,2026-05-17,CUST-1180,Small Business,Europe,Netherlands,Software & Cloud,AI Assistant Subscription,877.75,1,0.05,833.86,188.16,645.7,Shipped,4
ORD-23170,2025-05-04,CUST-1247,Corporate,Europe,Spain,Electronics,Monitors & Displays,772.25,8,0.0,6178.0,4863.32,1314.68,Shipped,1
ORD-23171,2025-08-18,CUST-1320,Corporate,Europe,United Kingdom,Office Supplies,Presentation Equipment,198.94,1,0.05,188.99,101.98,87.01,Delivered,3
ORD-23172,2025-02-03,CUST-1186,Enterprise,North America,Canada,Electronics,Smart Wearables,278.74,3,0.0,836.22,589.18,247.04,Processing,4
ORD-23173,2025-04-30,CUST-1115,Small Business,Europe,Spain,Electronics,Monitors & Displays,383.96,1,0.0,383.96,254.15,129.81,Delivered,5
ORD-23174,2025-12-14,CUST-1294,Corporate,North America,USA,Software & Cloud,Cybersecurity Suite,1402.19,2,0.05,2664.16,551.15,2113.01,Delivered,5
ORD-23175,2025-05-31,CUST-1237,Enterprise,Middle East & Africa,Saudi Arabia,Office Furniture,Acoustic Office Pods,3917.46,1,0.0,3917.46,2509.57,1407.89,Delivered,5
ORD-23176,2026-02-22,CUST-1005,Corporate,Asia Pacific,Singapore,Office Supplies,Presentation Equipment,541.53,3,0.0,1624.59,982.06,642.53,Delivered,1
ORD-23177,2026-01-30,CUST-1117,Small Business,Europe,Germany,Office Supplies,Storage & Archiving Units,267.9,4,0.05,1018.02,591.25,426.77,Delivered,3
ORD-23178,2025-07-30,CUST-1369,Small Business,North America,USA,Electronics,Smartphones & Tablets,1289.1,4,0.05,4898.58,3765.38,1133.2,Delivered,4
ORD-23179,2025-08-27,CUST-1256,Consumer,North America,USA,Software & Cloud,AI Assistant Subscription,852.73,1,0.0,852.73,180.93,671.8,Delivered,5
ORD-23180,2025-10-21,CUST-1385,Corporate,North America,Mexico,Electronics,Smart Wearables,374.12,1,0.0,374.12,257.66,116.46,Delivered,4
ORD-23181,2026-06-08,CUST-1394,Corporate,North America,USA,Office Supplies,Paper & Stationeries Pack,33.65,1,0.1,30.29,21.18,9.11,Delivered,3
ORD-23182,2025-01-14,CUST-1274,Corporate,Asia Pacific,Australia,Office Supplies,Paper & Stationeries Pack,60.73,2,0.1,109.31,67.44,41.87,Delivered,4
ORD-23183,2025-10-14,CUST-1161,Small Business,Middle East & Africa,Saudi Arabia,Electronics,Laptops & Workstations,2160.7,3,0.0,6482.1,4180.0,2302.1,Delivered,5
ORD-23184,2026-01-15,CUST-1266,Small Business,Europe,Spain,Electronics,Wireless Audio,266.86,1,0.0,266.86,210.47,56.39,Delivered,3
ORD-23185,2026-06-08,CUST-1040,Small Business,North America,USA,Office Furniture,LED Desk Lighting,173.61,1,0.05,164.93,96.56,68.37,Delivered,5
ORD-23186,2026-01-11,CUST-1361,Corporate,Europe,Netherlands,Electronics,Smartphones & Tablets,841.44,1,0.05,799.37,609.04,190.33,Delivered,4
ORD-23187,2026-03-14,CUST-1049,Corporate,Europe,United Kingdom,Electronics,Laptops & Workstations,1593.77,2,0.1,2868.79,1766.49,1102.3,Delivered,4
ORD-23188,2025-07-30,CUST-1231,Corporate,Europe,Netherlands,Office Supplies,Presentation Equipment,330.68,3,0.2,793.63,513.11,280.52,Delivered,1
ORD-23189,2026-04-27,CUST-1140,Small Business,North America,Mexico,Office Furniture,Ergonomic Executive Chairs,812.57,1,0.1,731.31,369.07,362.24,Cancelled,1
ORD-23190,2026-07-13,CUST-1057,Enterprise,Latin America,Brazil,Software & Cloud,Cloud Analytics Suite,3422.86,4,0.1,12322.3,2439.58,9882.72,Delivered,3
ORD-23191,2025-08-31,CUST-1081,Enterprise,North America,Mexico,Electronics,Smartphones & Tablets,931.96,3,0.0,2795.88,2162.94,632.94,Delivered,4
ORD-23192,2026-01-05,CUST-1352,Enterprise,Europe,Netherlands,Software & Cloud,DevOps Productivity Tools,465.79,1,0.0,465.79,75.0,390.79,Delivered,4
ORD-23193,2026-01-05,CUST-1307,Corporate,Europe,Spain,Software & Cloud,DevOps Productivity Tools,1306.88,1,0.0,1306.88,288.79,1018.09,Delivered,3
ORD-23194,2025-04-17,CUST-1050,Small Business,Asia Pacific,India,Electronics,Smartphones & Tablets,1237.07,1,0.05,1175.22,721.46,453.76,Delivered,5
ORD-23195,2025-07-30,CUST-1347,Corporate,Europe,Netherlands,Electronics,Wireless Audio,145.91,2,0.0,291.82,182.78,109.04,Delivered,5
ORD-23196,2025-05-25,CUST-1157,Enterprise,Latin America,Colombia,Software & Cloud,DevOps Productivity Tools,1283.29,2,0.05,2438.25,339.28,2098.97,Delivered,3
ORD-23197,2025-08-29,CUST-1206,Small Business,Europe,Netherlands,Software & Cloud,AI Assistant Subscription,823.0,3,0.1,2222.1,313.03,1909.07,Delivered,4
ORD-23198,2025-06-26,CUST-1207,Corporate,Asia Pacific,Australia,Office Supplies,Storage & Archiving Units,293.02,1,0.0,293.02,174.01,119.01,Delivered,5
ORD-23199,2026-01-24,CUST-1213,Corporate,Europe,France,Software & Cloud,DevOps Productivity Tools,1074.4,1,0.1,966.96,274.85,692.11,Delivered,1
ORD-23200,2025-08-01,CUST-1321,Corporate,North America,USA,Office Furniture,Ergonomic Executive Chairs,443.01,1,0.0,443.01,276.8,166.21,Delivered,4
ORD-23201,2025-01-19,CUST-1197,Corporate,North America,Mexico,Electronics,Laptops & Workstations,1868.97,1,0.0,1868.97,1160.61,708.36,Shipped,4
ORD-23202,2025-12-16,CUST-1204,Small Business,North America,USA,Office Furniture,Conference Tables,1346.68,2,0.0,2693.36,1708.83,984.53,Delivered,5
ORD-23203,2025-04-23,CUST-1118,Enterprise,Asia Pacific,Japan,Office Supplies,Breakroom Supplies,83.84,1,0.1,75.46,39.72,35.74,Shipped,4
ORD-23204,2025-11-29,CUST-1209,Corporate,Asia Pacific,Australia,Electronics,Monitors & Displays,467.64,4,0.0,1870.56,1352.88,517.68,Delivered,4
ORD-23205,2026-02-27,CUST-1132,Consumer,North America,USA,Software & Cloud,Cybersecurity Suite,597.76,10,0.05,5678.72,1161.53,4517.19,Processing,4
ORD-23206,2026-01-31,CUST-1234,Small Business,North America,Mexico,Office Furniture,Acoustic Office Pods,1509.06,2,0.05,2867.21,1343.46,1523.75,Delivered,4
ORD-23207,2025-12-31,CUST-1181,Corporate,North America,Mexico,Software & Cloud,Cloud Analytics Suite,2642.51,1,0.05,2510.38,304.9,2205.48,Delivered,4
ORD-23208,2026-05-06,CUST-1290,Corporate,North America,Canada,Software & Cloud,DevOps Productivity Tools,1178.49,3,0.1,3181.92,456.97,2724.95,Delivered,5
ORD-23209,2026-01-26,CUST-1084,Small Business,Europe,Spain,Software & Cloud,Enterprise CRM License,2924.5,3,0.2,7018.8,1166.39,5852.41,Delivered,3
ORD-23210,2025-05-06,CUST-1305,Small Business,North America,Mexico,Electronics,Monitors & Displays,636.67,2,0.05,1209.67,873.42,336.25,Delivered,4
ORD-23211,2025-03-24,CUST-1315,Corporate,North America,USA,Electronics,Laptops & Workstations,1631.73,5,0.15,6934.85,4781.64,2153.21,Delivered,4
ORD-23212,2025-02-17,CUST-1026,Small Business,Asia Pacific,India,Office Furniture,Adjustable Standing Desks,536.71,3,0.1,1449.12,938.22,510.9,Delivered,4
ORD-23213,2025-08-07,CUST-1350,Small Business,Europe,United Kingdom,Office Supplies,Paper & Stationeries Pack,84.94,10,0.1,764.46,402.16,362.3,Delivered,4
ORD-23214,2025-02-17,CUST-1106,Consumer,North America,USA,Office Supplies,Breakroom Supplies,153.73,5,0.0,768.65,495.63,273.02,Delivered,4
ORD-23215,2025-04-08,CUST-1081,Corporate,North America,Mexico,Electronics,Smartphones & Tablets,684.54,5,0.1,3080.43,2156.02,924.41,Delivered,3
ORD-23216,2025-02-18,CUST-1008,Enterprise,North America,Canada,Electronics,Laptops & Workstations,1352.56,1,0.05,1284.93,989.39,295.54,Delivered,3
ORD-23217,2025-11-02,CUST-1302,Corporate,Asia Pacific,Singapore,Electronics,Laptops & Workstations,2214.15,1,0.05,2103.44,1530.18,573.26,Shipped,3
ORD-23218,2025-01-02,CUST-1005,Corporate,North America,Canada,Office Furniture,Acoustic Office Pods,2141.38,1,0.0,2141.38,1032.7,1108.68,Delivered,4
ORD-23219,2026-06-12,CUST-1284,Small Business,Europe,Spain,Software & Cloud,AI Assistant Subscription,844.25,3,0.1,2279.47,440.74,1838.73,Delivered,3
ORD-23220,2025-11-02,CUST-1110,Enterprise,North America,Mexico,Electronics,Monitors & Displays,731.16,8,0.05,5556.82,3451.12,2105.7,Delivered,5
ORD-23221,2026-01-20,CUST-1139,Small Business,Europe,Spain,Office Furniture,Ergonomic Executive Chairs,588.0,3,0.0,1764.0,913.36,850.64,Delivered,4
ORD-23222,2025-03-03,CUST-1273,Enterprise,North America,Canada,Office Furniture,Conference Tables,1720.95,2,0.0,3441.9,2023.2,1418.7,Delivered,3
ORD-23223,2026-03-06,CUST-1283,Enterprise,North America,Mexico,Electronics,Monitors & Displays,274.19,2,0.1,493.54,394.39,99.15,Delivered,4
ORD-23224,2025-10-05,CUST-1355,Small Business,Asia Pacific,Japan,Electronics,Smart Wearables,425.48,4,0.1,1531.73,996.97,534.76,Delivered,4
ORD-23225,2026-07-24,CUST-1249,Corporate,Europe,Netherlands,Electronics,Smart Wearables,346.83,3,0.1,936.44,563.08,373.36,Delivered,4
ORD-23226,2025-01-28,CUST-1234,Small Business,North America,Canada,Office Furniture,Conference Tables,1080.07,4,0.15,3672.24,2215.52,1456.72,Delivered,2
ORD-23227,2026-03-03,CUST-1116,Corporate,North America,Mexico,Electronics,Smartphones & Tablets,1367.07,4,0.05,5194.87,3943.06,1251.81,Shipped,3
ORD-23228,2025-03-08,CUST-1016,Enterprise,Europe,Spain,Electronics,Monitors & Displays,748.94,4,0.2,2396.61,1676.14,720.47,Shipped,3
ORD-23229,2025-12-18,CUST-1198,Small Business,North America,Mexico,Office Furniture,Acoustic Office Pods,3445.28,5,0.0,17226.4,9244.35,7982.05,Delivered,4
ORD-23230,2026-06-25,CUST-1150,Enterprise,North America,Mexico,Software & Cloud,DevOps Productivity Tools,383.6,3,0.15,978.18,122.03,856.15,Delivered,4
ORD-23231,2025-07-14,CUST-1289,Small Business,Asia Pacific,Australia,Office Supplies,High-Volume Printers,1133.15,2,0.0,2266.3,1475.8,790.5,Shipped,3
ORD-23232,2026-06-24,CUST-1071,Small Business,Europe,France,Electronics,Smartphones & Tablets,940.28,1,0.0,940.28,640.5,299.78,Delivered,5
ORD-23233,2025-12-17,CUST-1073,Small Business,North America,Canada,Office Furniture,Ergonomic Executive Chairs,733.54,5,0.05,3484.31,1626.37,1857.94,Delivered,2
ORD-23234,2026-07-17,CUST-1186,Small Business,North America,Canada,Electronics,Smartphones & Tablets,1198.81,2,0.0,2397.62,1602.86,794.76,Delivered,1
ORD-23235,2026-01-13,CUST-1392,Small Business,North America,Mexico,Software & Cloud,Cybersecurity Suite,1686.95,1,0.0,1686.95,457.38,1229.57,Processing,3
ORD-23236,2026-04-13,CUST-1344,Corporate,Asia Pacific,Japan,Electronics,Smart Wearables,262.91,2,0.0,525.82,320.88,204.94,Delivered,3
ORD-23237,2025-09-11,CUST-1105,Corporate,North America,Canada,Office Furniture,Ergonomic Executive Chairs,427.78,3,0.0,1283.34,646.77,636.57,Delivered,3
ORD-23238,2025-12-02,CUST-1013,Corporate,Europe,Spain,Electronics,Smartphones & Tablets,914.89,4,0.1,3293.6,2445.94,847.66,Delivered,4
ORD-23239,2025-04-26,CUST-1144,Small Business,Europe,France,Office Furniture,Adjustable Standing Desks,595.8,1,0.05,566.01,258.06,307.95,Shipped,1
ORD-23240,2026-01-31,CUST-1079,Corporate,North America,USA,Office Furniture,LED Desk Lighting,163.01,1,0.0,163.01,97.26,65.75,Delivered,5
ORD-23241,2026-06-01,CUST-1160,Enterprise,Latin America,Colombia,Office Supplies,Presentation Equipment,414.63,3,0.05,1181.7,653.85,527.85,Shipped,4
ORD-23242,2025-02-02,CUST-1252,Enterprise,Asia Pacific,India,Office Supplies,High-Volume Printers,819.21,4,0.05,3113.0,2135.02,977.98,Delivered,5
ORD-23243,2025-01-18,CUST-1241,Enterprise,Asia Pacific,India,Software & Cloud,Cloud Analytics Suite,3421.59,1,0.0,3421.59,514.54,2907.05,Delivered,4
ORD-23244,2025-03-21,CUST-1194,Corporate,Europe,Netherlands,Office Furniture,Adjustable Standing Desks,789.48,2,0.2,1263.17,809.67,453.5,Delivered,4
ORD-23245,2025-12-26,CUST-1316,Small Business,Asia Pacific,Singapore,Office Furniture,Ergonomic Executive Chairs,536.64,3,0.0,1609.92,915.08,694.84,Delivered,5
ORD-23246,2025-10-24,CUST-1000,Enterprise,Middle East & Africa,South Africa,Software & Cloud,AI Assistant Subscription,208.89,3,0.05,595.34,165.1,430.24,Delivered,3
ORD-23247,2025-04-05,CUST-1294,Corporate,Europe,France,Software & Cloud,AI Assistant Subscription,872.34,3,0.0,2617.02,456.64,2160.38,Delivered,1
ORD-23248,2026-07-05,CUST-1185,Corporate,Europe,Spain,Office Furniture,Adjustable Standing Desks,1361.85,2,0.0,2723.7,1447.32,1276.38,Cancelled,2
ORD-23249,2026-05-15,CUST-1386,Enterprise,North America,USA,Electronics,Laptops & Workstations,1204.2,4,0.0,4816.8,3565.19,1251.61,Delivered,4
ORD-23250,2025-11-27,CUST-1208,Small Business,Latin America,Brazil,Office Furniture,LED Desk Lighting,124.92,1,0.0,124.92,76.52,48.4,Processing,2
ORD-23251,2025-12-17,CUST-1110,Consumer,North America,Mexico,Office Furniture,Conference Tables,2111.87,1,0.1,1900.68,1057.28,843.4,Shipped,5
ORD-23252,2026-04-19,CUST-1331,Corporate,North America,USA,Electronics,Monitors & Displays,653.61,2,0.0,1307.22,998.29,308.93,Delivered,4
ORD-23253,2026-05-05,CUST-1343,Small Business,Middle East & Africa,Saudi Arabia,Electronics,Monitors & Displays,513.1,1,0.0,513.1,377.75,135.35,Delivered,4
ORD-23254,2025-06-13,CUST-1327,Small Business,North America,Canada,Office Furniture,Ergonomic Executive Chairs,715.97,1,0.0,715.97,417.22,298.75,Delivered,4
ORD-23255,2026-03-15,CUST-1165,Enterprise,Latin America,Colombia,Office Supplies,Storage & Archiving Units,103.33,2,0.0,206.66,130.06,76.6,Delivered,4
ORD-23256,2025-04-19,CUST-1189,Corporate,Asia Pacific,Australia,Office Furniture,Conference Tables,2189.46,5,0.0,10947.3,6718.6,4228.7,Delivered,4
ORD-23257,2026-03-29,CUST-1089,Corporate,Europe,Spain,Electronics,Laptops & Workstations,2443.26,5,0.0,12216.3,8939.56,3276.74,Delivered,4
ORD-23258,2025-02-09,CUST-1309,Small Business,Asia Pacific,Japan,Office Furniture,Conference Tables,2307.73,5,0.05,10961.72,5478.13,5483.59,Delivered,5
ORD-23259,2025-04-19,CUST-1314,Enterprise,North America,Mexico,Software & Cloud,Cloud Analytics Suite,916.53,1,0.15,779.05,186.41,592.64,Delivered,5
ORD-23260,2025-02-21,CUST-1218,Small Business,Europe,United Kingdom,Office Furniture,Ergonomic Executive Chairs,753.21,2,0.0,1506.42,716.22,790.2,Processing,4
ORD-23261,2025-11-18,CUST-1008,Small Business,Europe,Germany,Office Supplies,Breakroom Supplies,75.01,1,0.0,75.01,52.19,22.82,Delivered,5
ORD-23262,2025-11-26,CUST-1280,Corporate,Middle East & Africa,UAE,Software & Cloud,Cybersecurity Suite,592.02,1,0.05,562.42,102.92,459.5,Delivered,4
ORD-23263,2026-04-11,CUST-1214,Corporate,Europe,France,Office Supplies,High-Volume Printers,596.87,1,0.0,596.87,311.41,285.46,Delivered,5
ORD-23264,2025-05-01,CUST-1074,Corporate,North America,Canada,Software & Cloud,AI Assistant Subscription,214.98,1,0.0,214.98,48.74,166.24,Delivered,4
ORD-23265,2025-07-09,CUST-1255,Consumer,Middle East & Africa,South Africa,Software & Cloud,Enterprise CRM License,690.2,2,0.1,1242.36,262.12,980.24,Delivered,3
ORD-23266,2026-07-16,CUST-1179,Small Business,North America,Mexico,Software & Cloud,Cloud Analytics Suite,2556.37,4,0.0,10225.48,3043.32,7182.16,Shipped,1
ORD-23267,2026-04-03,CUST-1234,Small Business,North America,Canada,Electronics,Wireless Audio,108.93,1,0.0,108.93,67.98,40.95,Delivered,4
ORD-23268,2025-02-19,CUST-1368,Enterprise,Europe,France,Electronics,Wireless Audio,209.3,1,0.0,209.3,165.89,43.41,Delivered,4
ORD-23269,2025-02-19,CUST-1340,Corporate,Asia Pacific,Singapore,Electronics,Wireless Audio,144.23,2,0.15,245.19,159.93,85.26,Delivered,5
ORD-23270,2026-04-29,CUST-1150,Small Business,Latin America,Chile,Office Furniture,LED Desk Lighting,135.81,3,0.0,407.43,231.39,176.04,Delivered,4
ORD-23271,2025-08-15,CUST-1306,Consumer,North America,Canada,Office Furniture,LED Desk Lighting,152.78,5,0.1,687.51,433.24,254.27,Delivered,4
ORD-23272,2025-05-25,CUST-1294,Corporate,North America,Canada,Electronics,Smartphones & Tablets,922.99,3,0.0,2768.97,1662.03,1106.94,Delivered,2
ORD-23273,2025-12-10,CUST-1081,Consumer,Asia Pacific,India,Electronics,Laptops & Workstations,2286.5,1,0.05,2172.17,1613.64,558.53,Delivered,2
ORD-23274,2025-06-07,CUST-1144,Enterprise,Asia Pacific,Japan,Office Furniture,LED Desk Lighting,66.99,1,0.05,63.64,33.07,30.57,Delivered,4
ORD-23275,2025-02-08,CUST-1147,Corporate,North America,Canada,Electronics,Wireless Audio,261.88,4,0.0,1047.52,734.34,313.18,Delivered,5
ORD-23276,2026-01-16,CUST-1347,Corporate,Asia Pacific,Japan,Software & Cloud,AI Assistant Subscription,217.48,1,0.05,206.61,36.44,170.17,Delivered,4
ORD-23277,2026-04-07,CUST-1025,Enterprise,Middle East & Africa,South Africa,Office Furniture,Adjustable Standing Desks,938.82,1,0.05,891.88,482.04,409.84,Cancelled,1
ORD-23278,2026-03-19,CUST-1129,Corporate,North America,Mexico,Software & Cloud,AI Assistant Subscription,735.02,1,0.0,735.02,189.12,545.9,Delivered,3
ORD-23279,2025-05-24,CUST-1169,Corporate,Europe,Spain,Office Furniture,Conference Tables,1016.42,3,0.05,2896.8,1796.01,1100.79,Delivered,5
ORD-23280,2026-07-02,CUST-1250,Corporate,Europe,France,Software & Cloud,Cloud Analytics Suite,2804.67,2,0.1,5048.41,1332.67,3715.74,Delivered,3
ORD-23281,2025-02-18,CUST-1239,Enterprise,North America,Canada,Electronics,Laptops & Workstations,2484.24,2,0.05,4720.06,3382.64,1337.42,Delivered,4
ORD-23282,2026-02-12,CUST-1092,Corporate,North America,USA,Electronics,Wireless Audio,222.78,2,0.05,423.28,296.72,126.56,Delivered,5
ORD-23283,2025-05-16,CUST-1357,Corporate,North America,Canada,Software & Cloud,Cloud Analytics Suite,1425.31,3,0.1,3848.34,1092.06,2756.28,Delivered,4
ORD-23284,2025-03-18,CUST-1099,Enterprise,North America,USA,Software & Cloud,DevOps Productivity Tools,1134.78,1,0.0,1134.78,137.71,997.07,Delivered,4
ORD-23285,2025-07-03,CUST-1143,Enterprise,Europe,Netherlands,Software & Cloud,Cybersecurity Suite,661.7,3,0.0,1985.1,390.59,1594.51,Delivered,4
ORD-23286,2026-04-20,CUST-1345,Enterprise,Europe,Netherlands,Electronics,Smartphones & Tablets,687.53,2,0.1,1237.55,839.47,398.08,Delivered,3
ORD-23287,2025-12-15,CUST-1020,Small Business,North America,Canada,Electronics,Monitors & Displays,447.11,1,0.0,447.11,321.06,126.05,Delivered,4
ORD-23288,2025-08-21,CUST-1047,Small Business,North America,Mexico,Office Furniture,Ergonomic Executive Chairs,652.09,5,0.05,3097.43,1702.36,1395.07,Delivered,4
ORD-23289,2025-03-17,CUST-1338,Small Business,Middle East & Africa,South Africa,Electronics,Laptops & Workstations,1941.42,8,0.05,14754.79,10893.87,3860.92,Delivered,1
ORD-23290,2025-12-31,CUST-1088,Corporate,Middle East & Africa,Saudi Arabia,Office Supplies,Presentation Equipment,328.1,2,0.05,623.39,383.57,239.82,Delivered,4
ORD-23291,2026-01-28,CUST-1035,Corporate,Latin America,Brazil,Software & Cloud,Cloud Analytics Suite,4334.71,4,0.1,15604.96,4476.23,11128.73,Delivered,4
ORD-23292,2025-10-18,CUST-1231,Corporate,North America,USA,Software & Cloud,DevOps Productivity Tools,624.15,1,0.05,592.94,95.22,497.72,Delivered,4
ORD-23293,2025-01-30,CUST-1164,Corporate,North America,Canada,Office Supplies,Breakroom Supplies,70.48,1,0.1,63.43,36.79,26.64,Delivered,3
ORD-23294,2025-08-11,CUST-1077,Corporate,North America,Canada,Software & Cloud,Cybersecurity Suite,1722.5,2,0.0,3445.0,786.61,2658.39,Delivered,2
ORD-23295,2026-06-13,CUST-1073,Small Business,North America,Mexico,Office Furniture,Adjustable Standing Desks,979.08,3,0.0,2937.24,1746.83,1190.41,Delivered,4
ORD-23296,2025-08-23,CUST-1150,Corporate,Latin America,Chile,Office Supplies,Presentation Equipment,250.19,1,0.1,225.17,115.21,109.96,Cancelled,1
ORD-23297,2025-09-19,CUST-1013,Corporate,Europe,United Kingdom,Software & Cloud,AI Assistant Subscription,446.09,1,0.0,446.09,106.03,340.06,Delivered,4
ORD-23298,2026-01-22,CUST-1184,Small Business,Asia Pacific,Japan,Software & Cloud,AI Assistant Subscription,712.18,5,0.1,3204.81,692.86,2511.95,Delivered,5
ORD-23299,2025-03-23,CUST-1172,Small Business,Asia Pacific,Japan,Software & Cloud,Cybersecurity Suite,1325.27,5,0.0,6626.35,1978.99,4647.36,Delivered,4
ORD-23300,2026-03-22,CUST-1195,Small Business,Asia Pacific,South Korea,Software & Cloud,Cloud Analytics Suite,2168.57,5,0.1,9758.57,1878.29,7880.28,Delivered,4
ORD-23301,2026-06-01,CUST-1167,Consumer,Europe,Netherlands,Office Furniture,Conference Tables,2504.24,2,0.05,4758.06,2977.17,1780.89,Delivered,3
ORD-23302,2025-12-18,CUST-1219,Corporate,North America,USA,Software & Cloud,Cybersecurity Suite,1057.99,3,0.05,3015.27,623.41,2391.86,Delivered,5
ORD-23303,2025-07-18,CUST-1329,Enterprise,North America,Canada,Office Supplies,High-Volume Printers,623.43,1,0.05,592.26,364.26,228.0,Delivered,1
ORD-23304,2025-04-24,CUST-1325,Corporate,North America,USA,Software & Cloud,AI Assistant Subscription,782.57,1,0.15,665.18,197.25,467.93,Delivered,4
ORD-23305,2026-04-08,CUST-1172,Small Business,Europe,Spain,Software & Cloud,Cloud Analytics Suite,2669.58,8,0.0,21356.64,5329.63,16027.01,Shipped,4
ORD-23306,2025-11-23,CUST-1206,Consumer,Latin America,Brazil,Electronics,Smartphones & Tablets,1050.93,1,0.0,1050.93,827.62,223.31,Delivered,4
ORD-23307,2025-04-23,CUST-1035,Corporate,Europe,Netherlands,Software & Cloud,DevOps Productivity Tools,601.42,2,0.1,1082.56,258.33,824.23,Delivered,3
ORD-23308,2025-10-16,CUST-1140,Consumer,Europe,France,Software & Cloud,AI Assistant Subscription,217.33,1,0.0,217.33,44.81,172.52,Delivered,5
ORD-23309,2026-05-19,CUST-1346,Corporate,Europe,Germany,Electronics,Monitors & Displays,250.59,2,0.05,476.12,369.21,106.91,Delivered,5
ORD-23310,2025-09-01,CUST-1279,Enterprise,Europe,Spain,Software & Cloud,Cloud Analytics Suite,1479.43,1,0.05,1405.46,362.6,1042.86,Delivered,5
ORD-23311,2025-08-23,CUST-1110,Corporate,North America,Canada,Software & Cloud,Enterprise CRM License,825.47,4,0.05,3136.79,780.11,2356.68,Delivered,5
ORD-23312,2025-09-16,CUST-1364,Enterprise,Europe,France,Software & Cloud,Enterprise CRM License,1665.34,1,0.2,1332.27,182.46,1149.81,Shipped,2
ORD-23313,2025-04-25,CUST-1306,Small Business,North America,Mexico,Office Furniture,Ergonomic Executive Chairs,611.65,3,0.0,1834.95,1123.34,711.61,Delivered,3
ORD-23314,2025-07-03,CUST-1348,Enterprise,North America,Canada,Electronics,Monitors & Displays,390.85,1,0.0,390.85,279.14,111.71,Delivered,4
ORD-23315,2025-05-12,CUST-1047,Corporate,North America,Mexico,Software & Cloud,Cloud Analytics Suite,4271.97,1,0.05,4058.37,570.58,3487.79,Delivered,4
ORD-23316,2026-04-11,CUST-1262,Corporate,Middle East & Africa,UAE,Software & Cloud,Enterprise CRM License,984.06,3,0.1,2656.96,761.15,1895.81,Delivered,4
ORD-23317,2026-03-14,CUST-1350,Enterprise,North America,Canada,Office Supplies,Breakroom Supplies,40.41,4,0.0,161.64,112.07,49.57,Delivered,4
ORD-23318,2025-11-25,CUST-1080,Enterprise,Europe,Netherlands,Electronics,Monitors & Displays,349.79,1,0.1,314.81,239.9,74.91,Delivered,4
ORD-23319,2025-03-25,CUST-1109,Small Business,North America,USA,Office Furniture,Acoustic Office Pods,2569.27,1,0.0,2569.27,1425.71,1143.56,Delivered,5
ORD-23320,2026-05-17,CUST-1374,Enterprise,Europe,Netherlands,Electronics,Smart Wearables,191.0,1,0.1,171.9,123.72,48.18,Delivered,3
ORD-23321,2025-09-14,CUST-1177,Enterprise,Asia Pacific,Singapore,Electronics,Smart Wearables,288.06,4,0.05,1094.63,659.65,434.98,Delivered,3
ORD-23322,2026-04-21,CUST-1022,Corporate,Europe,United Kingdom,Office Furniture,Ergonomic Executive Chairs,925.3,1,0.05,879.03,466.89,412.14,Delivered,4
ORD-23323,2025-05-10,CUST-1138,Corporate,Middle East & Africa,UAE,Electronics,Wireless Audio,311.63,1,0.05,296.05,236.25,59.8,Delivered,5
ORD-23324,2025-06-18,CUST-1005,Enterprise,North America,Canada,Office Furniture,Acoustic Office Pods,2267.77,1,0.15,1927.6,1088.25,839.35,Cancelled,1
ORD-23325,2025-08-05,CUST-1272,Small Business,Europe,United Kingdom,Software & Cloud,DevOps Productivity Tools,815.8,2,0.0,1631.6,285.24,1346.36,Delivered,4
ORD-23326,2025-01-26,CUST-1176,Consumer,Asia Pacific,Japan,Office Supplies,High-Volume Printers,753.9,5,0.05,3581.02,1834.04,1746.98,Delivered,3
ORD-23327,2025-09-23,CUST-1001,Small Business,North America,Canada,Electronics,Smart Wearables,270.01,3,0.2,648.02,493.31,154.71,Delivered,2
ORD-23328,2026-03-22,CUST-1188,Enterprise,Europe,United Kingdom,Electronics,Smart Wearables,195.89,2,0.1,352.6,239.14,113.46,Delivered,4
ORD-23329,2025-03-19,CUST-1133,Small Business,North America,Canada,Office Furniture,Adjustable Standing Desks,1091.3,1,0.05,1036.73,543.25,493.48,Delivered,3
ORD-23330,2026-04-07,CUST-1295,Small Business,North America,Canada,Software & Cloud,Enterprise CRM License,1539.4,1,0.0,1539.4,310.95,1228.45,Delivered,5
ORD-23331,2026-03-14,CUST-1326,Corporate,North America,Canada,Office Furniture,Ergonomic Executive Chairs,790.68,2,0.0,1581.36,900.87,680.49,Processing,5
ORD-23332,2025-06-19,CUST-1319,Corporate,Middle East & Africa,South Africa,Electronics,Wireless Audio,102.33,2,0.0,204.66,125.55,79.11,Delivered,3
ORD-23333,2025-05-03,CUST-1197,Small Business,Europe,France,Software & Cloud,Enterprise CRM License,922.15,5,0.05,4380.21,1079.93,3300.28,Shipped,4
ORD-23334,2026-01-17,CUST-1000,Small Business,North America,USA,Office Furniture,Ergonomic Executive Chairs,569.34,1,0.0,569.34,348.67,220.67,Delivered,3
ORD-23335,2025-11-08,CUST-1093,Small Business,Latin America,Colombia,Software & Cloud,Cloud Analytics Suite,2339.06,2,0.0,4678.12,1284.49,3393.63,Shipped,4
ORD-23336,2026-01-18,CUST-1245,Enterprise,North America,Mexico,Software & Cloud,AI Assistant Subscription,703.71,1,0.1,633.34,88.29,545.05,Delivered,3
ORD-23337,2025-11-21,CUST-1220,Small Business,North America,Canada,Electronics,Monitors & Displays,464.36,1,0.1,417.92,309.04,108.88,Delivered,3
ORD-23338,2025-04-08,CUST-1343,Corporate,Asia Pacific,Japan,Software & Cloud,Enterprise CRM License,1270.69,10,0.05,12071.56,2258.88,9812.68,Delivered,4
ORD-23339,2026-02-02,CUST-1177,Small Business,North America,Mexico,Office Furniture,Ergonomic Executive Chairs,592.07,4,0.0,2368.28,1213.02,1155.26,Delivered,3
ORD-23340,2026-03-04,CUST-1335,Corporate,Europe,Spain,Software & Cloud,Enterprise CRM License,2942.36,3,0.05,8385.73,1941.93,6443.8,Delivered,4
ORD-23341,2026-05-28,CUST-1145,Corporate,North America,Mexico,Software & Cloud,Enterprise CRM License,1504.32,4,0.0,6017.28,1315.04,4702.24,Shipped,4
ORD-23342,2025-07-27,CUST-1122,Corporate,Europe,Germany,Office Supplies,Presentation Equipment,360.98,1,0.05,342.93,186.94,155.99,Delivered,4
ORD-23343,2025-05-29,CUST-1264,Corporate,Latin America,Brazil,Office Supplies,Storage & Archiving Units,242.86,8,0.0,1942.88,1146.94,795.94,Delivered,4
ORD-23344,2025-07-30,CUST-1040,Small Business,North America,Mexico,Software & Cloud,Cybersecurity Suite,547.03,3,0.15,1394.93,373.48,1021.45,Delivered,4
ORD-23345,2026-05-10,CUST-1214,Small Business,Asia Pacific,South Korea,Software & Cloud,Cloud Analytics Suite,1452.34,1,0.05,1379.72,410.96,968.76,Delivered,4
ORD-23346,2026-01-19,CUST-1182,Corporate,Asia Pacific,India,Electronics,Laptops & Workstations,1713.19,4,0.0,6852.76,5054.74,1798.02,Delivered,1
ORD-23347,2025-08-03,CUST-1228,Consumer,North America,Canada,Office Furniture,Adjustable Standing Desks,1077.95,2,0.0,2155.9,1299.7,856.2,Delivered,4
ORD-23348,2025-08-05,CUST-1072,Corporate,Europe,Netherlands,Software & Cloud,AI Assistant Subscription,435.02,1,0.0,435.02,98.02,337.0,Delivered,5
ORD-23349,2026-03-29,CUST-1283,Small Business,Asia Pacific,India,Electronics,Laptops & Workstations,1267.89,3,0.0,3803.67,2623.58,1180.09,Delivered,5
ORD-23350,2026-07-03,CUST-1314,Corporate,Middle East & Africa,South Africa,Software & Cloud,DevOps Productivity Tools,981.56,1,0.0,981.56,169.29,812.27,Delivered,5
ORD-23351,2025-11-14,CUST-1105,Corporate,North America,Mexico,Office Furniture,Adjustable Standing Desks,505.02,5,0.05,2398.84,1443.99,954.85,Delivered,4
ORD-23352,2026-01-06,CUST-1267,Enterprise,Europe,France,Office Supplies,Breakroom Supplies,76.26,1,0.0,76.26,41.34,34.92,Delivered,5
ORD-23353,2026-06-07,CUST-1031,Corporate,Asia Pacific,South Korea,Office Furniture,Conference Tables,1772.31,3,0.0,5316.93,2968.87,2348.06,Delivered,4
ORD-23354,2026-05-31,CUST-1279,Small Business,North America,Canada,Electronics,Smartphones & Tablets,960.55,1,0.0,960.55,732.01,228.54,Delivered,3
ORD-23355,2025-09-22,CUST-1067,Enterprise,North America,Mexico,Office Supplies,Storage & Archiving Units,134.26,2,0.1,241.67,126.69,114.98,Delivered,3
ORD-23356,2026-04-13,CUST-1287,Enterprise,Europe,United Kingdom,Electronics,Smartphones & Tablets,834.49,1,0.05,792.77,516.47,276.3,Processing,4
ORD-23357,2025-08-25,CUST-1041,Consumer,North America,Mexico,Office Furniture,LED Desk Lighting,150.85,1,0.0,150.85,80.48,70.37,Delivered,2
ORD-23358,2026-03-08,CUST-1072,Enterprise,Europe,Germany,Electronics,Smartphones & Tablets,945.43,15,0.0,14181.45,9996.92,4184.53,Delivered,3
ORD-23359,2025-08-20,CUST-1171,Small Business,Europe,United Kingdom,Electronics,Smart Wearables,161.05,4,0.05,611.99,484.65,127.34,Delivered,3
ORD-23360,2026-07-15,CUST-1358,Small Business,Europe,United Kingdom,Electronics,Monitors & Displays,470.14,2,0.1,846.25,601.59,244.66,Delivered,3
ORD-23361,2026-03-13,CUST-1117,Corporate,Latin America,Colombia,Software & Cloud,DevOps Productivity Tools,1253.43,1,0.05,1190.76,203.46,987.3,Delivered,4
ORD-23362,2025-01-11,CUST-1265,Corporate,Middle East & Africa,Saudi Arabia,Electronics,Laptops & Workstations,1825.74,8,0.0,14605.92,10910.57,3695.35,Delivered,5
ORD-23363,2025-10-13,CUST-1129,Enterprise,Europe,Netherlands,Electronics,Smart Wearables,435.68,1,0.0,435.68,276.23,159.45,Delivered,3
ORD-23364,2025-01-16,CUST-1208,Corporate,North America,Mexico,Electronics,Smartphones & Tablets,878.86,1,0.05,834.92,509.83,325.09,Delivered,5
ORD-23365,2025-05-15,CUST-1324,Enterprise,North America,Mexico,Office Furniture,Ergonomic Executive Chairs,704.61,4,0.0,2818.44,1825.03,993.41,Delivered,5
ORD-23366,2025-02-28,CUST-1267,Small Business,Middle East & Africa,UAE,Office Furniture,Adjustable Standing Desks,672.44,10,0.0,6724.4,3333.02,3391.38,Delivered,4
ORD-23367,2025-08-18,CUST-1188,Corporate,Latin America,Chile,Software & Cloud,DevOps Productivity Tools,987.8,2,0.0,1975.6,404.51,1571.09,Delivered,4
ORD-23368,2025-12-16,CUST-1244,Corporate,Europe,Spain,Office Supplies,High-Volume Printers,942.61,8,0.15,6409.75,3314.01,3095.74,Cancelled,1
ORD-23369,2025-01-31,CUST-1388,Small Business,North America,Canada,Office Furniture,Conference Tables,1021.57,3,0.0,3064.71,1529.04,1535.67,Processing,4
ORD-23370,2025-12-14,CUST-1144,Small Business,Middle East & Africa,Saudi Arabia,Office Furniture,Ergonomic Executive Chairs,921.34,5,0.0,4606.7,2157.39,2449.31,Delivered,3
ORD-23371,2025-10-28,CUST-1198,Corporate,Europe,United Kingdom,Office Furniture,Acoustic Office Pods,3416.86,2,0.0,6833.72,3401.54,3432.18,Delivered,4
ORD-23372,2026-07-15,CUST-1096,Consumer,Latin America,Brazil,Electronics,Monitors & Displays,684.16,2,0.2,1094.66,824.15,270.51,Delivered,4
ORD-23373,2025-10-28,CUST-1096,Corporate,Latin America,Colombia,Electronics,Smartphones & Tablets,1243.25,1,0.2,994.6,686.94,307.66,Delivered,4
ORD-23374,2025-03-27,CUST-1009,Small Business,Europe,Netherlands,Electronics,Wireless Audio,176.72,1,0.15,150.21,101.29,48.92,Delivered,3
ORD-23375,2025-05-27,CUST-1398,Small Business,North America,Canada,Software & Cloud,Cloud Analytics Suite,2885.37,2,0.15,4905.13,1156.86,3748.27,Delivered,1
ORD-23376,2025-06-24,CUST-1157,Small Business,Europe,Netherlands,Electronics,Wireless Audio,188.02,1,0.0,188.02,131.93,56.09,Delivered,3
ORD-23377,2025-04-23,CUST-1395,Corporate,Asia Pacific,South Korea,Office Supplies,Breakroom Supplies,150.53,3,0.1,406.43,282.51,123.92,Delivered,5
ORD-23378,2026-02-16,CUST-1069,Corporate,North America,Canada,Office Supplies,Storage & Archiving Units,254.38,2,0.0,508.76,270.55,238.21,Delivered,4
ORD-23379,2026-01-07,CUST-1080,Corporate,Europe,Spain,Office Furniture,LED Desk Lighting,166.0,1,0.0,166.0,95.06,70.94,Delivered,5
ORD-23380,2026-05-13,CUST-1200,Enterprise,North America,Mexico,Electronics,Laptops & Workstations,2434.46,1,0.1,2191.01,1531.24,659.77,Delivered,4
ORD-23381,2025-10-29,CUST-1359,Corporate,North America,USA,Office Supplies,Paper & Stationeries Pack,78.01,5,0.0,390.05,215.59,174.46,Delivered,4
ORD-23382,2025-01-28,CUST-1302,Corporate,North America,Canada,Software & Cloud,Enterprise CRM License,2139.18,4,0.0,8556.72,2349.38,6207.34,Delivered,4
ORD-23383,2025-04-12,CUST-1398,Small Business,Europe,Netherlands,Electronics,Monitors & Displays,534.36,5,0.1,2404.62,1499.73,904.89,Processing,4
ORD-23384,2026-05-10,CUST-1008,Enterprise,Asia Pacific,South Korea,Software & Cloud,Cloud Analytics Suite,1579.42,3,0.05,4501.35,902.65,3598.7,Delivered,5
ORD-23385,2026-02-16,CUST-1043,Corporate,Middle East & Africa,UAE,Electronics,Laptops & Workstations,2077.56,2,0.0,4155.12,3018.82,1136.3,Shipped,3
ORD-23386,2025-12-28,CUST-1034,Corporate,North America,USA,Electronics,Smartphones & Tablets,1072.75,5,0.0,5363.75,3774.14,1589.61,Delivered,5
ORD-23387,2025-02-13,CUST-1233,Small Business,Europe,Germany,Electronics,Smart Wearables,424.34,2,0.0,848.68,666.5,182.18,Delivered,5
ORD-23388,2025-08-26,CUST-1069,Corporate,Asia Pacific,India,Office Supplies,Storage & Archiving Units,263.79,8,0.1,1899.29,1023.9,875.39,Delivered,3
ORD-23389,2025-11-11,CUST-1312,Corporate,North America,Canada,Software & Cloud,Cybersecurity Suite,1037.4,2,0.0,2074.8,375.32,1699.48,Delivered,4
ORD-23390,2025-02-03,CUST-1314,Small Business,North America,Mexico,Electronics,Laptops & Workstations,1651.31,4,0.0,6605.24,5201.25,1403.99,Delivered,4
ORD-23391,2025-06-09,CUST-1075,Corporate,Latin America,Brazil,Office Furniture,Adjustable Standing Desks,721.21,2,0.1,1298.18,723.76,574.42,Delivered,3
ORD-23392,2025-01-12,CUST-1273,Enterprise,Latin America,Chile,Office Furniture,Adjustable Standing Desks,652.83,3,0.05,1860.57,937.36,923.21,Delivered,4
ORD-23393,2026-04-25,CUST-1153,Enterprise,North America,USA,Software & Cloud,DevOps Productivity Tools,1473.74,10,0.0,14737.4,2244.59,12492.81,Delivered,4
ORD-23394,2026-01-18,CUST-1122,Enterprise,North America,Canada,Electronics,Laptops & Workstations,1335.69,10,0.1,12021.21,9224.03,2797.18,Delivered,3
ORD-23395,2025-09-04,CUST-1022,Corporate,North America,Mexico,Electronics,Smartphones & Tablets,843.65,2,0.0,1687.3,1205.02,482.28,Delivered,4
ORD-23396,2025-09-15,CUST-1008,Consumer,North America,Canada,Electronics,Laptops & Workstations,1655.96,1,0.1,1490.36,936.5,553.86,Delivered,5
ORD-23397,2025-04-19,CUST-1110,Small Business,North America,USA,Electronics,Smartphones & Tablets,634.76,1,0.05,603.02,418.46,184.56,Delivered,4
ORD-23398,2025-05-14,CUST-1087,Corporate,North America,USA,Electronics,Smart Wearables,307.23,2,0.05,583.74,376.57,207.17,Delivered,4
ORD-23399,2025-03-02,CUST-1068,Small Business,North America,Mexico,Electronics,Wireless Audio,188.32,8,0.0,1506.56,1015.15,491.41,Delivered,4
ORD-23400,2026-06-13,CUST-1134,Small Business,Europe,Spain,Office Supplies,High-Volume Printers,401.93,3,0.1,1085.21,654.52,430.69,Delivered,5
ORD-23401,2025-03-24,CUST-1339,Corporate,Middle East & Africa,UAE,Office Furniture,LED Desk Lighting,156.93,1,0.05,149.08,71.86,77.22,Delivered,4
ORD-23402,2025-06-16,CUST-1029,Small Business,North America,Mexico,Office Supplies,Paper & Stationeries Pack,107.48,3,0.05,306.32,159.95,146.37,Delivered,2
ORD-23403,2025-09-02,CUST-1239,Corporate,Latin America,Brazil,Electronics,Smart Wearables,356.09,1,0.0,356.09,215.33,140.76,Delivered,4
ORD-23404,2025-05-29,CUST-1313,Small Business,Europe,United Kingdom,Office Supplies,Paper & Stationeries Pack,74.37,1,0.05,70.65,39.46,31.19,Delivered,4
ORD-23405,2025-03-26,CUST-1387,Small Business,Latin America,Colombia,Office Furniture,Conference Tables,886.76,2,0.0,1773.52,984.38,789.14,Delivered,5
ORD-23406,2026-04-08,CUST-1176,Small Business,North America,Canada,Electronics,Smartphones & Tablets,1171.91,5,0.2,4687.64,3712.55,975.09,Delivered,4
ORD-23407,2025-04-06,CUST-1202,Small Business,Asia Pacific,South Korea,Office Furniture,LED Desk Lighting,133.32,2,0.2,213.31,100.86,112.45,Delivered,4
ORD-23408,2026-05-26,CUST-1058,Corporate,Asia Pacific,Japan,Office Furniture,Acoustic Office Pods,3223.49,2,0.0,6446.98,3774.45,2672.53,Delivered,4
ORD-23409,2025-10-27,CUST-1151,Corporate,North America,Mexico,Software & Cloud,Cybersecurity Suite,541.25,2,0.1,974.25,143.81,830.44,Shipped,5
ORD-23410,2026-03-27,CUST-1223,Corporate,Europe,Germany,Software & Cloud,Cybersecurity Suite,1316.78,1,0.1,1185.1,323.99,861.11,Delivered,5
ORD-23411,2025-04-11,CUST-1294,Corporate,Latin America,Colombia,Electronics,Laptops & Workstations,1874.59,2,0.0,3749.18,2655.54,1093.64,Shipped,3
ORD-23412,2025-10-02,CUST-1315,Small Business,Europe,Netherlands,Office Furniture,Ergonomic Executive Chairs,926.28,4,0.0,3705.12,2278.58,1426.54,Delivered,2
ORD-23413,2025-02-18,CUST-1019,Consumer,Asia Pacific,Japan,Software & Cloud,DevOps Productivity Tools,381.0,2,0.0,762.0,228.42,533.58,Delivered,5
ORD-23414,2026-01-10,CUST-1370,Small Business,North America,USA,Office Furniture,LED Desk Lighting,177.63,1,0.1,159.87,80.44,79.43,Delivered,4
ORD-23415,2026-03-22,CUST-1217,Enterprise,North America,USA,Electronics,Smartphones & Tablets,956.22,3,0.0,2868.66,1823.54,1045.12,Delivered,3
ORD-23416,2025-06-07,CUST-1016,Enterprise,North America,Canada,Office Supplies,Storage & Archiving Units,189.72,2,0.0,379.44,224.1,155.34,Delivered,4
ORD-23417,2025-05-22,CUST-1180,Small Business,North America,USA,Office Supplies,Paper & Stationeries Pack,76.4,2,0.0,152.8,102.39,50.41,Delivered,1
ORD-23418,2026-05-09,CUST-1366,Enterprise,Middle East & Africa,South Africa,Office Furniture,Adjustable Standing Desks,1212.77,1,0.0,1212.77,763.65,449.12,Delivered,4
ORD-23419,2026-01-20,CUST-1320,Corporate,North America,Canada,Electronics,Laptops & Workstations,2041.87,2,0.1,3675.37,2620.68,1054.69,Delivered,4
ORD-23420,2025-05-27,CUST-1280,Consumer,Europe,United Kingdom,Software & Cloud,Enterprise CRM License,2154.64,1,0.0,2154.64,356.02,1798.62,Shipped,4
ORD-23421,2025-01-01,CUST-1240,Small Business,North America,USA,Software & Cloud,AI Assistant Subscription,209.75,3,0.05,597.79,125.83,471.96,Delivered,3
ORD-23422,2025-10-30,CUST-1058,Consumer,North America,USA,Office Furniture,LED Desk Lighting,110.02,4,0.05,418.08,235.05,183.03,Delivered,1
ORD-23423,2026-03-31,CUST-1213,Consumer,Europe,France,Electronics,Laptops & Workstations,1561.4,8,0.0,12491.2,8222.41,4268.79,Cancelled,2
ORD-23424,2026-04-24,CUST-1249,Consumer,Asia Pacific,Singapore,Software & Cloud,DevOps Productivity Tools,694.87,2,0.05,1320.25,223.0,1097.25,Delivered,4
ORD-23425,2025-12-17,CUST-1145,Corporate,Asia Pacific,Australia,Electronics,Laptops & Workstations,1908.88,1,0.0,1908.88,1174.17,734.71,Delivered,4
ORD-23426,2026-06-11,CUST-1272,Enterprise,North America,USA,Software & Cloud,AI Assistant Subscription,850.59,3,0.0,2551.77,615.46,1936.31,Delivered,3
ORD-23427,2025-12-23,CUST-1192,Small Business,North America,Canada,Electronics,Smartphones & Tablets,1359.6,2,0.05,2583.24,1795.02,788.22,Delivered,4
ORD-23428,2025-02-01,CUST-1268,Enterprise,North America,USA,Software & Cloud,Enterprise CRM License,1878.37,1,0.15,1596.61,275.32,1321.29,Delivered,4
ORD-23429,2026-02-21,CUST-1335,Enterprise,Europe,Netherlands,Electronics,Smartphones & Tablets,720.17,1,0.0,720.17,538.71,181.46,Delivered,4
ORD-23430,2026-05-08,CUST-1198,Enterprise,Europe,Germany,Electronics,Smart Wearables,387.39,1,0.05,368.02,290.16,77.86,Delivered,4
ORD-23431,2026-01-02,CUST-1321,Corporate,North America,Mexico,Electronics,Smartphones & Tablets,1041.46,8,0.1,7498.51,4700.13,2798.38,Cancelled,1
ORD-23432,2025-12-03,CUST-1111,Corporate,Asia Pacific,Singapore,Software & Cloud,Cloud Analytics Suite,2537.01,1,0.05,2410.16,625.75,1784.41,Delivered,4
ORD-23433,2025-01-26,CUST-1077,Corporate,North America,Mexico,Electronics,Monitors & Displays,426.9,1,0.05,405.55,254.74,150.81,Delivered,5
ORD-23434,2025-12-30,CUST-1121,Enterprise,Europe,Germany,Software & Cloud,AI Assistant Subscription,604.06,5,0.05,2869.28,751.11,2118.17,Delivered,2
ORD-23435,2026-02-01,CUST-1160,Small Business,Asia Pacific,Australia,Software & Cloud,DevOps Productivity Tools,1330.87,2,0.05,2528.65,394.73,2133.92,Delivered,3
ORD-23436,2026-01-23,CUST-1001,Small Business,North America,Mexico,Electronics,Wireless Audio,343.46,1,0.0,343.46,263.5,79.96,Delivered,1
ORD-23437,2025-02-04,CUST-1312,Corporate,North America,USA,Software & Cloud,AI Assistant Subscription,640.08,1,0.2,512.06,117.78,394.28,Delivered,4
ORD-23438,2026-07-10,CUST-1124,Enterprise,Asia Pacific,Japan,Software & Cloud,Enterprise CRM License,2023.62,3,0.0,6070.86,1334.69,4736.17,Delivered,4
ORD-23439,2025-05-18,CUST-1319,Enterprise,North America,USA,Office Furniture,Acoustic Office Pods,4887.81,1,0.0,4887.81,2971.8,1916.01,Delivered,4
ORD-23440,2025-12-03,CUST-1282,Corporate,North America,Canada,Office Furniture,Ergonomic Executive Chairs,695.04,1,0.0,695.04,367.69,327.35,Delivered,5
ORD-23441,2025-08-12,CUST-1276,Enterprise,Asia Pacific,South Korea,Office Supplies,Paper & Stationeries Pack,97.69,4,0.15,332.15,217.29,114.86,Delivered,4
ORD-23442,2026-07-06,CUST-1089,Small Business,Europe,Spain,Office Supplies,Breakroom Supplies,85.12,3,0.05,242.59,160.31,82.28,Delivered,5
ORD-23443,2025-04-20,CUST-1079,Corporate,North America,Canada,Electronics,Laptops & Workstations,2481.6,1,0.15,2109.36,1431.6,677.76,Delivered,3
ORD-23444,2025-10-20,CUST-1221,Corporate,Europe,France,Electronics,Wireless Audio,139.31,4,0.0,557.24,392.1,165.14,Delivered,4
ORD-23445,2026-05-05,CUST-1090,Consumer,North America,Mexico,Software & Cloud,Cloud Analytics Suite,3897.03,1,0.05,3702.18,709.3,2992.88,Delivered,5
ORD-23446,2026-03-12,CUST-1053,Corporate,Asia Pacific,India,Software & Cloud,DevOps Productivity Tools,504.66,4,0.0,2018.64,573.27,1445.37,Delivered,5
ORD-23447,2026-05-17,CUST-1146,Small Business,Latin America,Brazil,Office Furniture,Conference Tables,1069.94,10,0.1,9629.46,5477.29,4152.17,Delivered,1
ORD-23448,2025-12-02,CUST-1170,Consumer,Latin America,Chile,Electronics,Smartphones & Tablets,688.1,3,0.0,2064.3,1465.02,599.28,Delivered,3
ORD-23449,2026-05-22,CUST-1079,Corporate,Latin America,Chile,Electronics,Smart Wearables,325.86,1,0.15,276.98,187.41,89.57,Delivered,3
ORD-23450,2025-04-27,CUST-1200,Small Business,Asia Pacific,Japan,Software & Cloud,Cybersecurity Suite,427.32,4,0.0,1709.28,489.19,1220.09,Delivered,5
ORD-23451,2025-12-30,CUST-1358,Corporate,Europe,Spain,Office Furniture,LED Desk Lighting,79.9,1,0.2,63.92,32.42,31.5,Delivered,5
ORD-23452,2025-02-14,CUST-1022,Corporate,Asia Pacific,Japan,Office Furniture,Conference Tables,2323.1,2,0.0,4646.2,2244.3,2401.9,Processing,5
ORD-23453,2025-10-20,CUST-1243,Corporate,Latin America,Chile,Office Furniture,Acoustic Office Pods,3617.16,3,0.05,10308.91,5159.49,5149.42,Delivered,2
ORD-23454,2025-08-02,CUST-1119,Enterprise,North America,Canada,Office Supplies,Storage & Archiving Units,263.72,1,0.0,263.72,161.49,102.23,Shipped,3
ORD-23455,2025-08-05,CUST-1152,Corporate,Asia Pacific,South Korea,Office Supplies,Paper & Stationeries Pack,76.39,1,0.05,72.57,36.85,35.72,Shipped,5
ORD-23456,2025-06-10,CUST-1194,Enterprise,North America,Mexico,Software & Cloud,Cybersecurity Suite,1532.18,4,0.1,5515.85,1173.75,4342.1,Delivered,3
ORD-23457,2025-12-11,CUST-1202,Enterprise,North America,Canada,Office Supplies,Paper & Stationeries Pack,61.64,4,0.0,246.56,171.44,75.12,Delivered,2
ORD-23458,2025-09-09,CUST-1150,Small Business,Europe,Spain,Software & Cloud,DevOps Productivity Tools,1285.67,3,0.0,3857.01,597.73,3259.28,Delivered,4
ORD-23459,2026-01-16,CUST-1086,Corporate,North America,USA,Software & Cloud,Cybersecurity Suite,1129.64,5,0.05,5365.79,771.23,4594.56,Shipped,5
ORD-23460,2025-11-04,CUST-1242,Enterprise,Europe,Germany,Software & Cloud,Enterprise CRM License,2164.53,4,0.0,8658.12,1632.86,7025.26,Delivered,4
ORD-23461,2026-07-01,CUST-1370,Small Business,North America,Mexico,Software & Cloud,AI Assistant Subscription,655.48,1,0.05,622.71,163.5,459.21,Delivered,3
ORD-23462,2025-02-12,CUST-1015,Corporate,Middle East & Africa,Saudi Arabia,Software & Cloud,Cybersecurity Suite,925.8,10,0.0,9258.0,2013.46,7244.54,Delivered,5
ORD-23463,2026-07-19,CUST-1228,Corporate,North America,USA,Electronics,Smart Wearables,439.59,1,0.2,351.67,223.7,127.97,Delivered,4
ORD-23464,2025-12-26,CUST-1336,Corporate,Asia Pacific,Australia,Office Furniture,Conference Tables,1805.43,3,0.05,5145.48,2340.47,2805.01,Delivered,3
ORD-23465,2025-06-17,CUST-1052,Corporate,North America,USA,Office Furniture,Ergonomic Executive Chairs,393.63,5,0.0,1968.15,1244.58,723.57,Delivered,5
ORD-23466,2025-06-09,CUST-1347,Small Business,Asia Pacific,Australia,Software & Cloud,Enterprise CRM License,2544.46,1,0.05,2417.24,513.24,1904.0,Delivered,4
ORD-23467,2025-04-03,CUST-1107,Enterprise,North America,Canada,Software & Cloud,Cloud Analytics Suite,2207.42,2,0.1,3973.36,764.61,3208.75,Delivered,5
ORD-23468,2026-05-22,CUST-1028,Corporate,North America,Mexico,Electronics,Monitors & Displays,689.23,5,0.0,3446.15,2466.93,979.22,Delivered,2
ORD-23469,2025-05-03,CUST-1228,Corporate,North America,Canada,Software & Cloud,Enterprise CRM License,1417.2,1,0.1,1275.48,356.83,918.65,Shipped,4
ORD-23470,2025-01-26,CUST-1227,Consumer,Europe,France,Electronics,Monitors & Displays,630.01,8,0.05,4788.08,3640.24,1147.84,Processing,5
ORD-23471,2025-09-14,CUST-1282,Enterprise,Europe,Germany,Electronics,Monitors & Displays,301.22,4,0.0,1204.88,839.8,365.08,Delivered,4
ORD-23472,2025-07-28,CUST-1207,Small Business,Europe,Spain,Office Supplies,Presentation Equipment,492.61,3,0.1,1330.05,901.5,428.55,Delivered,3
ORD-23473,2026-06-05,CUST-1073,Enterprise,Europe,United Kingdom,Electronics,Smartphones & Tablets,957.48,2,0.0,1914.96,1230.67,684.29,Delivered,4
ORD-23474,2025-02-07,CUST-1398,Corporate,Asia Pacific,Australia,Software & Cloud,Enterprise CRM License,1606.91,5,0.05,7632.82,1181.66,6451.16,Delivered,3
ORD-23475,2025-10-04,CUST-1101,Consumer,North America,USA,Electronics,Smart Wearables,293.43,2,0.0,586.86,461.6,125.26,Delivered,4
ORD-23476,2026-06-08,CUST-1274,Consumer,Europe,France,Electronics,Wireless Audio,328.28,1,0.0,328.28,259.31,68.97,Shipped,4
ORD-23477,2025-09-26,CUST-1338,Corporate,Europe,Spain,Software & Cloud,DevOps Productivity Tools,1341.35,2,0.0,2682.7,771.75,1910.95,Shipped,3
ORD-23478,2025-11-21,CUST-1098,Corporate,North America,Canada,Office Furniture,Acoustic Office Pods,3235.32,1,0.05,3073.55,1641.04,1432.51,Delivered,4
ORD-23479,2026-05-21,CUST-1110,Small Business,Europe,Germany,Electronics,Monitors & Displays,604.73,3,0.15,1542.06,1153.41,388.65,Delivered,2
ORD-23480,2026-02-20,CUST-1072,Small Business,North America,USA,Software & Cloud,DevOps Productivity Tools,1464.35,1,0.0,1464.35,182.2,1282.15,Delivered,1
ORD-23481,2026-06-11,CUST-1123,Corporate,Europe,France,Software & Cloud,Enterprise CRM License,2769.88,1,0.1,2492.89,655.87,1837.02,Delivered,5
ORD-23482,2025-05-21,CUST-1299,Small Business,Europe,United Kingdom,Software & Cloud,Cloud Analytics Suite,3327.92,5,0.05,15807.62,4361.74,11445.88,Shipped,4
ORD-23483,2025-07-11,CUST-1200,Consumer,North America,USA,Software & Cloud,DevOps Productivity Tools,1482.72,2,0.05,2817.17,561.88,2255.29,Delivered,3
ORD-23484,2025-05-06,CUST-1012,Enterprise,Asia Pacific,South Korea,Software & Cloud,AI Assistant Subscription,861.61,5,0.1,3877.25,783.72,3093.53,Delivered,5
ORD-23485,2025-12-06,CUST-1259,Corporate,Europe,Spain,Electronics,Smart Wearables,327.09,5,0.2,1308.36,888.48,419.88,Delivered,4
ORD-23486,2025-12-08,CUST-1172,Corporate,North America,USA,Electronics,Laptops & Workstations,2198.05,2,0.2,3516.88,2263.61,1253.27,Delivered,4
ORD-23487,2026-07-22,CUST-1307,Corporate,North America,Canada,Software & Cloud,AI Assistant Subscription,582.79,1,0.0,582.79,135.48,447.31,Delivered,4
ORD-23488,2025-03-07,CUST-1353,Corporate,Latin America,Colombia,Office Supplies,Presentation Equipment,277.36,2,0.0,554.72,297.27,257.45,Shipped,4
ORD-23489,2025-12-15,CUST-1317,Enterprise,Europe,France,Electronics,Wireless Audio,109.42,2,0.05,207.9,159.19,48.71,Delivered,4
ORD-23490,2025-10-23,CUST-1196,Enterprise,North America,Canada,Electronics,Smartphones & Tablets,649.91,8,0.05,4939.32,3708.85,1230.47,Shipped,5
ORD-23491,2026-06-19,CUST-1225,Enterprise,Europe,France,Electronics,Wireless Audio,233.63,2,0.15,397.17,317.03,80.14,Delivered,4
ORD-23492,2026-03-09,CUST-1224,Corporate,Europe,Spain,Software & Cloud,Cybersecurity Suite,1397.36,2,0.0,2794.72,670.93,2123.79,Delivered,4
ORD-23493,2026-05-18,CUST-1394,Corporate,Asia Pacific,India,Electronics,Wireless Audio,320.04,1,0.1,288.04,204.26,83.78,Delivered,4
ORD-23494,2025-11-07,CUST-1105,Corporate,Europe,Spain,Software & Cloud,Cybersecurity Suite,1386.67,1,0.15,1178.67,215.7,962.97,Shipped,4
ORD-23495,2025-08-24,CUST-1136,Corporate,Europe,Netherlands,Office Furniture,Ergonomic Executive Chairs,747.58,1,0.0,747.58,448.93,298.65,Shipped,4
ORD-23496,2025-03-04,CUST-1349,Small Business,North America,USA,Electronics,Smart Wearables,200.11,4,0.0,800.44,507.01,293.43,Shipped,5
ORD-23497,2025-09-18,CUST-1368,Small Business,Europe,France,Office Supplies,Paper & Stationeries Pack,87.47,3,0.1,236.17,150.19,85.98,Cancelled,1
ORD-23498,2025-02-26,CUST-1013,Small Business,Europe,Germany,Office Furniture,Acoustic Office Pods,3064.07,1,0.1,2757.66,1491.75,1265.91,Delivered,5
ORD-23499,2025-01-26,CUST-1325,Enterprise,Asia Pacific,India,Electronics,Wireless Audio,139.44,1,0.05,132.47,99.04,33.43,Delivered,5
ORD-23500,2025-05-02,CUST-1238,Corporate,North America,USA,Electronics,Smartphones & Tablets,723.65,4,0.05,2749.87,1690.94,1058.93,Delivered,5
ORD-23501,2025-08-21,CUST-1012,Small Business,Europe,Spain,Software & Cloud,Enterprise CRM License,2216.32,3,0.0,6648.96,1472.6,5176.36,Delivered,3
ORD-23502,2025-07-16,CUST-1029,Corporate,Latin America,Brazil,Software & Cloud,Cybersecurity Suite,1101.66,3,0.0,3304.98,806.53,2498.45,Delivered,4
ORD-23503,2026-02-10,CUST-1338,Corporate,North America,USA,Electronics,Laptops & Workstations,1879.03,2,0.0,3758.06,2712.59,1045.47,Delivered,4
ORD-23504,2025-11-03,CUST-1340,Corporate,North America,Mexico,Office Supplies,Presentation Equipment,510.55,1,0.1,459.5,275.14,184.36,Delivered,4
ORD-23505,2026-02-23,CUST-1249,Corporate,Latin America,Brazil,Electronics,Wireless Audio,147.63,1,0.1,132.87,80.21,52.66,Delivered,4
ORD-23506,2025-10-18,CUST-1302,Consumer,Europe,Germany,Office Furniture,Ergonomic Executive Chairs,821.0,4,0.15,2791.4,1737.47,1053.93,Delivered,5
ORD-23507,2025-01-13,CUST-1339,Corporate,Europe,Germany,Electronics,Smart Wearables,397.36,4,0.05,1509.97,1089.2,420.77,Delivered,4
ORD-23508,2026-04-05,CUST-1088,Consumer,North America,Canada,Electronics,Laptops & Workstations,2416.01,5,0.05,11476.05,8403.7,3072.35,Delivered,2
ORD-23509,2025-04-28,CUST-1377,Consumer,Europe,Germany,Software & Cloud,Cybersecurity Suite,787.89,4,0.15,2678.83,699.69,1979.14,Shipped,4
ORD-23510,2025-08-07,CUST-1216,Enterprise,Europe,United Kingdom,Software & Cloud,Cloud Analytics Suite,2868.89,4,0.0,11475.56,3208.65,8266.91,Delivered,3
ORD-23511,2025-01-25,CUST-1096,Corporate,Asia Pacific,Australia,Office Supplies,High-Volume Printers,408.51,4,0.1,1470.64,895.17,575.47,Delivered,3
ORD-23512,2026-03-16,CUST-1347,Corporate,North America,Canada,Office Furniture,LED Desk Lighting,107.09,1,0.1,96.38,59.67,36.71,Delivered,5
ORD-23513,2026-03-21,CUST-1153,Small Business,Asia Pacific,South Korea,Office Furniture,Ergonomic Executive Chairs,682.63,1,0.0,682.63,398.57,284.06,Delivered,3
ORD-23514,2025-04-09,CUST-1173,Small Business,Europe,Spain,Office Supplies,Paper & Stationeries Pack,66.42,15,0.05,946.49,535.79,410.7,Delivered,4
ORD-23515,2025-05-07,CUST-1155,Corporate,Asia Pacific,India,Software & Cloud,DevOps Productivity Tools,649.96,1,0.1,584.96,131.22,453.74,Processing,5
ORD-23516,2025-10-31,CUST-1348,Corporate,Latin America,Chile,Software & Cloud,DevOps Productivity Tools,417.62,1,0.05,396.74,113.21,283.53,Shipped,3
ORD-23517,2025-12-09,CUST-1389,Corporate,Asia Pacific,Singapore,Electronics,Laptops & Workstations,1673.7,10,0.0,16737.0,12374.99,4362.01,Delivered,4
ORD-23518,2026-02-01,CUST-1011,Enterprise,Europe,Germany,Electronics,Monitors & Displays,550.57,2,0.0,1101.14,700.09,401.05,Delivered,5
ORD-23519,2026-04-17,CUST-1336,Enterprise,North America,USA,Office Furniture,Conference Tables,1114.68,2,0.1,2006.42,1122.64,883.78,Delivered,5
ORD-23520,2025-03-05,CUST-1379,Small Business,North America,Canada,Office Supplies,High-Volume Printers,750.58,5,0.0,3752.9,1909.03,1843.87,Delivered,4
ORD-23521,2025-03-26,CUST-1122,Enterprise,Europe,United Kingdom,Office Furniture,Adjustable Standing Desks,812.65,2,0.0,1625.3,1026.93,598.37,Delivered,1
ORD-23522,2026-06-26,CUST-1019,Enterprise,Europe,Germany,Office Supplies,Paper & Stationeries Pack,50.08,1,0.0,50.08,34.36,15.72,Delivered,4
ORD-23523,2025-10-08,CUST-1043,Small Business,North America,USA,Electronics,Smart Wearables,161.02,1,0.05,152.97,119.5,33.47,Delivered,5
ORD-23524,2026-05-20,CUST-1057,Consumer,Latin America,Colombia,Office Furniture,Ergonomic Executive Chairs,662.58,4,0.05,2517.8,1358.49,1159.31,Delivered,3
ORD-23525,2026-05-28,CUST-1083,Corporate,Asia Pacific,Japan,Electronics,Smart Wearables,301.02,1,0.0,301.02,197.31,103.71,Delivered,1
ORD-23526,2025-04-08,CUST-1057,Small Business,Latin America,Brazil,Office Furniture,Acoustic Office Pods,2387.93,8,0.0,19103.44,10455.04,8648.4,Processing,3
ORD-23527,2026-04-20,CUST-1283,Enterprise,Asia Pacific,Japan,Software & Cloud,AI Assistant Subscription,865.74,1,0.05,822.45,222.62,599.83,Shipped,4
ORD-23528,2025-09-21,CUST-1178,Small Business,North America,USA,Electronics,Monitors & Displays,659.84,4,0.0,2639.36,1828.37,810.99,Delivered,4
ORD-23529,2026-04-13,CUST-1276,Small Business,Europe,France,Software & Cloud,AI Assistant Subscription,962.04,3,0.05,2741.81,434.43,2307.38,Delivered,4
ORD-23530,2025-04-27,CUST-1295,Consumer,Asia Pacific,Japan,Office Furniture,LED Desk Lighting,99.29,4,0.0,397.16,222.63,174.53,Delivered,5
ORD-23531,2025-09-08,CUST-1227,Enterprise,Latin America,Brazil,Electronics,Smart Wearables,167.87,1,0.0,167.87,122.43,45.44,Delivered,4
ORD-23532,2026-05-17,CUST-1235,Small Business,Asia Pacific,Singapore,Office Furniture,Adjustable Standing Desks,576.31,10,0.05,5474.94,2782.46,2692.48,Cancelled,2
ORD-23533,2025-07-05,CUST-1052,Corporate,Middle East & Africa,South Africa,Software & Cloud,Cybersecurity Suite,659.72,2,0.05,1253.47,202.56,1050.91,Delivered,5
ORD-23534,2026-05-31,CUST-1106,Small Business,North America,Mexico,Office Furniture,Ergonomic Executive Chairs,700.78,1,0.1,630.7,319.95,310.75,Delivered,3
ORD-23535,2026-03-07,CUST-1020,Corporate,Europe,Spain,Software & Cloud,Cybersecurity Suite,1439.17,5,0.0,7195.85,1382.69,5813.16,Delivered,5
ORD-23536,2025-04-25,CUST-1155,Corporate,Europe,Spain,Office Furniture,Acoustic Office Pods,2020.37,1,0.05,1919.35,937.51,981.84,Delivered,3
ORD-23537,2025-12-18,CUST-1032,Corporate,North America,USA,Software & Cloud,DevOps Productivity Tools,1471.95,2,0.1,2649.51,478.21,2171.3,Delivered,3
ORD-23538,2025-09-24,CUST-1200,Enterprise,Europe,Germany,Software & Cloud,DevOps Productivity Tools,744.74,5,0.05,3537.51,1060.6,2476.91,Delivered,3
ORD-23539,2026-04-26,CUST-1372,Enterprise,North America,Canada,Electronics,Laptops & Workstations,1510.65,4,0.05,5740.47,3970.77,1769.7,Delivered,4
ORD-23540,2025-05-22,CUST-1053,Enterprise,Asia Pacific,South Korea,Software & Cloud,Enterprise CRM License,2790.48,1,0.0,2790.48,803.81,1986.67,Delivered,3
ORD-23541,2025-04-02,CUST-1009,Corporate,North America,USA,Electronics,Wireless Audio,134.12,3,0.0,402.36,300.3,102.06,Delivered,4
ORD-23542,2025-03-06,CUST-1293,Small Business,North America,Canada,Software & Cloud,Cloud Analytics Suite,1135.89,4,0.05,4316.38,1194.86,3121.52,Delivered,4
ORD-23543,2025-08-22,CUST-1331,Enterprise,Asia Pacific,Australia,Office Furniture,Conference Tables,2307.62,3,0.0,6922.86,3694.35,3228.51,Cancelled,1
ORD-23544,2026-01-11,CUST-1190,Enterprise,North America,Canada,Software & Cloud,AI Assistant Subscription,438.86,1,0.05,416.92,97.6,319.32,Delivered,3
ORD-23545,2026-02-16,CUST-1222,Small Business,North America,Mexico,Office Supplies,High-Volume Printers,797.8,1,0.15,678.13,401.07,277.06,Cancelled,1
ORD-23546,2026-07-02,CUST-1056,Enterprise,Asia Pacific,South Korea,Electronics,Laptops & Workstations,1430.12,1,0.0,1430.12,1112.72,317.4,Delivered,4
ORD-23547,2026-06-18,CUST-1275,Consumer,Europe,United Kingdom,Electronics,Monitors & Displays,794.29,5,0.0,3971.45,2392.82,1578.63,Shipped,4
ORD-23548,2025-06-19,CUST-1328,Enterprise,North America,Mexico,Office Furniture,LED Desk Lighting,61.1,2,0.0,122.2,55.58,66.62,Delivered,5
ORD-23549,2026-03-22,CUST-1096,Corporate,North America,Mexico,Software & Cloud,Enterprise CRM License,2702.01,1,0.2,2161.61,531.51,1630.1,Shipped,4
ORD-23550,2025-12-12,CUST-1006,Enterprise,North America,Canada,Electronics,Wireless Audio,217.92,1,0.0,217.92,168.76,49.16,Delivered,3
ORD-23551,2025-01-10,CUST-1330,Consumer,North America,Mexico,Electronics,Laptops & Workstations,1757.72,1,0.05,1669.83,1240.14,429.69,Shipped,4
ORD-23552,2025-03-28,CUST-1213,Enterprise,Asia Pacific,Singapore,Office Supplies,Paper & Stationeries Pack,48.55,5,0.05,230.61,155.53,75.08,Delivered,3
ORD-23553,2025-08-02,CUST-1169,Corporate,North America,Canada,Software & Cloud,DevOps Productivity Tools,578.37,1,0.0,578.37,89.03,489.34,Delivered,3
ORD-23554,2025-09-13,CUST-1375,Corporate,Asia Pacific,Singapore,Electronics,Laptops & Workstations,2255.32,1,0.0,2255.32,1571.08,684.24,Shipped,3
ORD-23555,2025-09-14,CUST-1288,Corporate,Asia Pacific,India,Electronics,Smartphones & Tablets,907.92,2,0.0,1815.84,1132.15,683.69,Delivered,4
ORD-23556,2026-01-12,CUST-1376,Corporate,North America,Mexico,Office Furniture,Adjustable Standing Desks,1361.42,4,0.0,5445.68,2772.63,2673.05,Delivered,4
ORD-23557,2025-06-06,CUST-1035,Corporate,Middle East & Africa,Saudi Arabia,Office Furniture,LED Desk Lighting,137.0,8,0.1,986.4,538.59,447.81,Delivered,4
ORD-23558,2025-03-16,CUST-1260,Corporate,Latin America,Colombia,Electronics,Laptops & Workstations,1927.81,4,0.1,6940.12,4634.85,2305.27,Shipped,4
ORD-23559,2025-05-06,CUST-1080,Corporate,Middle East & Africa,South Africa,Software & Cloud,Cloud Analytics Suite,2572.33,4,0.0,10289.32,2747.7,7541.62,Delivered,5
ORD-23560,2026-07-10,CUST-1163,Enterprise,Asia Pacific,Japan,Office Supplies,Presentation Equipment,278.25,2,0.0,556.5,379.44,177.06,Delivered,3
ORD-23561,2026-05-17,CUST-1184,Corporate,North America,Canada,Office Supplies,Breakroom Supplies,85.36,1,0.05,81.09,55.9,25.19,Delivered,4
ORD-23562,2026-04-16,CUST-1378,Corporate,Europe,Spain,Software & Cloud,Cloud Analytics Suite,935.31,1,0.1,841.78,161.98,679.8,Delivered,4
ORD-23563,2025-03-14,CUST-1047,Small Business,Middle East & Africa,Saudi Arabia,Electronics,Smart Wearables,350.78,4,0.0,1403.12,887.01,516.11,Delivered,5
ORD-23564,2026-04-23,CUST-1226,Enterprise,Asia Pacific,India,Electronics,Laptops & Workstations,1874.17,1,0.0,1874.17,1196.56,677.61,Shipped,2
ORD-23565,2026-04-24,CUST-1081,Small Business,Latin America,Colombia,Office Supplies,Paper & Stationeries Pack,83.98,2,0.1,151.16,83.18,67.98,Delivered,4
ORD-23566,2025-11-10,CUST-1265,Enterprise,North America,Mexico,Office Furniture,Adjustable Standing Desks,672.41,4,0.05,2555.16,1565.65,989.51,Delivered,5
ORD-23567,2025-07-31,CUST-1337,Enterprise,Europe,France,Electronics,Laptops & Workstations,1263.48,5,0.0,6317.4,4629.84,1687.56,Delivered,3
ORD-23568,2025-09-27,CUST-1242,Corporate,North America,Mexico,Electronics,Laptops & Workstations,2038.41,3,0.15,5197.95,3358.12,1839.83,Delivered,4
ORD-23569,2025-04-14,CUST-1121,Consumer,North America,Canada,Office Supplies,High-Volume Printers,429.91,1,0.2,343.93,230.06,113.87,Delivered,2
ORD-23570,2025-03-17,CUST-1391,Enterprise,Europe,United Kingdom,Electronics,Monitors & Displays,748.92,5,0.1,3370.14,2220.06,1150.08,Delivered,1
ORD-23571,2025-04-27,CUST-1263,Corporate,Europe,Spain,Electronics,Wireless Audio,167.95,3,0.1,453.46,354.18,99.28,Processing,3
ORD-23572,2025-05-16,CUST-1147,Small Business,North America,Canada,Software & Cloud,AI Assistant Subscription,877.94,2,0.1,1580.29,451.96,1128.33,Delivered,4
ORD-23573,2025-09-07,CUST-1103,Enterprise,Europe,Germany,Electronics,Monitors & Displays,724.7,2,0.05,1376.93,937.74,439.19,Delivered,4
ORD-23574,2025-02-28,CUST-1124,Corporate,Europe,Spain,Software & Cloud,Enterprise CRM License,858.51,1,0.15,729.73,123.94,605.79,Shipped,5
ORD-23575,2026-01-04,CUST-1070,Corporate,North America,Mexico,Software & Cloud,Cloud Analytics Suite,1346.82,2,0.0,2693.64,656.63,2037.01,Delivered,4
ORD-23576,2025-01-15,CUST-1003,Enterprise,Europe,France,Electronics,Monitors & Displays,422.48,2,0.05,802.71,544.16,258.55,Processing,4
ORD-23577,2025-05-18,CUST-1104,Corporate,Middle East & Africa,Saudi Arabia,Software & Cloud,DevOps Productivity Tools,1151.83,3,0.0,3455.49,827.73,2627.76,Delivered,5
ORD-23578,2026-05-28,CUST-1229,Small Business,Asia Pacific,India,Electronics,Laptops & Workstations,1673.47,2,0.0,3346.94,2335.38,1011.56,Delivered,3
ORD-23579,2025-03-14,CUST-1274,Small Business,Middle East & Africa,South Africa,Electronics,Laptops & Workstations,2356.01,1,0.0,2356.01,1846.84,509.17,Delivered,3
ORD-23580,2025-05-05,CUST-1351,Enterprise,Europe,United Kingdom,Office Furniture,LED Desk Lighting,81.64,5,0.05,387.79,196.65,191.14,Delivered,3
ORD-23581,2025-03-21,CUST-1109,Small Business,Europe,France,Office Supplies,Breakroom Supplies,121.08,3,0.15,308.75,197.76,110.99,Delivered,3
ORD-23582,2026-01-31,CUST-1137,Corporate,Asia Pacific,Australia,Software & Cloud,Cloud Analytics Suite,3583.97,3,0.15,9139.12,2116.74,7022.38,Delivered,3
ORD-23583,2026-03-31,CUST-1216,Enterprise,North America,USA,Software & Cloud,Cloud Analytics Suite,1127.73,3,0.05,3214.03,955.09,2258.94,Delivered,4
ORD-23584,2025-09-27,CUST-1088,Consumer,Europe,United Kingdom,Software & Cloud,Cloud Analytics Suite,4040.0,2,0.2,6464.0,1591.75,4872.25,Delivered,3
ORD-23585,2025-03-04,CUST-1141,Corporate,Europe,Germany,Software & Cloud,AI Assistant Subscription,652.21,1,0.0,652.21,135.79,516.42,Delivered,4
ORD-23586,2025-02-07,CUST-1330,Corporate,Asia Pacific,India,Electronics,Smartphones & Tablets,642.64,1,0.2,514.11,344.38,169.73,Delivered,5
ORD-23587,2026-05-20,CUST-1190,Small Business,North America,Mexico,Office Supplies,Storage & Archiving Units,250.64,4,0.0,1002.56,606.88,395.68,Processing,3
ORD-23588,2026-05-21,CUST-1339,Consumer,North America,USA,Office Supplies,Storage & Archiving Units,118.69,1,0.2,94.95,55.81,39.14,Delivered,3
ORD-23589,2026-03-22,CUST-1317,Small Business,Middle East & Africa,UAE,Office Furniture,Acoustic Office Pods,1526.25,1,0.0,1526.25,946.55,579.7,Delivered,4
ORD-23590,2025-07-02,CUST-1345,Corporate,Europe,Germany,Office Furniture,LED Desk Lighting,60.26,2,0.1,108.47,67.79,40.68,Delivered,2
ORD-23591,2026-06-21,CUST-1234,Corporate,Europe,Netherlands,Electronics,Smart Wearables,267.12,2,0.0,534.24,360.82,173.42,Shipped,3
ORD-23592,2025-11-29,CUST-1250,Consumer,Europe,France,Software & Cloud,Cloud Analytics Suite,2919.0,2,0.05,5546.1,1610.47,3935.63,Delivered,3
ORD-23593,2025-03-03,CUST-1047,Corporate,Europe,United Kingdom,Electronics,Wireless Audio,245.04,3,0.0,735.12,563.21,171.91,Delivered,1
ORD-23594,2026-05-29,CUST-1102,Small Business,Europe,United Kingdom,Software & Cloud,Cloud Analytics Suite,1162.75,2,0.0,2325.5,312.22,2013.28,Delivered,4
ORD-23595,2026-05-14,CUST-1040,Consumer,Europe,Spain,Office Furniture,Acoustic Office Pods,4988.87,2,0.05,9478.85,4919.16,4559.69,Delivered,3
ORD-23596,2025-10-22,CUST-1143,Enterprise,North America,Canada,Software & Cloud,Cybersecurity Suite,1683.57,2,0.0,3367.14,438.26,2928.88,Delivered,3
ORD-23597,2025-11-21,CUST-1394,Corporate,Asia Pacific,Singapore,Office Furniture,Ergonomic Executive Chairs,420.48,3,0.0,1261.44,671.33,590.11,Delivered,4
ORD-23598,2025-02-08,CUST-1130,Enterprise,Middle East & Africa,South Africa,Electronics,Laptops & Workstations,1721.23,2,0.0,3442.46,2459.5,982.96,Delivered,4
ORD-23599,2026-03-13,CUST-1312,Enterprise,Europe,Spain,Office Supplies,Presentation Equipment,428.28,1,0.05,406.87,234.27,172.6,Delivered,3
ORD-23600,2026-05-16,CUST-1167,Corporate,Europe,United Kingdom,Office Supplies,Storage & Archiving Units,286.88,3,0.05,817.61,465.45,352.16,Delivered,4
ORD-23601,2026-07-13,CUST-1175,Corporate,North America,USA,Electronics,Monitors & Displays,702.86,1,0.1,632.57,501.42,131.15,Delivered,3
ORD-23602,2026-07-08,CUST-1225,Consumer,Latin America,Chile,Electronics,Wireless Audio,103.99,2,0.0,207.98,142.4,65.58,Shipped,4
ORD-23603,2026-01-25,CUST-1356,Small Business,Europe,Germany,Office Furniture,Ergonomic Executive Chairs,521.63,4,0.15,1773.54,801.67,971.87,Shipped,5
ORD-23604,2025-05-23,CUST-1046,Small Business,North America,Canada,Office Furniture,Conference Tables,1995.97,5,0.0,9979.85,6425.72,3554.13,Delivered,5
ORD-23605,2025-10-04,CUST-1323,Enterprise,Europe,Spain,Electronics,Wireless Audio,254.45,3,0.1,687.01,503.29,183.72,Delivered,5
ORD-23606,2025-01-02,CUST-1341,Corporate,North America,USA,Software & Cloud,DevOps Productivity Tools,1431.92,4,0.05,5441.3,704.6,4736.7,Shipped,2
ORD-23607,2025-06-21,CUST-1326,Enterprise,North America,Canada,Electronics,Smart Wearables,372.17,1,0.0,372.17,238.81,133.36,Shipped,4
ORD-23608,2025-05-11,CUST-1200,Corporate,Europe,Spain,Office Supplies,Presentation Equipment,163.63,4,0.05,621.79,428.4,193.39,Delivered,3
ORD-23609,2025-12-15,CUST-1303,Enterprise,Latin America,Chile,Office Furniture,LED Desk Lighting,67.15,8,0.0,537.2,277.85,259.35,Delivered,4
ORD-23610,2025-12-27,CUST-1121,Enterprise,Asia Pacific,Japan,Office Furniture,Ergonomic Executive Chairs,457.73,1,0.1,411.96,203.53,208.43,Delivered,5
ORD-23611,2026-04-08,CUST-1298,Small Business,North America,Mexico,Software & Cloud,DevOps Productivity Tools,355.76,1,0.0,355.76,53.8,301.96,Delivered,4
ORD-23612,2025-03-22,CUST-1342,Corporate,Asia Pacific,Singapore,Office Supplies,Paper & Stationeries Pack,119.0,4,0.0,476.0,287.0,189.0,Delivered,4
ORD-23613,2026-04-29,CUST-1225,Corporate,North America,Canada,Software & Cloud,AI Assistant Subscription,901.14,4,0.05,3424.33,987.18,2437.15,Delivered,3
ORD-23614,2025-12-01,CUST-1239,Corporate,Europe,Spain,Office Furniture,Adjustable Standing Desks,659.02,2,0.1,1186.24,734.56,451.68,Delivered,4
ORD-23615,2025-01-02,CUST-1143,Small Business,Europe,France,Office Furniture,Adjustable Standing Desks,539.54,10,0.05,5125.63,2627.71,2497.92,Delivered,3
ORD-23616,2025-07-23,CUST-1210,Small Business,Asia Pacific,Australia,Software & Cloud,Cybersecurity Suite,1427.64,4,0.2,4568.45,866.8,3701.65,Processing,3
ORD-23617,2026-04-02,CUST-1180,Corporate,North America,Mexico,Software & Cloud,Cybersecurity Suite,2067.33,2,0.1,3721.19,578.77,3142.42,Delivered,2
ORD-23618,2025-08-27,CUST-1019,Corporate,North America,Mexico,Software & Cloud,AI Assistant Subscription,572.57,1,0.0,572.57,96.79,475.78,Delivered,4
ORD-23619,2025-12-23,CUST-1360,Enterprise,North America,Canada,Software & Cloud,AI Assistant Subscription,368.87,1,0.15,313.54,50.36,263.18,Delivered,4
ORD-23620,2025-01-19,CUST-1225,Consumer,Europe,Germany,Office Furniture,Adjustable Standing Desks,692.87,1,0.1,623.58,300.51,323.07,Delivered,5
ORD-23621,2026-06-12,CUST-1096,Small Business,Europe,Netherlands,Software & Cloud,Enterprise CRM License,1319.85,4,0.0,5279.4,1039.57,4239.83,Delivered,3
ORD-23622,2025-11-17,CUST-1370,Small Business,North America,Mexico,Electronics,Monitors & Displays,291.69,1,0.05,277.11,169.34,107.77,Delivered,4
ORD-23623,2025-05-02,CUST-1370,Small Business,North America,USA,Office Furniture,Ergonomic Executive Chairs,598.62,4,0.0,2394.48,1312.75,1081.73,Delivered,4
ORD-23624,2025-12-21,CUST-1328,Small Business,Europe,United Kingdom,Office Furniture,Acoustic Office Pods,4017.06,1,0.0,4017.06,2412.4,1604.66,Delivered,3
ORD-23625,2025-03-26,CUST-1172,Enterprise,Europe,Germany,Software & Cloud,Cybersecurity Suite,1647.56,1,0.1,1482.8,341.66,1141.14,Delivered,1
ORD-23626,2026-05-29,CUST-1248,Corporate,Middle East & Africa,UAE,Software & Cloud,Cybersecurity Suite,1974.76,1,0.0,1974.76,545.18,1429.58,Delivered,3
ORD-23627,2026-03-13,CUST-1026,Corporate,Europe,Spain,Software & Cloud,DevOps Productivity Tools,566.99,1,0.05,538.64,128.33,410.31,Delivered,5
ORD-23628,2025-03-17,CUST-1157,Consumer,Europe,Germany,Software & Cloud,Cybersecurity Suite,2044.64,15,0.05,29136.12,6030.64,23105.48,Delivered,5
ORD-23629,2026-03-31,CUST-1342,Corporate,North America,Mexico,Software & Cloud,Cybersecurity Suite,441.75,3,0.15,1126.46,248.63,877.83,Delivered,3
ORD-23630,2025-11-02,CUST-1246,Small Business,North America,Canada,Electronics,Wireless Audio,263.54,1,0.0,263.54,198.81,64.73,Delivered,4
ORD-23631,2026-07-24,CUST-1011,Corporate,North America,Canada,Office Furniture,LED Desk Lighting,64.09,1,0.15,54.48,35.22,19.26,Delivered,4
ORD-23632,2025-09-27,CUST-1166,Corporate,Europe,France,Office Furniture,Acoustic Office Pods,2750.95,10,0.0,27509.5,17102.62,10406.88,Delivered,4
ORD-23633,2025-11-24,CUST-1122,Corporate,North America,Mexico,Electronics,Smartphones & Tablets,1016.4,3,0.05,2896.74,1823.01,1073.73,Delivered,4
ORD-23634,2025-03-20,CUST-1078,Small Business,North America,USA,Office Furniture,Acoustic Office Pods,4437.45,1,0.0,4437.45,2315.99,2121.46,Delivered,4
ORD-23635,2025-06-15,CUST-1100,Enterprise,North America,Canada,Office Furniture,Conference Tables,947.33,3,0.0,2841.99,1551.35,1290.64,Processing,4
ORD-23636,2025-11-14,CUST-1395,Corporate,Asia Pacific,South Korea,Office Furniture,LED Desk Lighting,123.71,1,0.0,123.71,72.85,50.86,Processing,2
ORD-23637,2026-02-26,CUST-1257,Small Business,Europe,Spain,Office Furniture,LED Desk Lighting,153.44,2,0.0,306.88,141.24,165.64,Processing,5
ORD-23638,2025-04-21,CUST-1146,Enterprise,Europe,Netherlands,Electronics,Wireless Audio,223.18,2,0.05,424.04,329.32,94.72,Delivered,2
ORD-23639,2026-03-04,CUST-1394,Corporate,Asia Pacific,Australia,Software & Cloud,DevOps Productivity Tools,557.48,1,0.05,529.61,137.63,391.98,Processing,5
ORD-23640,2025-09-02,CUST-1239,Small Business,North America,USA,Software & Cloud,AI Assistant Subscription,808.86,4,0.0,3235.44,723.45,2511.99,Delivered,4
ORD-23641,2025-01-12,CUST-1192,Corporate,Middle East & Africa,Saudi Arabia,Office Furniture,Adjustable Standing Desks,641.36,5,0.0,3206.8,1709.13,1497.67,Delivered,4
ORD-23642,2025-11-17,CUST-1156,Corporate,Europe,United Kingdom,Software & Cloud,Cloud Analytics Suite,1746.59,2,0.05,3318.52,831.42,2487.1,Delivered,4
ORD-23643,2025-11-24,CUST-1133,Enterprise,Europe,Netherlands,Software & Cloud,Cybersecurity Suite,1603.48,2,0.05,3046.61,856.72,2189.89,Delivered,4
ORD-23644,2026-05-15,CUST-1277,Consumer,Middle East & Africa,Saudi Arabia,Electronics,Smart Wearables,396.51,4,0.0,1586.04,1020.62,565.42,Delivered,2
ORD-23645,2025-04-28,CUST-1263,Corporate,Asia Pacific,India,Electronics,Smartphones & Tablets,703.78,3,0.0,2111.34,1335.59,775.75,Delivered,3
ORD-23646,2026-05-09,CUST-1128,Enterprise,Europe,United Kingdom,Electronics,Smart Wearables,281.29,1,0.05,267.23,180.19,87.04,Delivered,4
ORD-23647,2026-03-09,CUST-1249,Small Business,Asia Pacific,Australia,Office Supplies,Presentation Equipment,540.98,4,0.05,2055.72,1105.44,950.28,Delivered,5
ORD-23648,2025-02-24,CUST-1239,Small Business,Europe,France,Office Furniture,Ergonomic Executive Chairs,747.42,3,0.0,2242.26,1342.11,900.15,Delivered,4
ORD-23649,2025-07-10,CUST-1043,Small Business,Europe,Spain,Electronics,Monitors & Displays,311.41,4,0.0,1245.64,845.46,400.18,Delivered,3
ORD-23650,2025-01-04,CUST-1335,Corporate,Europe,Netherlands,Software & Cloud,AI Assistant Subscription,320.51,1,0.0,320.51,53.9,266.61,Delivered,3
ORD-23651,2026-01-21,CUST-1334,Corporate,North America,USA,Software & Cloud,Enterprise CRM License,2621.79,2,0.1,4719.22,1365.9,3353.32,Delivered,3
ORD-23652,2025-12-11,CUST-1005,Corporate,Europe,Spain,Office Supplies,Paper & Stationeries Pack,115.6,2,0.0,231.2,150.75,80.45,Delivered,4
ORD-23653,2025-08-12,CUST-1308,Small Business,Europe,Germany,Software & Cloud,AI Assistant Subscription,220.54,5,0.05,1047.57,209.87,837.7,Delivered,4
ORD-23654,2025-10-02,CUST-1195,Small Business,North America,USA,Office Supplies,Storage & Archiving Units,108.8,4,0.0,435.2,239.98,195.22,Delivered,3
ORD-23655,2025-03-15,CUST-1153,Consumer,Asia Pacific,Australia,Electronics,Laptops & Workstations,1224.32,4,0.0,4897.28,3331.83,1565.45,Shipped,4
ORD-23656,2025-03-12,CUST-1068,Corporate,Latin America,Chile,Office Supplies,Paper & Stationeries Pack,50.81,4,0.0,203.24,103.96,99.28,Delivered,4
ORD-23657,2025-03-04,CUST-1205,Corporate,Europe,Netherlands,Office Furniture,Ergonomic Executive Chairs,907.3,2,0.05,1723.87,828.46,895.41,Delivered,4
ORD-23658,2025-09-24,CUST-1374,Corporate,Latin America,Brazil,Software & Cloud,DevOps Productivity Tools,326.8,2,0.1,588.24,153.64,434.6,Delivered,4
ORD-23659,2026-04-17,CUST-1205,Corporate,North America,USA,Office Furniture,LED Desk Lighting,150.17,3,0.05,427.98,251.81,176.17,Delivered,3
ORD-23660,2025-09-04,CUST-1323,Corporate,Europe,United Kingdom,Electronics,Laptops & Workstations,1474.01,2,0.0,2948.02,1967.68,980.34,Delivered,4
ORD-23661,2025-03-29,CUST-1383,Corporate,North America,Canada,Office Furniture,LED Desk Lighting,98.0,1,0.15,83.3,44.42,38.88,Shipped,4
ORD-23662,2025-06-07,CUST-1118,Corporate,North America,Canada,Software & Cloud,Cybersecurity Suite,699.16,5,0.1,3146.22,736.31,2409.91,Delivered,4
ORD-23663,2026-05-08,CUST-1183,Small Business,Europe,France,Software & Cloud,AI Assistant Subscription,309.07,3,0.0,927.21,202.75,724.46,Delivered,4
ORD-23664,2025-12-06,CUST-1292,Corporate,North America,USA,Office Supplies,Breakroom Supplies,63.13,1,0.0,63.13,37.96,25.17,Delivered,3
ORD-23665,2025-04-15,CUST-1174,Corporate,North America,Canada,Electronics,Smart Wearables,254.74,1,0.1,229.27,182.29,46.98,Delivered,3
ORD-23666,2025-05-14,CUST-1262,Consumer,Asia Pacific,South Korea,Office Supplies,Paper & Stationeries Pack,80.38,8,0.0,643.04,412.99,230.05,Delivered,5
ORD-23667,2026-07-08,CUST-1170,Enterprise,Europe,Germany,Software & Cloud,Cloud Analytics Suite,3894.31,4,0.2,12461.79,3695.1,8766.69,Delivered,3
ORD-23668,2025-06-07,CUST-1075,Enterprise,Europe,Spain,Electronics,Wireless Audio,240.6,4,0.1,866.16,655.61,210.55,Delivered,2
ORD-23669,2025-04-02,CUST-1082,Consumer,Europe,Germany,Electronics,Monitors & Displays,637.28,2,0.15,1083.38,739.03,344.35,Delivered,4
ORD-23670,2025-05-10,CUST-1070,Corporate,Middle East & Africa,Saudi Arabia,Electronics,Wireless Audio,319.2,1,0.0,319.2,249.0,70.2,Delivered,5
ORD-23671,2026-05-22,CUST-1153,Corporate,Europe,Spain,Office Furniture,Ergonomic Executive Chairs,548.46,3,0.05,1563.11,803.69,759.42,Delivered,4
ORD-23672,2025-02-15,CUST-1253,Small Business,Latin America,Chile,Office Supplies,Storage & Archiving Units,256.52,2,0.05,487.39,312.45,174.94,Delivered,4
ORD-23673,2026-04-12,CUST-1215,Enterprise,North America,USA,Office Supplies,Paper & Stationeries Pack,75.74,3,0.0,227.22,134.96,92.26,Delivered,4
ORD-23674,2026-06-11,CUST-1116,Corporate,Latin America,Chile,Software & Cloud,Cloud Analytics Suite,4417.29,10,0.2,35338.32,8142.1,27196.22,Delivered,3
ORD-23675,2025-01-17,CUST-1145,Small Business,North America,USA,Office Supplies,Storage & Archiving Units,211.35,5,0.0,1056.75,691.46,365.29,Delivered,3
ORD-23676,2025-06-06,CUST-1127,Small Business,Europe,Netherlands,Office Supplies,Storage & Archiving Units,154.2,1,0.0,154.2,102.63,51.57,Delivered,3
ORD-23677,2025-11-09,CUST-1229,Enterprise,North America,Mexico,Electronics,Smartphones & Tablets,679.91,3,0.05,1937.74,1260.13,677.61,Delivered,4
ORD-23678,2025-01-25,CUST-1359,Consumer,North America,USA,Software & Cloud,Enterprise CRM License,2331.32,1,0.0,2331.32,610.32,1721.0,Delivered,4
ORD-23679,2026-01-26,CUST-1083,Corporate,Europe,Spain,Office Furniture,Ergonomic Executive Chairs,549.92,4,0.05,2089.7,1162.49,927.21,Shipped,5
ORD-23680,2025-03-15,CUST-1067,Consumer,North America,Mexico,Office Furniture,Conference Tables,1780.86,3,0.0,5342.58,2607.01,2735.57,Delivered,3
ORD-23681,2025-07-16,CUST-1068,Enterprise,Europe,United Kingdom,Software & Cloud,Enterprise CRM License,2416.11,4,0.05,9181.22,2586.0,6595.22,Delivered,4
ORD-23682,2025-09-04,CUST-1189,Corporate,North America,USA,Office Supplies,Breakroom Supplies,170.4,4,0.0,681.6,342.4,339.2,Delivered,4
ORD-23683,2026-04-23,CUST-1103,Corporate,North America,USA,Electronics,Wireless Audio,101.58,4,0.05,386.0,251.35,134.65,Shipped,4
ORD-23684,2025-04-13,CUST-1261,Small Business,North America,Canada,Electronics,Monitors & Displays,779.37,2,0.0,1558.74,1174.51,384.23,Delivered,3
ORD-23685,2025-11-17,CUST-1327,Consumer,Middle East & Africa,South Africa,Electronics,Wireless Audio,183.68,4,0.05,697.98,508.33,189.65,Delivered,4
ORD-23686,2026-03-19,CUST-1269,Small Business,North America,Canada,Electronics,Smart Wearables,339.54,2,0.05,645.13,441.79,203.34,Delivered,4
ORD-23687,2025-05-22,CUST-1166,Enterprise,North America,Mexico,Software & Cloud,Cloud Analytics Suite,3895.33,4,0.0,15581.32,4605.88,10975.44,Shipped,3
ORD-23688,2025-12-05,CUST-1023,Small Business,North America,Mexico,Electronics,Smartphones & Tablets,1313.97,3,0.0,3941.91,2501.5,1440.41,Delivered,3
ORD-23689,2025-08-06,CUST-1150,Enterprise,Latin America,Colombia,Software & Cloud,AI Assistant Subscription,530.63,8,0.0,4245.04,1089.71,3155.33,Delivered,4
ORD-23690,2025-04-13,CUST-1084,Enterprise,Europe,United Kingdom,Office Furniture,Ergonomic Executive Chairs,730.01,3,0.0,2190.03,1126.68,1063.35,Delivered,4
ORD-23691,2025-08-21,CUST-1351,Consumer,North America,USA,Software & Cloud,Cybersecurity Suite,520.92,3,0.05,1484.62,181.08,1303.54,Shipped,4
ORD-23692,2026-06-27,CUST-1136,Consumer,North America,USA,Electronics,Wireless Audio,138.74,8,0.0,1109.92,794.91,315.01,Shipped,5
ORD-23693,2025-12-10,CUST-1326,Consumer,Europe,Spain,Electronics,Monitors & Displays,602.05,3,0.0,1806.15,1375.27,430.88,Delivered,4
ORD-23694,2026-06-22,CUST-1285,Corporate,North America,Mexico,Electronics,Smartphones & Tablets,941.05,2,0.1,1693.89,1293.48,400.41,Delivered,4
ORD-23695,2025-06-19,CUST-1068,Corporate,Asia Pacific,South Korea,Office Furniture,Conference Tables,1593.95,4,0.05,6057.01,2933.7,3123.31,Delivered,3
ORD-23696,2026-07-21,CUST-1157,Small Business,Europe,France,Electronics,Smartphones & Tablets,706.08,3,0.1,1906.42,1196.86,709.56,Shipped,4
ORD-23697,2025-05-16,CUST-1322,Corporate,Asia Pacific,Australia,Electronics,Monitors & Displays,301.99,5,0.0,1509.95,1079.38,430.57,Delivered,4
ORD-23698,2025-10-28,CUST-1100,Corporate,Latin America,Brazil,Office Furniture,Conference Tables,2203.68,15,0.1,29749.68,15555.67,14194.01,Delivered,5
ORD-23699,2026-06-08,CUST-1220,Enterprise,North America,USA,Office Furniture,LED Desk Lighting,172.36,2,0.0,344.72,200.4,144.32,Delivered,4
ORD-23700,2025-08-05,CUST-1187,Corporate,Middle East & Africa,UAE,Electronics,Smartphones & Tablets,1357.51,3,0.05,3868.9,2768.61,1100.29,Delivered,5
ORD-23701,2026-04-19,CUST-1002,Corporate,Middle East & Africa,South Africa,Electronics,Laptops & Workstations,1891.67,2,0.05,3594.17,2161.01,1433.16,Delivered,4
ORD-23702,2025-01-12,CUST-1373,Corporate,Asia Pacific,Australia,Electronics,Smart Wearables,342.07,1,0.0,342.07,243.82,98.25,Delivered,2
ORD-23703,2026-04-26,CUST-1121,Corporate,North America,USA,Electronics,Wireless Audio,120.15,3,0.0,360.45,230.38,130.07,Delivered,3
ORD-23704,2025-03-30,CUST-1368,Corporate,Europe,Netherlands,Office Furniture,Conference Tables,1269.84,2,0.1,2285.71,1113.86,1171.85,Delivered,4
ORD-23705,2025-03-30,CUST-1087,Corporate,North America,USA,Software & Cloud,DevOps Productivity Tools,1295.3,1,0.2,1036.24,267.97,768.27,Delivered,5
ORD-23706,2025-07-16,CUST-1218,Corporate,North America,USA,Software & Cloud,Cloud Analytics Suite,4366.9,2,0.0,8733.8,1483.83,7249.97,Delivered,4
ORD-23707,2026-02-22,CUST-1388,Enterprise,Europe,Spain,Office Furniture,Adjustable Standing Desks,992.31,1,0.05,942.69,497.39,445.3,Delivered,4
ORD-23708,2026-06-11,CUST-1161,Corporate,North America,Mexico,Electronics,Laptops & Workstations,2223.7,2,0.0,4447.4,3517.14,930.26,Delivered,3
ORD-23709,2025-08-19,CUST-1021,Corporate,Asia Pacific,Singapore,Office Furniture,Ergonomic Executive Chairs,490.53,8,0.0,3924.24,2218.54,1705.7,Delivered,4
ORD-23710,2025-04-24,CUST-1166,Enterprise,North America,USA,Electronics,Smartphones & Tablets,1057.69,1,0.1,951.92,622.66,329.26,Delivered,5
ORD-23711,2025-06-08,CUST-1138,Enterprise,Europe,Netherlands,Electronics,Laptops & Workstations,2311.41,3,0.0,6934.23,4303.19,2631.04,Delivered,4
ORD-23712,2025-08-23,CUST-1062,Small Business,North America,Canada,Electronics,Smartphones & Tablets,1264.12,1,0.0,1264.12,950.6,313.52,Delivered,3
ORD-23713,2025-09-13,CUST-1131,Small Business,North America,Mexico,Office Supplies,Storage & Archiving Units,215.76,1,0.15,183.4,113.11,70.29,Delivered,4
ORD-23714,2025-10-15,CUST-1175,Corporate,North America,USA,Software & Cloud,Cybersecurity Suite,1973.72,15,0.0,29605.8,4638.22,24967.58,Delivered,4
ORD-23715,2026-05-21,CUST-1037,Corporate,Asia Pacific,India,Office Furniture,Adjustable Standing Desks,1039.95,1,0.0,1039.95,549.43,490.52,Shipped,4
ORD-23716,2026-03-11,CUST-1187,Consumer,Latin America,Brazil,Software & Cloud,AI Assistant Subscription,481.99,1,0.05,457.89,126.51,331.38,Delivered,4
ORD-23717,2025-05-07,CUST-1000,Consumer,Asia Pacific,South Korea,Office Supplies,Storage & Archiving Units,241.92,1,0.1,217.73,116.61,101.12,Shipped,2
ORD-23718,2026-03-26,CUST-1142,Enterprise,North America,Canada,Electronics,Smart Wearables,372.29,2,0.0,744.58,567.36,177.22,Cancelled,1
ORD-23719,2025-01-20,CUST-1318,Small Business,Europe,United Kingdom,Software & Cloud,Cloud Analytics Suite,1914.01,2,0.0,3828.02,1140.72,2687.3,Delivered,5
ORD-23720,2025-01-06,CUST-1191,Small Business,Middle East & Africa,South Africa,Software & Cloud,Cloud Analytics Suite,1110.39,2,0.1,1998.7,301.2,1697.5,Delivered,3
ORD-23721,2025-01-31,CUST-1201,Enterprise,Asia Pacific,Australia,Office Furniture,Adjustable Standing Desks,651.76,1,0.15,554.0,256.47,297.53,Delivered,5
ORD-23722,2025-06-09,CUST-1115,Consumer,North America,Canada,Office Furniture,Conference Tables,2090.29,1,0.0,2090.29,1096.52,993.77,Delivered,4
ORD-23723,2025-12-04,CUST-1062,Consumer,North America,Mexico,Office Supplies,Breakroom Supplies,113.25,3,0.15,288.79,155.46,133.33,Delivered,4
ORD-23724,2026-01-09,CUST-1040,Enterprise,Europe,France,Electronics,Smart Wearables,356.62,2,0.0,713.24,481.1,232.14,Delivered,5
ORD-23725,2025-09-18,CUST-1081,Corporate,North America,USA,Software & Cloud,Enterprise CRM License,2204.7,1,0.0,2204.7,569.86,1634.84,Delivered,3
ORD-23726,2026-06-24,CUST-1340,Corporate,North America,Canada,Office Supplies,High-Volume Printers,433.01,3,0.0,1299.03,699.44,599.59,Delivered,4
ORD-23727,2025-02-04,CUST-1262,Corporate,Asia Pacific,South Korea,Electronics,Monitors & Displays,298.36,3,0.1,805.57,523.82,281.75,Shipped,5
ORD-23728,2026-07-15,CUST-1212,Small Business,North America,USA,Software & Cloud,Enterprise CRM License,525.39,3,0.05,1497.36,355.64,1141.72,Delivered,3
ORD-23729,2025-03-02,CUST-1037,Small Business,North America,Mexico,Software & Cloud,Enterprise CRM License,2409.59,4,0.05,9156.44,2467.53,6688.91,Delivered,4
ORD-23730,2026-04-02,CUST-1192,Enterprise,Europe,France,Office Furniture,LED Desk Lighting,143.78,1,0.2,115.02,65.49,49.53,Shipped,5
ORD-23731,2025-07-17,CUST-1398,Enterprise,North America,USA,Office Furniture,Adjustable Standing Desks,1287.12,4,0.1,4633.63,2862.35,1771.28,Processing,4
ORD-23732,2026-06-15,CUST-1043,Consumer,Asia Pacific,India,Electronics,Smart Wearables,322.25,1,0.1,290.03,197.43,92.6,Delivered,1
ORD-23733,2026-02-01,CUST-1085,Small Business,North America,USA,Software & Cloud,Cloud Analytics Suite,3002.92,3,0.1,8107.88,1319.53,6788.35,Delivered,4
ORD-23734,2025-01-08,CUST-1203,Corporate,North America,USA,Electronics,Monitors & Displays,326.82,3,0.1,882.41,699.82,182.59,Delivered,4
ORD-23735,2025-02-28,CUST-1082,Corporate,North America,Canada,Office Furniture,LED Desk Lighting,150.34,1,0.0,150.34,71.24,79.1,Delivered,5
ORD-23736,2025-04-09,CUST-1064,Corporate,North America,USA,Electronics,Monitors & Displays,445.45,8,0.0,3563.6,2433.52,1130.08,Delivered,3
ORD-23737,2025-10-06,CUST-1237,Corporate,Asia Pacific,Singapore,Electronics,Smartphones & Tablets,600.82,1,0.0,600.82,474.89,125.93,Delivered,4
ORD-23738,2025-12-04,CUST-1276,Consumer,Asia Pacific,Singapore,Electronics,Monitors & Displays,408.17,1,0.0,408.17,298.1,110.07,Delivered,3
ORD-23739,2025-04-06,CUST-1349,Corporate,North America,Mexico,Office Supplies,Breakroom Supplies,150.41,4,0.0,601.64,380.57,221.07,Delivered,4
ORD-23740,2025-03-05,CUST-1218,Corporate,North America,USA,Software & Cloud,Cybersecurity Suite,840.08,1,0.05,798.08,139.29,658.79,Delivered,4
ORD-23741,2025-06-22,CUST-1162,Small Business,Asia Pacific,Australia,Electronics,Laptops & Workstations,1385.76,2,0.05,2632.94,2018.97,613.97,Delivered,3
ORD-23742,2025-03-07,CUST-1148,Enterprise,Middle East & Africa,South Africa,Office Furniture,LED Desk Lighting,168.74,3,0.1,455.6,226.94,228.66,Delivered,4
ORD-23743,2025-08-20,CUST-1153,Corporate,Asia Pacific,Australia,Software & Cloud,DevOps Productivity Tools,438.29,2,0.05,832.75,114.11,718.64,Delivered,4
ORD-23744,2025-05-01,CUST-1381,Enterprise,North America,USA,Software & Cloud,Enterprise CRM License,1535.81,1,0.0,1535.81,243.51,1292.3,Delivered,4
ORD-23745,2026-01-19,CUST-1035,Enterprise,North America,Mexico,Electronics,Laptops & Workstations,2190.05,5,0.2,8760.2,5517.13,3243.07,Delivered,4
ORD-23746,2025-08-23,CUST-1342,Consumer,North America,Canada,Office Furniture,Conference Tables,2655.99,2,0.0,5311.98,2634.76,2677.22,Delivered,1
ORD-23747,2025-12-17,CUST-1159,Small Business,North America,USA,Office Supplies,High-Volume Printers,480.86,2,0.15,817.46,557.36,260.1,Delivered,3
ORD-23748,2025-09-18,CUST-1279,Corporate,Middle East & Africa,Saudi Arabia,Software & Cloud,Cloud Analytics Suite,4478.34,2,0.0,8956.68,1729.59,7227.09,Shipped,4
ORD-23749,2025-03-27,CUST-1191,Corporate,North America,USA,Software & Cloud,Cybersecurity Suite,1231.06,1,0.0,1231.06,163.26,1067.8,Delivered,4
ORD-23750,2026-01-09,CUST-1246,Small Business,Europe,United Kingdom,Office Furniture,Conference Tables,1838.64,2,0.1,3309.55,1674.25,1635.3,Delivered,4
ORD-23751,2026-04-04,CUST-1392,Corporate,Europe,United Kingdom,Electronics,Wireless Audio,163.58,3,0.05,466.2,288.74,177.46,Delivered,4
ORD-23752,2025-03-03,CUST-1348,Consumer,Asia Pacific,Japan,Software & Cloud,Cybersecurity Suite,1032.82,1,0.15,877.9,200.59,677.31,Delivered,4
ORD-23753,2026-05-22,CUST-1180,Corporate,North America,Mexico,Software & Cloud,AI Assistant Subscription,898.44,1,0.1,808.6,105.64,702.96,Delivered,5
ORD-23754,2025-03-29,CUST-1235,Enterprise,North America,USA,Office Supplies,Breakroom Supplies,68.53,1,0.1,61.68,42.47,19.21,Delivered,1
ORD-23755,2025-06-14,CUST-1186,Small Business,North America,USA,Software & Cloud,AI Assistant Subscription,341.2,10,0.05,3241.4,477.94,2763.46,Delivered,5
ORD-23756,2025-03-25,CUST-1273,Corporate,Asia Pacific,Australia,Software & Cloud,Cloud Analytics Suite,1825.92,1,0.05,1734.62,234.06,1500.56,Shipped,2
ORD-23757,2026-05-17,CUST-1050,Enterprise,North America,Mexico,Software & Cloud,Cloud Analytics Suite,3878.05,1,0.0,3878.05,761.01,3117.04,Shipped,4
ORD-23758,2025-11-07,CUST-1274,Enterprise,North America,USA,Software & Cloud,Cloud Analytics Suite,839.98,2,0.0,1679.96,284.31,1395.65,Delivered,5
ORD-23759,2026-02-28,CUST-1231,Corporate,North America,Canada,Software & Cloud,DevOps Productivity Tools,975.81,1,0.05,927.02,191.04,735.98,Delivered,5
ORD-23760,2025-07-27,CUST-1389,Consumer,North America,USA,Electronics,Wireless Audio,145.56,2,0.0,291.12,209.08,82.04,Delivered,4
ORD-23761,2025-11-13,CUST-1076,Enterprise,Asia Pacific,South Korea,Office Furniture,LED Desk Lighting,166.06,1,0.0,166.06,84.22,81.84,Delivered,5
ORD-23762,2026-06-15,CUST-1064,Small Business,North America,Canada,Electronics,Laptops & Workstations,2477.1,8,0.05,18825.96,14888.3,3937.66,Delivered,5
ORD-23763,2025-01-10,CUST-1051,Corporate,North America,Canada,Software & Cloud,Cybersecurity Suite,1646.49,4,0.1,5927.36,1452.0,4475.36,Delivered,2
ORD-23764,2025-06-01,CUST-1054,Consumer,Europe,United Kingdom,Office Furniture,Adjustable Standing Desks,1298.92,5,0.05,6169.87,3641.56,2528.31,Delivered,4
ORD-23765,2025-09-06,CUST-1265,Small Business,Europe,France,Electronics,Laptops & Workstations,1746.34,3,0.0,5239.02,4111.91,1127.11,Delivered,5
ORD-23766,2025-12-31,CUST-1349,Enterprise,North America,USA,Software & Cloud,DevOps Productivity Tools,611.09,1,0.1,549.98,113.38,436.6,Delivered,4
ORD-23767,2025-11-23,CUST-1284,Small Business,Europe,Netherlands,Electronics,Smartphones & Tablets,988.86,4,0.0,3955.44,2806.95,1148.49,Delivered,3
ORD-23768,2025-03-17,CUST-1155,Corporate,Europe,United Kingdom,Office Furniture,Acoustic Office Pods,4635.76,4,0.0,18543.04,10899.84,7643.2,Delivered,4
ORD-23769,2026-06-29,CUST-1369,Enterprise,Middle East & Africa,South Africa,Electronics,Smart Wearables,192.2,1,0.0,192.2,117.67,74.53,Delivered,3
ORD-23770,2025-12-17,CUST-1098,Corporate,Asia Pacific,South Korea,Software & Cloud,DevOps Productivity Tools,1172.2,2,0.15,1992.74,359.43,1633.31,Delivered,4
ORD-23771,2025-04-10,CUST-1375,Enterprise,North America,Mexico,Software & Cloud,Cybersecurity Suite,1158.88,4,0.0,4635.52,972.83,3662.69,Delivered,3
ORD-23772,2026-03-12,CUST-1166,Corporate,North America,Mexico,Electronics,Smartphones & Tablets,1328.2,2,0.15,2257.94,1719.42,538.52,Delivered,4
ORD-23773,2026-03-24,CUST-1267,Consumer,Asia Pacific,South Korea,Office Supplies,High-Volume Printers,454.52,4,0.15,1545.37,888.43,656.94,Delivered,4
ORD-23774,2026-01-12,CUST-1359,Corporate,North America,USA,Software & Cloud,Enterprise CRM License,2674.83,4,0.0,10699.32,1622.52,9076.8,Shipped,5
ORD-23775,2026-04-23,CUST-1095,Small Business,Europe,Germany,Software & Cloud,AI Assistant Subscription,755.62,2,0.05,1435.68,421.31,1014.37,Delivered,2
ORD-23776,2026-05-01,CUST-1181,Corporate,Europe,Germany,Electronics,Wireless Audio,317.72,2,0.05,603.67,460.8,142.87,Delivered,4
ORD-23777,2025-07-19,CUST-1317,Corporate,Asia Pacific,Australia,Electronics,Wireless Audio,205.62,3,0.2,493.49,389.73,103.76,Delivered,4
ORD-23778,2025-03-15,CUST-1054,Corporate,Asia Pacific,Australia,Electronics,Laptops & Workstations,1611.09,2,0.05,3061.07,1913.05,1148.02,Delivered,3
ORD-23779,2026-07-23,CUST-1190,Corporate,North America,Mexico,Office Furniture,Ergonomic Executive Chairs,672.81,3,0.0,2018.43,1156.8,861.63,Delivered,3
ORD-23780,2025-08-01,CUST-1209,Corporate,Europe,France,Software & Cloud,Enterprise CRM License,2283.35,5,0.0,11416.75,2835.44,8581.31,Delivered,4
ORD-23781,2026-05-31,CUST-1338,Enterprise,North America,USA,Office Supplies,Storage & Archiving Units,296.85,2,0.0,593.7,300.74,292.96,Delivered,5
ORD-23782,2025-07-27,CUST-1165,Consumer,Europe,Netherlands,Electronics,Laptops & Workstations,1743.97,1,0.0,1743.97,1090.6,653.37,Delivered,1
ORD-23783,2026-06-27,CUST-1325,Enterprise,Europe,France,Electronics,Smartphones & Tablets,857.16,1,0.0,857.16,671.37,185.79,Shipped,4
ORD-23784,2025-07-21,CUST-1353,Corporate,North America,Canada,Software & Cloud,Enterprise CRM License,2851.35,1,0.05,2708.78,414.27,2294.51,Delivered,2
ORD-23785,2025-08-02,CUST-1135,Corporate,North America,Canada,Electronics,Wireless Audio,296.62,1,0.0,296.62,218.4,78.22,Delivered,5
ORD-23786,2026-07-22,CUST-1060,Corporate,North America,Mexico,Electronics,Monitors & Displays,293.61,3,0.05,836.79,613.88,222.91,Delivered,5
ORD-23787,2025-09-10,CUST-1379,Corporate,Europe,Netherlands,Software & Cloud,Enterprise CRM License,1982.79,1,0.2,1586.23,395.7,1190.53,Delivered,4
ORD-23788,2026-05-24,CUST-1319,Corporate,Latin America,Colombia,Software & Cloud,Cloud Analytics Suite,3394.79,8,0.1,24442.49,4125.36,20317.13,Delivered,3
ORD-23789,2026-02-14,CUST-1378,Small Business,Europe,France,Software & Cloud,Enterprise CRM License,2402.4,8,0.0,19219.2,5459.79,13759.41,Delivered,4
ORD-23790,2025-06-02,CUST-1386,Enterprise,Asia Pacific,South Korea,Electronics,Smartphones & Tablets,1146.91,2,0.05,2179.13,1602.53,576.6,Delivered,3
ORD-23791,2025-08-29,CUST-1044,Corporate,Europe,Spain,Office Furniture,Ergonomic Executive Chairs,646.71,1,0.0,646.71,392.89,253.82,Delivered,5
ORD-23792,2025-05-26,CUST-1151,Small Business,Europe,United Kingdom,Electronics,Wireless Audio,249.04,1,0.05,236.59,157.32,79.27,Shipped,4
ORD-23793,2026-05-23,CUST-1288,Corporate,Europe,Germany,Software & Cloud,DevOps Productivity Tools,1469.95,1,0.05,1396.45,225.72,1170.73,Delivered,3
ORD-23794,2026-01-21,CUST-1319,Corporate,Europe,France,Electronics,Smart Wearables,368.27,1,0.05,349.86,234.56,115.3,Processing,4
ORD-23795,2025-04-14,CUST-1099,Enterprise,North America,USA,Software & Cloud,Cloud Analytics Suite,3217.64,1,0.05,3056.76,497.07,2559.69,Shipped,3
ORD-23796,2025-10-11,CUST-1307,Small Business,North America,Mexico,Office Supplies,Breakroom Supplies,118.94,2,0.1,214.09,122.59,91.5,Processing,3
ORD-23797,2026-01-16,CUST-1337,Corporate,Europe,United Kingdom,Office Furniture,Conference Tables,1707.12,4,0.0,6828.48,3610.6,3217.88,Delivered,4
ORD-23798,2025-02-05,CUST-1106,Corporate,North America,USA,Office Furniture,Adjustable Standing Desks,1077.15,2,0.0,2154.3,1275.13,879.17,Cancelled,2
ORD-23799,2025-04-26,CUST-1232,Consumer,North America,Canada,Office Supplies,Presentation Equipment,466.3,4,0.1,1678.68,1004.39,674.29,Delivered,2
ORD-23800,2025-01-22,CUST-1035,Small Business,Asia Pacific,South Korea,Electronics,Wireless Audio,252.96,2,0.0,505.92,351.59,154.33,Delivered,1
ORD-23801,2025-01-15,CUST-1250,Small Business,Asia Pacific,India,Office Furniture,Conference Tables,2794.12,5,0.0,13970.6,7474.75,6495.85,Delivered,5
ORD-23802,2025-05-30,CUST-1022,Enterprise,Europe,Netherlands,Software & Cloud,Cybersecurity Suite,2009.67,3,0.05,5727.56,1090.08,4637.48,Delivered,4
ORD-23803,2026-02-20,CUST-1141,Corporate,North America,Mexico,Electronics,Monitors & Displays,656.61,1,0.0,656.61,436.56,220.05,Delivered,4
ORD-23804,2025-02-25,CUST-1220,Enterprise,Middle East & Africa,South Africa,Office Furniture,Conference Tables,1634.51,3,0.05,4658.35,2949.8,1708.55,Delivered,2
ORD-23805,2025-02-02,CUST-1113,Enterprise,Europe,France,Office Furniture,Conference Tables,1842.87,1,0.05,1750.73,962.39,788.34,Delivered,5
ORD-23806,2025-05-23,CUST-1268,Small Business,Europe,France,Office Supplies,Storage & Archiving Units,265.12,1,0.0,265.12,153.86,111.26,Processing,4
ORD-23807,2025-10-21,CUST-1364,Enterprise,Europe,France,Electronics,Smartphones & Tablets,647.37,4,0.05,2460.01,1613.4,846.61,Delivered,5
ORD-23808,2025-02-10,CUST-1299,Corporate,North America,Mexico,Software & Cloud,AI Assistant Subscription,300.03,2,0.0,600.06,148.19,451.87,Delivered,4
ORD-23809,2026-01-22,CUST-1232,Enterprise,Latin America,Colombia,Electronics,Smart Wearables,271.05,5,0.0,1355.25,914.91,440.34,Delivered,3
ORD-23810,2026-01-08,CUST-1202,Enterprise,North America,Canada,Software & Cloud,Enterprise CRM License,1832.02,4,0.0,7328.08,1137.02,6191.06,Processing,4
ORD-23811,2025-01-10,CUST-1325,Corporate,North America,Mexico,Electronics,Smartphones & Tablets,1344.38,1,0.1,1209.94,775.92,434.02,Delivered,4
ORD-23812,2025-10-30,CUST-1168,Corporate,Europe,Netherlands,Electronics,Laptops & Workstations,1464.84,3,0.0,4394.52,2700.54,1693.98,Delivered,5
ORD-23813,2025-10-28,CUST-1216,Corporate,Europe,United Kingdom,Electronics,Smartphones & Tablets,1369.74,1,0.05,1301.25,929.63,371.62,Delivered,5
ORD-23814,2025-04-12,CUST-1072,Enterprise,Asia Pacific,Singapore,Office Supplies,Paper & Stationeries Pack,41.58,10,0.0,415.8,261.92,153.88,Shipped,4
ORD-23815,2026-07-16,CUST-1197,Corporate,Europe,Spain,Office Supplies,High-Volume Printers,568.23,1,0.05,539.82,357.55,182.27,Delivered,3
ORD-23816,2025-12-01,CUST-1200,Enterprise,Asia Pacific,South Korea,Software & Cloud,Cloud Analytics Suite,1660.76,1,0.05,1577.72,457.36,1120.36,Delivered,4
ORD-23817,2025-09-08,CUST-1159,Corporate,North America,Canada,Software & Cloud,AI Assistant Subscription,201.75,1,0.0,201.75,38.06,163.69,Delivered,3
ORD-23818,2026-05-28,CUST-1147,Corporate,Europe,France,Electronics,Smartphones & Tablets,1162.65,4,0.05,4418.07,3052.02,1366.05,Delivered,2
ORD-23819,2026-04-05,CUST-1096,Consumer,Europe,Germany,Software & Cloud,AI Assistant Subscription,761.63,2,0.05,1447.1,284.23,1162.87,Delivered,4
ORD-23820,2025-07-03,CUST-1094,Small Business,North America,USA,Office Furniture,LED Desk Lighting,113.32,2,0.0,226.64,105.63,121.01,Shipped,1
ORD-23821,2026-04-04,CUST-1013,Consumer,North America,Canada,Electronics,Laptops & Workstations,1567.16,3,0.0,4701.48,3435.56,1265.92,Delivered,4
ORD-23822,2025-06-27,CUST-1199,Corporate,Asia Pacific,India,Software & Cloud,Enterprise CRM License,1776.66,2,0.0,3553.32,642.15,2911.17,Delivered,4
ORD-23823,2026-03-09,CUST-1124,Corporate,Europe,France,Electronics,Laptops & Workstations,2170.05,1,0.0,2170.05,1701.86,468.19,Delivered,5
ORD-23824,2025-04-16,CUST-1372,Small Business,North America,Mexico,Electronics,Wireless Audio,325.82,2,0.0,651.64,518.48,133.16,Delivered,3
ORD-23825,2026-04-17,CUST-1379,Enterprise,Asia Pacific,Singapore,Office Supplies,Breakroom Supplies,72.36,1,0.15,61.51,38.16,23.35,Delivered,3
ORD-23826,2026-04-05,CUST-1084,Corporate,North America,Canada,Software & Cloud,Cloud Analytics Suite,1246.81,1,0.05,1184.47,343.71,840.76,Shipped,4
ORD-23827,2026-01-10,CUST-1299,Small Business,Asia Pacific,Australia,Software & Cloud,Enterprise CRM License,2976.74,1,0.0,2976.74,441.91,2534.83,Delivered,4
ORD-23828,2025-09-08,CUST-1364,Consumer,North America,Mexico,Electronics,Smart Wearables,398.65,2,0.0,797.3,537.35,259.95,Delivered,5
ORD-23829,2026-07-13,CUST-1284,Corporate,Asia Pacific,South Korea,Software & Cloud,AI Assistant Subscription,697.7,2,0.0,1395.4,171.71,1223.69,Shipped,4
ORD-23830,2026-07-17,CUST-1159,Small Business,North America,USA,Office Supplies,Storage & Archiving Units,105.07,1,0.05,99.82,56.55,43.27,Delivered,4
ORD-23831,2025-08-24,CUST-1156,Small Business,Europe,Spain,Software & Cloud,AI Assistant Subscription,203.05,3,0.0,609.15,161.89,447.26,Delivered,2
ORD-23832,2026-05-03,CUST-1221,Corporate,North America,USA,Office Furniture,Ergonomic Executive Chairs,891.18,1,0.0,891.18,541.38,349.8,Delivered,4
ORD-23833,2026-02-02,CUST-1004,Consumer,Europe,France,Electronics,Monitors & Displays,776.54,3,0.0,2329.62,1548.4,781.22,Delivered,5
ORD-23834,2025-01-10,CUST-1060,Corporate,North America,USA,Office Furniture,Conference Tables,2371.45,8,0.05,18023.02,9713.34,8309.68,Delivered,3
ORD-23835,2025-08-10,CUST-1391,Corporate,Europe,France,Office Furniture,Conference Tables,1347.31,1,0.05,1279.94,783.81,496.13,Shipped,5
ORD-23836,2025-02-27,CUST-1262,Small Business,Europe,Germany,Electronics,Laptops & Workstations,1549.02,4,0.05,5886.28,4502.32,1383.96,Delivered,5
ORD-23837,2025-05-31,CUST-1242,Consumer,Europe,Spain,Software & Cloud,Enterprise CRM License,886.37,4,0.0,3545.48,900.26,2645.22,Delivered,3
ORD-23838,2026-06-11,CUST-1146,Small Business,Asia Pacific,Japan,Office Furniture,Acoustic Office Pods,2898.96,1,0.15,2464.12,1597.77,866.35,Delivered,3
ORD-23839,2026-04-01,CUST-1322,Small Business,North America,Mexico,Office Supplies,Paper & Stationeries Pack,95.28,5,0.0,476.4,262.37,214.03,Delivered,5
ORD-23840,2025-03-16,CUST-1212,Small Business,North America,Canada,Office Supplies,Breakroom Supplies,77.48,1,0.0,77.48,52.96,24.52,Delivered,4
ORD-23841,2025-03-17,CUST-1278,Small Business,North America,USA,Office Supplies,Storage & Archiving Units,178.39,1,0.0,178.39,118.76,59.63,Delivered,4
ORD-23842,2026-03-01,CUST-1317,Corporate,Europe,Netherlands,Software & Cloud,DevOps Productivity Tools,1466.4,4,0.0,5865.6,1211.86,4653.74,Delivered,5
ORD-23843,2025-09-10,CUST-1398,Enterprise,Asia Pacific,Japan,Software & Cloud,DevOps Productivity Tools,953.88,2,0.1,1716.98,267.93,1449.05,Delivered,5
ORD-23844,2026-06-12,CUST-1030,Enterprise,Europe,France,Software & Cloud,Cloud Analytics Suite,1230.83,1,0.05,1169.29,324.56,844.73,Delivered,3
ORD-23845,2025-07-13,CUST-1104,Enterprise,Asia Pacific,South Korea,Office Supplies,High-Volume Printers,1109.19,1,0.0,1109.19,681.12,428.07,Delivered,3
ORD-23846,2025-04-09,CUST-1174,Corporate,Middle East & Africa,Saudi Arabia,Office Supplies,Presentation Equipment,490.94,4,0.1,1767.38,1011.47,755.91,Delivered,4
ORD-23847,2026-04-11,CUST-1371,Corporate,North America,Mexico,Electronics,Wireless Audio,220.58,2,0.0,441.16,337.55,103.61,Delivered,5
ORD-23848,2026-02-21,CUST-1014,Enterprise,Asia Pacific,Singapore,Software & Cloud,AI Assistant Subscription,429.73,1,0.1,386.76,80.68,306.08,Delivered,5
ORD-23849,2025-07-06,CUST-1324,Corporate,Europe,Germany,Office Supplies,Storage & Archiving Units,204.47,1,0.05,194.25,113.17,81.08,Delivered,3
ORD-23850,2026-03-01,CUST-1071,Small Business,North America,USA,Software & Cloud,Enterprise CRM License,2194.55,3,0.0,6583.65,1652.39,4931.26,Delivered,4
ORD-23851,2025-01-30,CUST-1380,Corporate,Asia Pacific,Australia,Electronics,Smart Wearables,180.95,4,0.15,615.23,414.99,200.24,Delivered,3
ORD-23852,2026-06-28,CUST-1249,Small Business,North America,USA,Software & Cloud,Enterprise CRM License,1764.22,1,0.05,1676.01,406.25,1269.76,Delivered,4
ORD-23853,2025-11-01,CUST-1014,Small Business,Europe,Germany,Office Furniture,Acoustic Office Pods,4400.12,4,0.05,16720.46,10241.08,6479.38,Delivered,4
ORD-23854,2026-05-31,CUST-1184,Enterprise,Middle East & Africa,UAE,Software & Cloud,Enterprise CRM License,1224.55,3,0.05,3489.97,660.88,2829.09,Shipped,4
ORD-23855,2025-03-22,CUST-1266,Enterprise,Middle East & Africa,South Africa,Office Furniture,LED Desk Lighting,172.08,2,0.0,344.16,188.74,155.42,Delivered,4
ORD-23856,2026-02-03,CUST-1120,Enterprise,Europe,Spain,Electronics,Wireless Audio,104.56,1,0.0,104.56,69.56,35.0,Delivered,4
ORD-23857,2025-07-18,CUST-1229,Corporate,Asia Pacific,South Korea,Electronics,Laptops & Workstations,2245.17,4,0.0,8980.68,5931.89,3048.79,Delivered,4
ORD-23858,2025-03-26,CUST-1135,Corporate,North America,USA,Software & Cloud,Cloud Analytics Suite,1915.31,1,0.0,1915.31,285.45,1629.86,Delivered,2
ORD-23859,2025-07-07,CUST-1315,Small Business,Asia Pacific,Singapore,Software & Cloud,Cloud Analytics Suite,3140.78,1,0.1,2826.7,722.1,2104.6,Shipped,4
ORD-23860,2025-06-29,CUST-1382,Consumer,Asia Pacific,Japan,Electronics,Smartphones & Tablets,1397.86,3,0.1,3774.22,2889.29,884.93,Delivered,2
ORD-23861,2025-01-12,CUST-1197,Small Business,Europe,United Kingdom,Electronics,Smartphones & Tablets,897.55,1,0.0,897.55,682.28,215.27,Delivered,3
ORD-23862,2026-05-26,CUST-1174,Enterprise,North America,Canada,Office Furniture,Adjustable Standing Desks,1231.63,8,0.0,9853.04,6150.92,3702.12,Cancelled,2
ORD-23863,2026-02-01,CUST-1382,Corporate,Europe,United Kingdom,Software & Cloud,Cloud Analytics Suite,4273.0,1,0.05,4059.35,624.51,3434.84,Delivered,5
ORD-23864,2025-05-19,CUST-1326,Small Business,Europe,France,Electronics,Wireless Audio,295.26,1,0.0,295.26,204.19,91.07,Delivered,4
ORD-23865,2025-09-12,CUST-1390,Corporate,Europe,France,Software & Cloud,AI Assistant Subscription,337.09,1,0.05,320.24,39.94,280.3,Processing,5
ORD-23866,2026-01-16,CUST-1169,Consumer,North America,Mexico,Software & Cloud,Cloud Analytics Suite,1432.96,1,0.0,1432.96,289.55,1143.41,Delivered,3
ORD-23867,2025-03-14,CUST-1195,Enterprise,North America,Mexico,Software & Cloud,AI Assistant Subscription,581.09,2,0.0,1162.18,208.8,953.38,Delivered,4
ORD-23868,2026-03-25,CUST-1126,Small Business,Asia Pacific,South Korea,Office Furniture,Adjustable Standing Desks,687.93,1,0.0,687.93,374.04,313.89,Delivered,4
ORD-23869,2025-04-04,CUST-1281,Enterprise,Europe,United Kingdom,Office Supplies,Breakroom Supplies,91.37,2,0.0,182.74,124.21,58.53,Shipped,1
ORD-23870,2025-01-18,CUST-1108,Corporate,North America,Canada,Software & Cloud,DevOps Productivity Tools,1151.07,1,0.0,1151.07,292.34,858.73,Delivered,4
ORD-23871,2025-10-02,CUST-1045,Enterprise,Europe,Spain,Software & Cloud,AI Assistant Subscription,547.59,1,0.05,520.21,65.97,454.24,Delivered,4
ORD-23872,2025-08-31,CUST-1010,Corporate,Asia Pacific,Japan,Software & Cloud,Cybersecurity Suite,443.12,2,0.05,841.93,126.19,715.74,Delivered,5
ORD-23873,2026-05-02,CUST-1078,Corporate,North America,Canada,Software & Cloud,AI Assistant Subscription,932.25,8,0.0,7458.0,1522.38,5935.62,Delivered,3
ORD-23874,2026-03-06,CUST-1367,Consumer,Asia Pacific,Japan,Software & Cloud,Cloud Analytics Suite,2150.04,1,0.0,2150.04,576.75,1573.29,Delivered,4
ORD-23875,2026-01-22,CUST-1038,Enterprise,Asia Pacific,South Korea,Electronics,Monitors & Displays,452.48,1,0.0,452.48,324.29,128.19,Delivered,3
ORD-23876,2025-07-20,CUST-1028,Corporate,North America,USA,Office Furniture,Acoustic Office Pods,3725.29,2,0.05,7078.05,4268.55,2809.5,Delivered,3
ORD-23877,2025-10-31,CUST-1304,Corporate,Europe,France,Software & Cloud,DevOps Productivity Tools,1372.24,1,0.0,1372.24,189.13,1183.11,Shipped,5
ORD-23878,2026-01-01,CUST-1142,Corporate,North America,Mexico,Office Supplies,Storage & Archiving Units,192.71,1,0.0,192.71,102.72,89.99,Shipped,3
ORD-23879,2026-05-13,CUST-1236,Corporate,Europe,Spain,Office Furniture,LED Desk Lighting,89.96,10,0.0,899.6,416.1,483.5,Shipped,4
ORD-23880,2025-06-18,CUST-1061,Small Business,Europe,France,Software & Cloud,DevOps Productivity Tools,491.24,2,0.0,982.48,192.5,789.98,Delivered,4
ORD-23881,2025-04-20,CUST-1187,Enterprise,Europe,Spain,Office Furniture,LED Desk Lighting,65.3,1,0.0,65.3,33.09,32.21,Delivered,2
ORD-23882,2025-11-10,CUST-1153,Corporate,Latin America,Brazil,Electronics,Monitors & Displays,279.42,2,0.0,558.84,372.29,186.55,Delivered,4
ORD-23883,2025-05-15,CUST-1260,Corporate,North America,USA,Software & Cloud,Cybersecurity Suite,2160.68,3,0.0,6482.04,839.96,5642.08,Shipped,3
ORD-23884,2026-04-30,CUST-1224,Small Business,North America,USA,Electronics,Laptops & Workstations,2197.21,1,0.0,2197.21,1444.14,753.07,Delivered,4
ORD-23885,2025-08-24,CUST-1173,Corporate,Asia Pacific,Japan,Office Furniture,Adjustable Standing Desks,565.74,1,0.0,565.74,348.17,217.57,Delivered,3
ORD-23886,2025-05-01,CUST-1290,Enterprise,Latin America,Brazil,Office Supplies,Presentation Equipment,318.94,1,0.0,318.94,218.2,100.74,Delivered,4
ORD-23887,2025-11-12,CUST-1242,Enterprise,Europe,Germany,Office Furniture,Acoustic Office Pods,3870.97,4,0.15,13161.3,6579.22,6582.08,Processing,4
ORD-23888,2026-02-26,CUST-1301,Small Business,Asia Pacific,South Korea,Software & Cloud,AI Assistant Subscription,852.21,1,0.0,852.21,189.95,662.26,Delivered,4
ORD-23889,2026-02-17,CUST-1001,Corporate,North America,Mexico,Office Furniture,Adjustable Standing Desks,681.53,2,0.0,1363.06,727.21,635.85,Delivered,4
ORD-23890,2025-01-28,CUST-1269,Small Business,Asia Pacific,India,Software & Cloud,DevOps Productivity Tools,1341.83,2,0.1,2415.29,552.85,1862.44,Delivered,4
ORD-23891,2025-09-11,CUST-1290,Small Business,Europe,Spain,Office Furniture,Acoustic Office Pods,2480.8,1,0.05,2356.76,1382.52,974.24,Delivered,5
ORD-23892,2025-07-21,CUST-1222,Enterprise,Europe,Germany,Office Furniture,Adjustable Standing Desks,1235.5,1,0.0,1235.5,787.51,447.99,Delivered,5
ORD-23893,2026-04-23,CUST-1118,Enterprise,Europe,Spain,Electronics,Smartphones & Tablets,1247.79,1,0.0,1247.79,957.18,290.61,Delivered,3
ORD-23894,2025-03-18,CUST-1258,Small Business,Europe,France,Office Supplies,Paper & Stationeries Pack,57.6,2,0.0,115.2,61.75,53.45,Delivered,3
ORD-23895,2026-03-08,CUST-1389,Corporate,North America,Mexico,Office Furniture,Acoustic Office Pods,2395.11,2,0.05,4550.71,2050.49,2500.22,Delivered,3
ORD-23896,2026-06-25,CUST-1075,Consumer,North America,Mexico,Office Furniture,LED Desk Lighting,98.4,1,0.05,93.48,52.54,40.94,Cancelled,1
ORD-23897,2026-03-05,CUST-1197,Small Business,North America,Canada,Software & Cloud,Enterprise CRM License,1270.39,2,0.0,2540.78,663.49,1877.29,Delivered,3
ORD-23898,2025-10-09,CUST-1196,Consumer,North America,USA,Office Furniture,Acoustic Office Pods,2152.38,2,0.05,4089.52,2364.85,1724.67,Delivered,4
ORD-23899,2026-01-19,CUST-1127,Corporate,Asia Pacific,Japan,Electronics,Monitors & Displays,332.43,1,0.05,315.81,216.82,98.99,Delivered,4
ORD-23900,2026-05-17,CUST-1193,Enterprise,Europe,United Kingdom,Software & Cloud,Cybersecurity Suite,1787.82,3,0.05,5095.29,1392.32,3702.97,Delivered,3
ORD-23901,2026-07-03,CUST-1157,Small Business,Asia Pacific,India,Office Furniture,Adjustable Standing Desks,738.19,1,0.0,738.19,474.95,263.24,Shipped,5
ORD-23902,2026-01-09,CUST-1209,Corporate,Middle East & Africa,UAE,Electronics,Laptops & Workstations,1372.01,3,0.1,3704.43,2229.67,1474.76,Delivered,4
ORD-23903,2025-02-27,CUST-1120,Corporate,Latin America,Brazil,Electronics,Laptops & Workstations,2347.75,3,0.05,6691.09,4718.11,1972.98,Delivered,4
ORD-23904,2025-11-12,CUST-1241,Enterprise,Europe,Germany,Office Furniture,Acoustic Office Pods,4420.8,1,0.05,4199.76,1903.42,2296.34,Shipped,3
ORD-23905,2026-07-12,CUST-1393,Small Business,Asia Pacific,Japan,Software & Cloud,Enterprise CRM License,2167.75,3,0.1,5852.93,906.16,4946.77,Shipped,4
ORD-23906,2026-07-16,CUST-1289,Small Business,Europe,Netherlands,Office Supplies,Paper & Stationeries Pack,51.13,3,0.05,145.72,79.49,66.23,Delivered,4
ORD-23907,2025-11-15,CUST-1122,Consumer,Asia Pacific,Singapore,Office Supplies,Presentation Equipment,528.16,2,0.05,1003.5,569.41,434.09,Delivered,3
ORD-23908,2025-02-07,CUST-1334,Enterprise,North America,USA,Electronics,Laptops & Workstations,2330.22,1,0.0,2330.22,1545.33,784.89,Delivered,5
ORD-23909,2026-05-16,CUST-1348,Corporate,Europe,Germany,Software & Cloud,Enterprise CRM License,638.28,1,0.05,606.37,175.3,431.07,Delivered,4
ORD-23910,2026-02-08,CUST-1238,Small Business,Europe,Germany,Electronics,Laptops & Workstations,2416.5,3,0.05,6887.02,5152.52,1734.5,Delivered,3
ORD-23911,2025-03-05,CUST-1233,Enterprise,North America,Mexico,Software & Cloud,Cybersecurity Suite,1780.68,1,0.15,1513.58,326.84,1186.74,Delivered,4
ORD-23912,2025-05-08,CUST-1261,Enterprise,Europe,France,Office Supplies,Presentation Equipment,422.61,1,0.1,380.35,253.07,127.28,Delivered,4
ORD-23913,2025-09-13,CUST-1289,Enterprise,North America,USA,Software & Cloud,AI Assistant Subscription,606.92,3,0.0,1820.76,354.38,1466.38,Delivered,4
ORD-23914,2025-11-03,CUST-1348,Corporate,Europe,United Kingdom,Office Furniture,Ergonomic Executive Chairs,471.1,4,0.05,1790.18,846.11,944.07,Delivered,4
ORD-23915,2025-09-15,CUST-1335,Enterprise,North America,USA,Office Furniture,Ergonomic Executive Chairs,854.51,2,0.0,1709.02,771.29,937.73,Delivered,4
ORD-23916,2025-11-29,CUST-1214,Enterprise,North America,Canada,Electronics,Laptops & Workstations,2211.6,1,0.2,1769.28,1232.59,536.69,Delivered,4
ORD-23917,2025-05-16,CUST-1060,Consumer,Latin America,Chile,Electronics,Monitors & Displays,734.81,1,0.15,624.59,427.24,197.35,Delivered,5
ORD-23918,2026-02-12,CUST-1136,Enterprise,Europe,Spain,Office Furniture,Conference Tables,805.98,1,0.0,805.98,494.47,311.51,Delivered,3
ORD-23919,2026-05-14,CUST-1383,Small Business,Europe,United Kingdom,Electronics,Smartphones & Tablets,1133.06,2,0.1,2039.51,1353.17,686.34,Delivered,2
ORD-23920,2026-03-11,CUST-1019,Small Business,North America,Canada,Software & Cloud,Cybersecurity Suite,1807.37,2,0.1,3253.27,533.52,2719.75,Delivered,3
ORD-23921,2026-02-28,CUST-1081,Consumer,Europe,Netherlands,Office Furniture,Adjustable Standing Desks,1164.18,2,0.05,2211.94,1386.59,825.35,Delivered,5
ORD-23922,2025-05-26,CUST-1092,Corporate,Europe,France,Office Supplies,Paper & Stationeries Pack,112.02,1,0.05,106.42,71.58,34.84,Processing,4
ORD-23923,2025-09-13,CUST-1280,Enterprise,Europe,Spain,Software & Cloud,Cybersecurity Suite,893.25,1,0.0,893.25,233.79,659.46,Delivered,1
ORD-23924,2025-06-17,CUST-1253,Small Business,North America,Canada,Electronics,Monitors & Displays,427.72,1,0.1,384.95,232.62,152.33,Delivered,5
ORD-23925,2025-06-14,CUST-1007,Enterprise,Asia Pacific,Singapore,Software & Cloud,Cloud Analytics Suite,2868.22,1,0.0,2868.22,718.82,2149.4,Delivered,4
ORD-23926,2025-11-14,CUST-1390,Corporate,North America,USA,Electronics,Smart Wearables,393.27,2,0.0,786.54,483.08,303.46,Delivered,4
ORD-23927,2026-01-09,CUST-1345,Enterprise,North America,Canada,Office Furniture,Adjustable Standing Desks,675.99,2,0.05,1284.38,797.72,486.66,Shipped,3
ORD-23928,2025-12-10,CUST-1334,Small Business,Europe,Netherlands,Software & Cloud,Enterprise CRM License,642.88,2,0.0,1285.76,295.14,990.62,Delivered,4
ORD-23929,2025-06-11,CUST-1004,Enterprise,Europe,Germany,Software & Cloud,Enterprise CRM License,1556.21,3,0.1,4201.77,741.59,3460.18,Delivered,3
ORD-23930,2025-08-09,CUST-1090,Corporate,Middle East & Africa,Saudi Arabia,Electronics,Monitors & Displays,493.74,4,0.05,1876.21,1258.77,617.44,Delivered,5
ORD-23931,2026-03-25,CUST-1267,Small Business,North America,Mexico,Electronics,Smart Wearables,430.02,1,0.0,430.02,277.28,152.74,Delivered,4
ORD-23932,2026-01-14,CUST-1358,Enterprise,Asia Pacific,Japan,Electronics,Wireless Audio,193.79,2,0.1,348.82,232.12,116.7,Delivered,4
ORD-23933,2025-10-05,CUST-1088,Small Business,Europe,Netherlands,Software & Cloud,Enterprise CRM License,2878.88,2,0.0,5757.76,1237.91,4519.85,Delivered,5
ORD-23934,2025-12-22,CUST-1126,Enterprise,Europe,Spain,Software & Cloud,AI Assistant Subscription,617.79,2,0.05,1173.8,248.19,925.61,Delivered,3
ORD-23935,2025-08-28,CUST-1347,Enterprise,North America,Mexico,Office Supplies,Breakroom Supplies,78.98,1,0.15,67.13,40.52,26.61,Delivered,2
ORD-23936,2025-09-03,CUST-1104,Small Business,Europe,Spain,Electronics,Wireless Audio,138.82,2,0.0,277.64,214.73,62.91,Delivered,3
ORD-23937,2025-07-07,CUST-1310,Enterprise,Europe,Germany,Office Furniture,Adjustable Standing Desks,1134.82,3,0.0,3404.46,1533.76,1870.7,Delivered,4
ORD-23938,2025-01-25,CUST-1053,Corporate,North America,USA,Software & Cloud,Enterprise CRM License,2344.12,1,0.0,2344.12,422.88,1921.24,Processing,5
ORD-23939,2026-05-11,CUST-1388,Corporate,North America,Canada,Electronics,Smart Wearables,430.92,1,0.0,430.92,294.05,136.87,Delivered,5
ORD-23940,2026-01-17,CUST-1327,Enterprise,Europe,France,Electronics,Monitors & Displays,387.54,1,0.05,368.16,231.76,136.4,Delivered,3
ORD-23941,2026-01-25,CUST-1081,Corporate,Europe,France,Electronics,Laptops & Workstations,1520.77,4,0.05,5778.93,4088.91,1690.02,Delivered,4
ORD-23942,2025-09-24,CUST-1256,Enterprise,North America,USA,Office Furniture,Adjustable Standing Desks,607.93,1,0.05,577.53,322.92,254.61,Delivered,4
ORD-23943,2025-07-11,CUST-1215,Enterprise,Europe,United Kingdom,Office Furniture,Conference Tables,2659.97,1,0.15,2260.97,1100.77,1160.2,Delivered,4
ORD-23944,2025-09-28,CUST-1399,Small Business,Asia Pacific,Australia,Office Furniture,Adjustable Standing Desks,1016.82,1,0.1,915.14,523.35,391.79,Delivered,2
ORD-23945,2026-06-24,CUST-1090,Corporate,North America,Canada,Software & Cloud,Enterprise CRM License,666.84,3,0.1,1800.47,314.81,1485.66,Delivered,4
ORD-23946,2025-05-18,CUST-1128,Corporate,Asia Pacific,India,Office Furniture,LED Desk Lighting,105.05,2,0.0,210.1,108.23,101.87,Shipped,4
ORD-23947,2026-07-07,CUST-1292,Enterprise,North America,USA,Software & Cloud,Cloud Analytics Suite,2531.03,5,0.0,12655.15,3203.42,9451.73,Cancelled,1
ORD-23948,2025-10-28,CUST-1138,Corporate,North America,Canada,Electronics,Smartphones & Tablets,1278.57,2,0.1,2301.43,1538.06,763.37,Delivered,4
ORD-23949,2026-06-13,CUST-1352,Consumer,Latin America,Chile,Electronics,Laptops & Workstations,1251.78,2,0.0,2503.56,1549.82,953.74,Delivered,4
ORD-23950,2025-05-02,CUST-1306,Small Business,North America,USA,Office Supplies,Presentation Equipment,185.2,1,0.05,175.94,115.68,60.26,Delivered,5
ORD-23951,2025-01-30,CUST-1193,Small Business,North America,Mexico,Office Furniture,Conference Tables,2766.36,1,0.05,2628.04,1624.28,1003.76,Delivered,1
ORD-23952,2025-05-03,CUST-1393,Corporate,Latin America,Chile,Office Supplies,Presentation Equipment,596.2,3,0.0,1788.6,1211.62,576.98,Delivered,4
ORD-23953,2025-03-11,CUST-1081,Enterprise,Asia Pacific,Singapore,Software & Cloud,Enterprise CRM License,2760.05,2,0.15,4692.09,826.72,3865.37,Delivered,5
ORD-23954,2026-06-06,CUST-1308,Enterprise,Europe,United Kingdom,Electronics,Smartphones & Tablets,821.45,3,0.05,2341.13,1452.19,888.94,Shipped,3
ORD-23955,2026-01-18,CUST-1140,Corporate,Middle East & Africa,Saudi Arabia,Electronics,Monitors & Displays,746.65,1,0.0,746.65,549.66,196.99,Shipped,5
ORD-23956,2026-07-09,CUST-1062,Consumer,North America,Mexico,Software & Cloud,DevOps Productivity Tools,1344.92,4,0.1,4841.71,852.79,3988.92,Delivered,5
ORD-23957,2025-08-07,CUST-1353,Small Business,Middle East & Africa,Saudi Arabia,Software & Cloud,Enterprise CRM License,2318.65,5,0.1,10433.93,2838.46,7595.47,Delivered,4
ORD-23958,2025-08-19,CUST-1018,Enterprise,Europe,Germany,Office Furniture,Conference Tables,1688.38,8,0.0,13507.04,8122.94,5384.1,Delivered,3
ORD-23959,2025-07-28,CUST-1166,Small Business,Middle East & Africa,South Africa,Office Furniture,Conference Tables,1466.63,2,0.0,2933.26,1703.58,1229.68,Delivered,4
ORD-23960,2025-12-06,CUST-1139,Corporate,Latin America,Brazil,Software & Cloud,Cloud Analytics Suite,2787.59,2,0.2,4460.14,975.83,3484.31,Delivered,5
ORD-23961,2025-12-20,CUST-1201,Enterprise,Europe,Spain,Electronics,Smartphones & Tablets,861.15,3,0.15,2195.93,1616.01,579.92,Delivered,4
ORD-23962,2025-05-18,CUST-1118,Enterprise,North America,Canada,Electronics,Laptops & Workstations,1653.77,2,0.0,3307.54,2177.27,1130.27,Delivered,3
ORD-23963,2025-08-07,CUST-1018,Corporate,Asia Pacific,Australia,Office Furniture,Acoustic Office Pods,3685.2,1,0.0,3685.2,2353.75,1331.45,Shipped,1
ORD-23964,2025-01-14,CUST-1158,Enterprise,North America,Mexico,Electronics,Laptops & Workstations,1535.22,5,0.0,7676.1,4730.97,2945.13,Delivered,4
ORD-23965,2025-09-20,CUST-1057,Small Business,Europe,United Kingdom,Office Furniture,Conference Tables,2592.25,1,0.0,2592.25,1294.69,1297.56,Shipped,4
ORD-23966,2025-10-02,CUST-1166,Small Business,Europe,Germany,Office Furniture,LED Desk Lighting,78.57,1,0.0,78.57,43.77,34.8,Delivered,5
ORD-23967,2026-01-01,CUST-1235,Corporate,North America,Mexico,Office Supplies,Presentation Equipment,159.69,1,0.1,143.72,81.83,61.89,Delivered,4
ORD-23968,2025-11-25,CUST-1168,Corporate,North America,Mexico,Electronics,Monitors & Displays,378.13,1,0.15,321.41,241.9,79.51,Delivered,3
ORD-23969,2025-06-25,CUST-1229,Corporate,North America,Mexico,Office Furniture,Ergonomic Executive Chairs,758.94,4,0.0,3035.76,1809.77,1225.99,Delivered,1
ORD-23970,2025-07-28,CUST-1034,Corporate,North America,USA,Office Supplies,High-Volume Printers,773.18,1,0.0,773.18,421.84,351.34,Shipped,5
ORD-23971,2025-09-27,CUST-1047,Enterprise,Europe,Germany,Office Furniture,Conference Tables,1599.9,1,0.2,1279.92,700.61,579.31,Delivered,4
ORD-23972,2026-06-29,CUST-1372,Corporate,North America,USA,Electronics,Monitors & Displays,548.41,15,0.0,8226.15,5565.53,2660.62,Delivered,5
ORD-23973,2026-06-29,CUST-1184,Small Business,North America,Mexico,Office Supplies,Paper & Stationeries Pack,48.68,1,0.1,43.81,23.86,19.95,Delivered,5
ORD-23974,2025-07-14,CUST-1227,Enterprise,North America,USA,Office Furniture,Ergonomic Executive Chairs,517.82,1,0.0,517.82,237.87,279.95,Delivered,3
ORD-23975,2026-05-06,CUST-1297,Small Business,Asia Pacific,India,Electronics,Smartphones & Tablets,642.11,3,0.0,1926.33,1536.55,389.78,Delivered,4
ORD-23976,2026-02-13,CUST-1132,Corporate,North America,USA,Electronics,Smartphones & Tablets,881.05,2,0.0,1762.1,1124.77,637.33,Delivered,4
ORD-23977,2025-05-18,CUST-1177,Small Business,Asia Pacific,Japan,Software & Cloud,DevOps Productivity Tools,548.39,1,0.0,548.39,125.49,422.9,Delivered,5
ORD-23978,2026-05-01,CUST-1327,Small Business,North America,Canada,Software & Cloud,Enterprise CRM License,2656.86,1,0.05,2524.02,741.43,1782.59,Delivered,5
ORD-23979,2025-04-04,CUST-1040,Enterprise,Europe,Germany,Office Furniture,Adjustable Standing Desks,637.78,1,0.15,542.11,319.69,222.42,Delivered,5
ORD-23980,2026-02-18,CUST-1281,Corporate,Europe,United Kingdom,Electronics,Smartphones & Tablets,691.18,4,0.0,2764.72,1780.87,983.85,Delivered,1
ORD-23981,2025-06-02,CUST-1375,Corporate,North America,Canada,Software & Cloud,DevOps Productivity Tools,407.44,3,0.05,1161.2,317.99,843.21,Delivered,2
ORD-23982,2025-01-25,CUST-1261,Corporate,Europe,Spain,Office Furniture,LED Desk Lighting,137.33,1,0.0,137.33,74.34,62.99,Delivered,3
ORD-23983,2025-07-20,CUST-1082,Corporate,Europe,United Kingdom,Software & Cloud,DevOps Productivity Tools,1406.65,2,0.0,2813.3,772.27,2041.03,Delivered,3
ORD-23984,2025-12-01,CUST-1214,Corporate,North America,USA,Software & Cloud,Enterprise CRM License,1197.59,5,0.05,5688.55,1561.35,4127.2,Delivered,4
ORD-23985,2026-03-23,CUST-1314,Small Business,North America,Mexico,Electronics,Laptops & Workstations,2305.15,3,0.0,6915.45,4987.51,1927.94,Delivered,4
ORD-23986,2026-05-07,CUST-1130,Small Business,North America,Canada,Software & Cloud,Enterprise CRM License,660.96,1,0.05,627.91,170.01,457.9,Delivered,4
ORD-23987,2025-02-12,CUST-1268,Corporate,North America,Canada,Office Supplies,Breakroom Supplies,84.49,2,0.0,168.98,95.33,73.65,Delivered,3
ORD-23988,2025-10-14,CUST-1270,Small Business,Middle East & Africa,South Africa,Office Furniture,Acoustic Office Pods,4127.05,1,0.0,4127.05,1892.99,2234.06,Delivered,4
ORD-23989,2025-11-09,CUST-1323,Small Business,Europe,France,Software & Cloud,Cybersecurity Suite,644.39,1,0.0,644.39,152.83,491.56,Delivered,3
ORD-23990,2025-05-05,CUST-1153,Corporate,Asia Pacific,India,Office Furniture,Ergonomic Executive Chairs,616.55,2,0.0,1233.1,765.3,467.8,Delivered,4
ORD-23991,2025-02-25,CUST-1229,Enterprise,Europe,Netherlands,Software & Cloud,DevOps Productivity Tools,524.15,4,0.0,2096.6,308.18,1788.42,Delivered,4
ORD-23992,2025-09-13,CUST-1194,Corporate,Asia Pacific,Australia,Electronics,Smart Wearables,218.68,2,0.15,371.76,278.29,93.47,Cancelled,2
ORD-23993,2025-04-29,CUST-1019,Enterprise,Europe,Netherlands,Software & Cloud,Enterprise CRM License,710.2,2,0.0,1420.4,328.75,1091.65,Delivered,3
ORD-23994,2025-12-12,CUST-1022,Corporate,Middle East & Africa,UAE,Software & Cloud,AI Assistant Subscription,813.46,5,0.2,3253.84,905.36,2348.48,Delivered,4
ORD-23995,2025-06-11,CUST-1174,Corporate,North America,Mexico,Electronics,Laptops & Workstations,1974.41,1,0.2,1579.53,1261.86,317.67,Delivered,4
ORD-23996,2026-06-09,CUST-1396,Enterprise,North America,Canada,Office Supplies,Breakroom Supplies,152.56,1,0.0,152.56,79.93,72.63,Delivered,2
ORD-23997,2025-06-22,CUST-1340,Small Business,Asia Pacific,South Korea,Electronics,Smartphones & Tablets,675.17,1,0.0,675.17,492.4,182.77,Shipped,4
ORD-23998,2025-10-25,CUST-1301,Corporate,Middle East & Africa,Saudi Arabia,Electronics,Smartphones & Tablets,809.92,2,0.15,1376.86,1071.77,305.09,Processing,5
ORD-23999,2025-06-24,CUST-1095,Enterprise,Asia Pacific,Singapore,Electronics,Smartphones & Tablets,1360.11,5,0.0,6800.55,4822.17,1978.38,Processing,4
ORD-24000,2026-01-11,CUST-1163,Enterprise,Latin America,Colombia,Electronics,Smart Wearables,441.19,4,0.05,1676.52,1203.51,473.01,Delivered,5
ORD-24001,2025-08-31,CUST-1285,Consumer,Europe,Netherlands,Office Supplies,Paper & Stationeries Pack,74.54,5,0.0,372.7,257.05,115.65,Delivered,4
ORD-24002,2025-05-02,CUST-1394,Consumer,North America,USA,Electronics,Monitors & Displays,370.77,3,0.0,1112.31,680.54,431.77,Cancelled,2
ORD-24003,2025-11-02,CUST-1390,Small Business,Latin America,Colombia,Office Supplies,High-Volume Printers,897.69,3,0.05,2558.42,1531.73,1026.69,Delivered,4
ORD-24004,2025-03-26,CUST-1186,Corporate,Middle East & Africa,UAE,Software & Cloud,AI Assistant Subscription,876.61,1,0.0,876.61,117.59,759.02,Delivered,4
ORD-24005,2026-01-13,CUST-1007,Enterprise,Asia Pacific,Australia,Software & Cloud,Cloud Analytics Suite,3591.03,4,0.1,12927.71,1658.19,11269.52,Delivered,3
ORD-24006,2025-07-23,CUST-1170,Enterprise,North America,USA,Office Supplies,Presentation Equipment,458.53,3,0.1,1238.03,760.51,477.52,Delivered,2
ORD-24007,2025-01-20,CUST-1013,Corporate,North America,Canada,Office Furniture,Adjustable Standing Desks,831.86,3,0.05,2370.8,1132.01,1238.79,Delivered,4
ORD-24008,2025-10-24,CUST-1023,Small Business,North America,Mexico,Electronics,Smart Wearables,330.14,1,0.05,313.63,206.61,107.02,Cancelled,2
ORD-24009,2025-04-24,CUST-1089,Small Business,North America,USA,Office Supplies,Storage & Archiving Units,299.73,2,0.05,569.49,397.96,171.53,Delivered,3
ORD-24010,2025-07-25,CUST-1332,Small Business,Europe,United Kingdom,Software & Cloud,AI Assistant Subscription,719.08,3,0.05,2049.38,548.97,1500.41,Delivered,4
ORD-24011,2025-02-21,CUST-1303,Enterprise,Asia Pacific,Japan,Electronics,Laptops & Workstations,1297.68,1,0.1,1167.91,870.02,297.89,Delivered,4
ORD-24012,2025-11-14,CUST-1347,Corporate,Europe,Germany,Electronics,Monitors & Displays,277.33,3,0.05,790.39,487.35,303.04,Processing,4
ORD-24013,2026-05-18,CUST-1273,Small Business,Europe,United Kingdom,Electronics,Monitors & Displays,646.3,1,0.1,581.67,378.11,203.56,Delivered,4
ORD-24014,2026-06-07,CUST-1028,Corporate,North America,USA,Office Furniture,Conference Tables,1882.39,1,0.0,1882.39,1172.97,709.42,Processing,4
ORD-24015,2026-02-04,CUST-1341,Enterprise,Middle East & Africa,South Africa,Electronics,Smartphones & Tablets,1311.58,1,0.0,1311.58,899.36,412.22,Delivered,4
ORD-24016,2026-01-09,CUST-1217,Corporate,North America,Mexico,Electronics,Monitors & Displays,425.34,5,0.1,1914.03,1295.5,618.53,Delivered,2
ORD-24017,2025-03-27,CUST-1144,Corporate,Asia Pacific,India,Office Furniture,Adjustable Standing Desks,722.09,1,0.05,685.99,311.0,374.99,Delivered,4
ORD-24018,2026-06-22,CUST-1204,Enterprise,North America,USA,Electronics,Monitors & Displays,476.76,1,0.15,405.25,307.95,97.3,Delivered,3
ORD-24019,2026-05-28,CUST-1161,Small Business,Latin America,Brazil,Electronics,Monitors & Displays,638.44,1,0.0,638.44,431.58,206.86,Delivered,4
ORD-24020,2025-11-17,CUST-1132,Corporate,North America,USA,Office Furniture,Ergonomic Executive Chairs,568.43,5,0.0,2842.15,1546.16,1295.99,Delivered,5
ORD-24021,2025-10-09,CUST-1261,Enterprise,North America,Mexico,Software & Cloud,Cloud Analytics Suite,938.63,2,0.0,1877.26,236.61,1640.65,Cancelled,1
ORD-24022,2025-04-07,CUST-1323,Corporate,Latin America,Chile,Electronics,Smart Wearables,235.59,5,0.0,1177.95,877.79,300.16,Delivered,4
ORD-24023,2025-10-20,CUST-1056,Small Business,Asia Pacific,South Korea,Electronics,Monitors & Displays,433.98,1,0.1,390.58,295.04,95.54,Shipped,4
ORD-24024,2026-04-23,CUST-1355,Corporate,Europe,United Kingdom,Electronics,Monitors & Displays,273.06,8,0.0,2184.48,1434.51,749.97,Delivered,3
ORD-24025,2025-03-15,CUST-1233,Enterprise,North America,Canada,Office Supplies,Paper & Stationeries Pack,30.15,1,0.05,28.64,16.59,12.05,Delivered,3
ORD-24026,2025-06-16,CUST-1373,Small Business,Middle East & Africa,Saudi Arabia,Electronics,Wireless Audio,126.32,2,0.15,214.74,158.63,56.11,Delivered,4
ORD-24027,2025-01-01,CUST-1249,Corporate,Europe,Germany,Software & Cloud,AI Assistant Subscription,625.61,3,0.1,1689.15,408.13,1281.02,Delivered,3
ORD-24028,2026-03-01,CUST-1034,Enterprise,Asia Pacific,India,Office Supplies,Storage & Archiving Units,266.56,1,0.15,226.58,157.97,68.61,Delivered,3
ORD-24029,2025-01-19,CUST-1207,Corporate,North America,Mexico,Electronics,Smartphones & Tablets,911.2,1,0.0,911.2,690.71,220.49,Cancelled,1
ORD-24030,2025-12-29,CUST-1379,Corporate,Middle East & Africa,UAE,Office Furniture,Acoustic Office Pods,3591.24,5,0.05,17058.39,9488.12,7570.27,Delivered,5
ORD-24031,2025-06-25,CUST-1352,Consumer,Latin America,Chile,Electronics,Monitors & Displays,471.87,1,0.0,471.87,377.34,94.53,Processing,5
ORD-24032,2025-12-15,CUST-1261,Corporate,Europe,Germany,Office Supplies,Presentation Equipment,182.23,1,0.0,182.23,102.74,79.49,Delivered,4
ORD-24033,2025-12-21,CUST-1327,Small Business,North America,Mexico,Electronics,Wireless Audio,117.7,5,0.15,500.22,336.02,164.2,Shipped,3
ORD-24034,2026-06-17,CUST-1009,Enterprise,North America,Canada,Software & Cloud,Enterprise CRM License,1749.4,4,0.0,6997.6,2059.08,4938.52,Delivered,1
ORD-24035,2026-01-01,CUST-1136,Enterprise,North America,Canada,Electronics,Laptops & Workstations,1248.71,2,0.15,2122.81,1379.27,743.54,Delivered,4
ORD-24036,2025-05-17,CUST-1168,Enterprise,Latin America,Colombia,Software & Cloud,AI Assistant Subscription,339.62,3,0.0,1018.86,192.98,825.88,Shipped,4
ORD-24037,2026-07-17,CUST-1221,Small Business,North America,Canada,Office Furniture,Ergonomic Executive Chairs,528.93,3,0.0,1586.79,756.27,830.52,Delivered,5
ORD-24038,2026-06-16,CUST-1204,Enterprise,Europe,Netherlands,Software & Cloud,Enterprise CRM License,1819.64,4,0.0,7278.56,1678.59,5599.97,Delivered,3
ORD-24039,2026-02-22,CUST-1230,Corporate,North America,Canada,Software & Cloud,DevOps Productivity Tools,1286.89,4,0.0,5147.56,921.12,4226.44,Delivered,4
ORD-24040,2025-10-10,CUST-1277,Small Business,Asia Pacific,India,Office Supplies,Breakroom Supplies,93.13,3,0.1,251.45,134.95,116.5,Delivered,3
ORD-24041,2025-09-11,CUST-1132,Corporate,North America,USA,Electronics,Wireless Audio,318.25,3,0.1,859.27,535.5,323.77,Cancelled,2
ORD-24042,2025-01-18,CUST-1200,Corporate,Europe,United Kingdom,Office Supplies,Breakroom Supplies,51.91,2,0.0,103.82,58.12,45.7,Delivered,4
ORD-24043,2025-09-20,CUST-1294,Corporate,Europe,Netherlands,Electronics,Smartphones & Tablets,675.29,2,0.0,1350.58,935.9,414.68,Delivered,3
ORD-24044,2025-02-22,CUST-1307,Small Business,North America,Mexico,Software & Cloud,Enterprise CRM License,553.45,1,0.0,553.45,141.32,412.13,Shipped,4
ORD-24045,2025-05-27,CUST-1090,Enterprise,North America,USA,Office Supplies,High-Volume Printers,1174.06,2,0.05,2230.71,1233.37,997.34,Delivered,3
ORD-24046,2025-05-20,CUST-1370,Consumer,Latin America,Chile,Office Supplies,Breakroom Supplies,128.62,1,0.0,128.62,82.82,45.8,Delivered,5
ORD-24047,2025-06-17,CUST-1081,Enterprise,North America,USA,Software & Cloud,Cybersecurity Suite,1585.15,2,0.0,3170.3,399.77,2770.53,Delivered,4
ORD-24048,2026-02-11,CUST-1029,Enterprise,Asia Pacific,Japan,Office Furniture,LED Desk Lighting,98.66,3,0.1,266.38,129.55,136.83,Delivered,5
ORD-24049,2025-04-16,CUST-1107,Corporate,Asia Pacific,Japan,Office Supplies,High-Volume Printers,834.34,2,0.05,1585.25,1007.61,577.64,Delivered,5
ORD-24050,2026-02-18,CUST-1009,Corporate,North America,USA,Software & Cloud,Cybersecurity Suite,708.52,3,0.05,2019.28,596.28,1423.0,Delivered,5
ORD-24051,2025-09-10,CUST-1329,Enterprise,Europe,Germany,Electronics,Wireless Audio,100.86,1,0.1,90.77,61.67,29.1,Delivered,3
ORD-24052,2025-02-28,CUST-1274,Corporate,Asia Pacific,South Korea,Electronics,Smartphones & Tablets,1393.78,1,0.0,1393.78,947.28,446.5,Delivered,5
ORD-24053,2026-04-07,CUST-1233,Corporate,North America,Mexico,Software & Cloud,Cybersecurity Suite,1124.25,1,0.0,1124.25,144.35,979.9,Delivered,4
ORD-24054,2026-07-11,CUST-1060,Small Business,Asia Pacific,South Korea,Electronics,Wireless Audio,343.86,1,0.0,343.86,209.35,134.51,Shipped,3
ORD-24055,2026-04-10,CUST-1174,Small Business,North America,USA,Office Furniture,Conference Tables,1605.81,3,0.0,4817.43,2565.91,2251.52,Shipped,5
ORD-24056,2025-03-13,CUST-1130,Enterprise,Middle East & Africa,UAE,Office Furniture,LED Desk Lighting,84.94,8,0.1,611.57,364.82,246.75,Delivered,3
ORD-24057,2025-10-24,CUST-1050,Enterprise,Latin America,Colombia,Office Furniture,Ergonomic Executive Chairs,649.46,1,0.1,584.51,277.51,307.0,Delivered,3
ORD-24058,2025-07-05,CUST-1350,Corporate,North America,Mexico,Office Supplies,Breakroom Supplies,159.47,4,0.05,605.99,317.14,288.85,Shipped,4
ORD-24059,2025-03-28,CUST-1310,Enterprise,North America,Canada,Office Supplies,High-Volume Printers,1041.58,8,0.1,7499.38,4603.02,2896.36,Delivered,5
ORD-24060,2026-02-28,CUST-1239,Small Business,Europe,France,Electronics,Wireless Audio,250.01,1,0.0,250.01,165.85,84.16,Delivered,3
ORD-24061,2025-11-14,CUST-1161,Consumer,North America,USA,Software & Cloud,Enterprise CRM License,2498.32,2,0.05,4746.81,961.62,3785.19,Delivered,1
ORD-24062,2026-02-28,CUST-1207,Enterprise,Asia Pacific,Japan,Office Supplies,Presentation Equipment,523.74,2,0.0,1047.48,689.71,357.77,Delivered,5
ORD-24063,2025-08-24,CUST-1257,Enterprise,Asia Pacific,Singapore,Office Furniture,Adjustable Standing Desks,898.16,1,0.05,853.25,510.94,342.31,Shipped,3
ORD-24064,2026-06-25,CUST-1288,Corporate,North America,Canada,Office Furniture,Adjustable Standing Desks,1327.89,2,0.05,2522.99,1290.82,1232.17,Delivered,3
ORD-24065,2026-01-17,CUST-1261,Corporate,Middle East & Africa,Saudi Arabia,Electronics,Wireless Audio,323.63,4,0.1,1165.07,743.66,421.41,Shipped,3
ORD-24066,2025-05-05,CUST-1122,Consumer,North America,USA,Office Supplies,Paper & Stationeries Pack,59.76,1,0.15,50.8,28.38,22.42,Delivered,3
ORD-24067,2025-11-20,CUST-1025,Consumer,Europe,Netherlands,Electronics,Laptops & Workstations,2370.04,5,0.05,11257.69,7965.87,3291.82,Delivered,5
ORD-24068,2026-01-25,CUST-1094,Enterprise,Asia Pacific,Japan,Electronics,Laptops & Workstations,1239.18,3,0.0,3717.54,2564.6,1152.94,Shipped,3
ORD-24069,2025-03-22,CUST-1147,Corporate,Latin America,Colombia,Electronics,Monitors & Displays,654.34,5,0.15,2780.95,1727.87,1053.08,Delivered,5
ORD-24070,2025-05-22,CUST-1080,Corporate,North America,USA,Electronics,Smart Wearables,209.19,3,0.0,627.57,478.14,149.43,Delivered,2
ORD-24071,2025-01-21,CUST-1282,Corporate,Europe,France,Office Furniture,Adjustable Standing Desks,1207.07,1,0.1,1086.36,601.83,484.53,Delivered,4
ORD-24072,2025-08-31,CUST-1078,Small Business,North America,USA,Software & Cloud,Cloud Analytics Suite,3184.94,1,0.1,2866.45,730.02,2136.43,Delivered,5
ORD-24073,2025-02-15,CUST-1130,Corporate,Asia Pacific,India,Office Furniture,Conference Tables,2346.18,3,0.0,7038.54,3519.88,3518.66,Delivered,2
ORD-24074,2026-01-11,CUST-1248,Small Business,Europe,France,Electronics,Monitors & Displays,649.66,2,0.15,1104.42,878.65,225.77,Delivered,5
ORD-24075,2026-04-15,CUST-1278,Consumer,North America,USA,Electronics,Laptops & Workstations,2221.77,1,0.0,2221.77,1609.82,611.95,Delivered,3
ORD-24076,2026-03-18,CUST-1078,Corporate,Middle East & Africa,Saudi Arabia,Electronics,Smartphones & Tablets,733.18,4,0.0,2932.72,1796.22,1136.5,Delivered,4
ORD-24077,2025-08-28,CUST-1321,Corporate,Europe,Netherlands,Electronics,Laptops & Workstations,1830.98,10,0.15,15563.33,11130.9,4432.43,Delivered,3
ORD-24078,2026-01-15,CUST-1132,Consumer,Asia Pacific,South Korea,Electronics,Smart Wearables,188.61,4,0.05,716.72,547.25,169.47,Delivered,5
ORD-24079,2025-05-03,CUST-1024,Corporate,Middle East & Africa,UAE,Software & Cloud,DevOps Productivity Tools,896.41,3,0.1,2420.31,593.51,1826.8,Delivered,4
ORD-24080,2025-10-12,CUST-1364,Small Business,Middle East & Africa,South Africa,Office Supplies,Paper & Stationeries Pack,92.82,8,0.0,742.56,459.15,283.41,Delivered,4
ORD-24081,2025-04-01,CUST-1065,Corporate,North America,USA,Office Supplies,Storage & Archiving Units,261.92,1,0.05,248.82,135.74,113.08,Delivered,5
ORD-24082,2026-05-19,CUST-1163,Corporate,North America,Mexico,Electronics,Monitors & Displays,632.78,5,0.0,3163.9,1975.04,1188.86,Delivered,3
ORD-24083,2025-05-09,CUST-1329,Small Business,North America,USA,Office Supplies,Presentation Equipment,316.81,2,0.0,633.62,345.29,288.33,Delivered,5
ORD-24084,2025-04-25,CUST-1224,Corporate,North America,USA,Office Supplies,High-Volume Printers,545.85,2,0.1,982.53,548.95,433.58,Processing,2
ORD-24085,2026-06-03,CUST-1295,Enterprise,North America,USA,Electronics,Smartphones & Tablets,929.53,1,0.0,929.53,618.06,311.47,Delivered,4
ORD-24086,2025-12-13,CUST-1026,Small Business,North America,Canada,Software & Cloud,Enterprise CRM License,542.39,1,0.05,515.27,140.85,374.42,Delivered,4
ORD-24087,2025-01-18,CUST-1089,Corporate,Europe,Spain,Office Furniture,Ergonomic Executive Chairs,898.14,4,0.1,3233.3,1880.04,1353.26,Delivered,4
ORD-24088,2026-05-15,CUST-1317,Enterprise,North America,Mexico,Office Supplies,High-Volume Printers,935.88,2,0.05,1778.17,1244.14,534.03,Delivered,5
ORD-24089,2026-04-11,CUST-1360,Small Business,Europe,Germany,Office Supplies,Presentation Equipment,323.7,3,0.0,971.1,542.76,428.34,Shipped,4
ORD-24090,2025-06-05,CUST-1141,Enterprise,Latin America,Colombia,Office Furniture,LED Desk Lighting,95.43,3,0.0,286.29,161.44,124.85,Processing,3
ORD-24091,2025-05-26,CUST-1057,Enterprise,North America,USA,Software & Cloud,DevOps Productivity Tools,1365.79,1,0.1,1229.21,345.87,883.34,Delivered,4
ORD-24092,2025-07-10,CUST-1071,Consumer,Europe,Germany,Electronics,Smart Wearables,330.95,1,0.0,330.95,261.29,69.66,Delivered,4
ORD-24093,2026-05-16,CUST-1251,Consumer,Asia Pacific,Singapore,Office Supplies,Paper & Stationeries Pack,79.26,3,0.2,190.22,110.46,79.76,Delivered,5
ORD-24094,2026-01-18,CUST-1269,Enterprise,North America,USA,Electronics,Laptops & Workstations,1260.39,1,0.0,1260.39,761.93,498.46,Delivered,4
ORD-24095,2025-04-19,CUST-1105,Corporate,Asia Pacific,India,Electronics,Wireless Audio,320.7,4,0.0,1282.8,862.36,420.44,Delivered,4
ORD-24096,2025-10-09,CUST-1217,Corporate,North America,Mexico,Software & Cloud,DevOps Productivity Tools,613.74,5,0.1,2761.83,383.39,2378.44,Delivered,4
ORD-24097,2025-02-16,CUST-1331,Enterprise,Asia Pacific,India,Software & Cloud,AI Assistant Subscription,355.12,3,0.0,1065.36,129.12,936.24,Cancelled,2
ORD-24098,2026-01-13,CUST-1370,Enterprise,Europe,France,Office Furniture,LED Desk Lighting,154.78,5,0.0,773.9,463.83,310.07,Delivered,5
ORD-24099,2025-06-29,CUST-1088,Consumer,North America,USA,Software & Cloud,DevOps Productivity Tools,402.48,1,0.05,382.36,104.52,277.84,Shipped,4
ORD-24100,2026-05-05,CUST-1202,Small Business,Asia Pacific,Australia,Office Supplies,Breakroom Supplies,71.23,3,0.0,213.69,147.73,65.96,Delivered,5
ORD-24101,2025-04-15,CUST-1006,Corporate,Europe,Spain,Electronics,Wireless Audio,311.57,1,0.15,264.83,197.47,67.36,Delivered,4
ORD-24102,2026-03-26,CUST-1228,Corporate,North America,Canada,Software & Cloud,Cloud Analytics Suite,1091.9,2,0.0,2183.8,400.74,1783.06,Delivered,4
ORD-24103,2026-07-12,CUST-1117,Small Business,North America,Mexico,Office Furniture,Acoustic Office Pods,2329.21,2,0.05,4425.5,2862.14,1563.36,Shipped,3
ORD-24104,2025-05-21,CUST-1164,Corporate,Europe,France,Electronics,Smartphones & Tablets,742.18,3,0.0,2226.54,1529.35,697.19,Delivered,4
ORD-24105,2025-08-13,CUST-1152,Enterprise,Europe,Netherlands,Office Furniture,Acoustic Office Pods,4469.92,5,0.0,22349.6,14350.89,7998.71,Delivered,3
ORD-24106,2026-02-10,CUST-1100,Corporate,North America,Canada,Electronics,Wireless Audio,253.65,3,0.0,760.95,465.41,295.54,Delivered,4
ORD-24107,2026-06-26,CUST-1368,Consumer,North America,Canada,Office Furniture,Conference Tables,2783.0,1,0.2,2226.4,1238.77,987.63,Delivered,4
ORD-24108,2026-03-01,CUST-1024,Enterprise,North America,Mexico,Office Furniture,Acoustic Office Pods,2998.01,2,0.0,5996.02,2852.96,3143.06,Delivered,3
ORD-24109,2026-03-01,CUST-1277,Consumer,Europe,Netherlands,Electronics,Smartphones & Tablets,1046.94,1,0.1,942.25,604.6,337.65,Delivered,1
ORD-24110,2025-08-14,CUST-1029,Enterprise,North America,USA,Office Furniture,Adjustable Standing Desks,1396.51,1,0.05,1326.68,641.02,685.66,Delivered,3
ORD-24111,2025-11-14,CUST-1160,Corporate,North America,Mexico,Software & Cloud,Enterprise CRM License,930.7,3,0.05,2652.5,583.15,2069.35,Delivered,4
ORD-24112,2026-07-18,CUST-1383,Consumer,North America,Canada,Software & Cloud,Cloud Analytics Suite,4347.9,1,0.05,4130.5,1195.77,2934.73,Delivered,3
ORD-24113,2025-11-25,CUST-1090,Small Business,Europe,Germany,Office Supplies,Paper & Stationeries Pack,58.42,1,0.15,49.66,24.91,24.75,Processing,4
ORD-24114,2025-02-23,CUST-1093,Enterprise,Asia Pacific,India,Software & Cloud,AI Assistant Subscription,503.08,5,0.0,2515.4,750.83,1764.57,Delivered,4
ORD-24115,2025-12-18,CUST-1092,Consumer,Asia Pacific,India,Software & Cloud,DevOps Productivity Tools,839.45,3,0.1,2266.52,629.41,1637.11,Delivered,4
ORD-24116,2025-06-06,CUST-1344,Consumer,Latin America,Chile,Software & Cloud,Cybersecurity Suite,1388.79,3,0.0,4166.37,673.3,3493.07,Delivered,3
ORD-24117,2025-03-28,CUST-1176,Enterprise,Europe,France,Office Furniture,Adjustable Standing Desks,729.84,2,0.1,1313.71,651.87,661.84,Delivered,4
ORD-24118,2025-02-17,CUST-1025,Small Business,Europe,Spain,Office Supplies,Paper & Stationeries Pack,102.69,10,0.0,1026.9,538.89,488.01,Delivered,4
ORD-24119,2025-02-06,CUST-1298,Consumer,North America,USA,Electronics,Laptops & Workstations,2170.02,2,0.05,4123.04,2547.04,1576.0,Delivered,3
ORD-24120,2025-11-26,CUST-1240,Enterprise,Asia Pacific,Singapore,Office Supplies,High-Volume Printers,843.26,8,0.0,6746.08,3884.27,2861.81,Delivered,4
ORD-24121,2025-12-07,CUST-1217,Corporate,North America,Canada,Software & Cloud,Cloud Analytics Suite,1832.91,4,0.1,6598.48,1005.49,5592.99,Delivered,4
ORD-24122,2025-08-01,CUST-1130,Small Business,North America,USA,Electronics,Smartphones & Tablets,698.93,2,0.05,1327.97,939.63,388.34,Shipped,5
ORD-24123,2025-01-19,CUST-1366,Small Business,Europe,Spain,Software & Cloud,AI Assistant Subscription,559.64,3,0.0,1678.92,225.79,1453.13,Delivered,4
ORD-24124,2025-03-09,CUST-1094,Corporate,Europe,Netherlands,Office Furniture,Ergonomic Executive Chairs,739.93,5,0.0,3699.65,1670.35,2029.3,Delivered,3
ORD-24125,2026-01-29,CUST-1210,Corporate,Asia Pacific,India,Electronics,Monitors & Displays,637.15,3,0.0,1911.45,1217.66,693.79,Delivered,5
ORD-24126,2025-06-04,CUST-1034,Small Business,Middle East & Africa,South Africa,Office Furniture,Ergonomic Executive Chairs,400.66,2,0.1,721.19,438.17,283.02,Processing,4
ORD-24127,2025-01-18,CUST-1111,Corporate,Europe,United Kingdom,Electronics,Wireless Audio,244.4,1,0.05,232.18,141.9,90.28,Delivered,4
ORD-24128,2026-04-08,CUST-1190,Small Business,Asia Pacific,Japan,Software & Cloud,DevOps Productivity Tools,574.82,3,0.1,1552.01,389.72,1162.29,Delivered,4
ORD-24129,2025-09-18,CUST-1081,Corporate,North America,USA,Software & Cloud,Cloud Analytics Suite,1598.29,1,0.0,1598.29,199.75,1398.54,Delivered,4
ORD-24130,2026-02-27,CUST-1299,Enterprise,Europe,France,Electronics,Wireless Audio,107.98,4,0.0,431.92,344.21,87.71,Delivered,5
ORD-24131,2025-08-22,CUST-1393,Corporate,Latin America,Brazil,Electronics,Monitors & Displays,716.56,4,0.05,2722.93,1769.47,953.46,Delivered,5
ORD-24132,2025-05-16,CUST-1073,Corporate,North America,Canada,Software & Cloud,AI Assistant Subscription,940.29,2,0.05,1786.55,408.06,1378.49,Delivered,5
ORD-24133,2025-08-08,CUST-1274,Corporate,North America,Canada,Electronics,Smartphones & Tablets,1051.99,2,0.0,2103.98,1440.49,663.49,Cancelled,2
ORD-24134,2026-02-01,CUST-1050,Enterprise,North America,Mexico,Electronics,Smart Wearables,440.87,1,0.05,418.83,285.15,133.68,Delivered,5
ORD-24135,2026-07-19,CUST-1151,Enterprise,North America,Canada,Electronics,Wireless Audio,178.02,3,0.0,534.06,391.8,142.26,Delivered,3
ORD-24136,2026-03-31,CUST-1029,Small Business,Asia Pacific,Japan,Office Supplies,Presentation Equipment,152.66,5,0.2,610.64,346.7,263.94,Delivered,2
ORD-24137,2025-12-28,CUST-1063,Corporate,Asia Pacific,Japan,Electronics,Laptops & Workstations,1732.92,2,0.0,3465.84,2435.45,1030.39,Shipped,5
ORD-24138,2025-03-05,CUST-1089,Small Business,Europe,Netherlands,Electronics,Monitors & Displays,289.07,4,0.15,982.84,727.74,255.1,Delivered,5
ORD-24139,2025-06-09,CUST-1310,Small Business,Europe,United Kingdom,Software & Cloud,AI Assistant Subscription,361.49,1,0.05,343.42,91.29,252.13,Shipped,5
ORD-24140,2025-02-05,CUST-1362,Enterprise,North America,Canada,Software & Cloud,DevOps Productivity Tools,1373.33,2,0.0,2746.66,423.53,2323.13,Shipped,5
ORD-24141,2025-07-25,CUST-1015,Corporate,Asia Pacific,Singapore,Electronics,Monitors & Displays,269.67,1,0.0,269.67,206.81,62.86,Delivered,3
ORD-24142,2025-07-29,CUST-1374,Corporate,Europe,Spain,Software & Cloud,Enterprise CRM License,2413.27,1,0.2,1930.62,553.83,1376.79,Delivered,5
ORD-24143,2026-02-16,CUST-1257,Corporate,Asia Pacific,Japan,Office Furniture,Adjustable Standing Desks,816.41,8,0.05,6204.72,3063.24,3141.48,Shipped,5
ORD-24144,2025-09-24,CUST-1290,Consumer,North America,Mexico,Office Supplies,Presentation Equipment,534.44,5,0.0,2672.2,1498.65,1173.55,Delivered,5
ORD-24145,2026-03-31,CUST-1243,Consumer,Asia Pacific,Australia,Software & Cloud,AI Assistant Subscription,419.14,3,0.0,1257.42,249.06,1008.36,Delivered,4
ORD-24146,2025-06-17,CUST-1089,Corporate,Europe,United Kingdom,Office Furniture,Ergonomic Executive Chairs,947.28,2,0.0,1894.56,1227.29,667.27,Delivered,2
ORD-24147,2026-01-30,CUST-1385,Enterprise,Asia Pacific,India,Office Supplies,Presentation Equipment,421.98,3,0.0,1265.94,835.51,430.43,Delivered,4
ORD-24148,2026-04-19,CUST-1294,Enterprise,North America,USA,Software & Cloud,Cybersecurity Suite,1503.94,1,0.0,1503.94,445.88,1058.06,Delivered,5
ORD-24149,2026-03-08,CUST-1257,Corporate,Middle East & Africa,UAE,Office Supplies,High-Volume Printers,422.61,2,0.05,802.96,524.55,278.41,Delivered,3
ORD-24150,2025-09-25,CUST-1062,Consumer,Europe,United Kingdom,Electronics,Wireless Audio,305.54,1,0.1,274.99,172.81,102.18,Delivered,1
ORD-24151,2025-02-15,CUST-1381,Corporate,Asia Pacific,Australia,Electronics,Smart Wearables,384.21,2,0.05,730.0,564.56,165.44,Shipped,5
ORD-24152,2026-07-13,CUST-1155,Corporate,Latin America,Brazil,Electronics,Smartphones & Tablets,938.43,1,0.1,844.59,521.03,323.56,Delivered,3
ORD-24153,2025-04-28,CUST-1070,Enterprise,North America,USA,Electronics,Smartphones & Tablets,743.56,1,0.05,706.38,472.52,233.86,Delivered,4
ORD-24154,2025-01-29,CUST-1237,Corporate,North America,USA,Office Furniture,Adjustable Standing Desks,598.14,1,0.05,568.23,270.48,297.75,Delivered,3
ORD-24155,2026-03-22,CUST-1150,Small Business,North America,Canada,Software & Cloud,DevOps Productivity Tools,1138.87,1,0.0,1138.87,255.39,883.48,Processing,4
ORD-24156,2025-08-16,CUST-1237,Corporate,Europe,Germany,Software & Cloud,DevOps Productivity Tools,998.92,2,0.1,1798.06,238.76,1559.3,Delivered,4
ORD-24157,2026-02-24,CUST-1074,Consumer,Middle East & Africa,UAE,Office Furniture,Conference Tables,2664.52,1,0.2,2131.62,1339.16,792.46,Delivered,4
ORD-24158,2025-06-28,CUST-1082,Corporate,Asia Pacific,Japan,Software & Cloud,Enterprise CRM License,2987.57,1,0.0,2987.57,637.62,2349.95,Cancelled,2
ORD-24159,2025-11-07,CUST-1273,Consumer,North America,Mexico,Electronics,Laptops & Workstations,2217.91,2,0.0,4435.82,2718.61,1717.21,Delivered,2
ORD-24160,2025-03-31,CUST-1394,Small Business,Asia Pacific,Australia,Office Supplies,Presentation Equipment,229.56,1,0.1,206.6,110.29,96.31,Delivered,3
ORD-24161,2026-04-16,CUST-1087,Corporate,Europe,Spain,Office Furniture,Ergonomic Executive Chairs,856.85,1,0.15,728.32,342.67,385.65,Delivered,4
ORD-24162,2025-12-30,CUST-1193,Corporate,North America,USA,Software & Cloud,AI Assistant Subscription,994.22,3,0.0,2982.66,410.14,2572.52,Delivered,2
ORD-24163,2025-10-01,CUST-1233,Corporate,Europe,United Kingdom,Software & Cloud,Cloud Analytics Suite,3932.77,1,0.0,3932.77,1071.3,2861.47,Processing,5
ORD-24164,2025-01-23,CUST-1107,Corporate,North America,Canada,Electronics,Wireless Audio,279.78,1,0.0,279.78,221.58,58.2,Shipped,3
ORD-24165,2025-12-18,CUST-1190,Corporate,North America,USA,Office Furniture,Conference Tables,1600.94,2,0.0,3201.88,1943.26,1258.62,Shipped,4
ORD-24166,2025-08-28,CUST-1234,Small Business,Europe,United Kingdom,Software & Cloud,DevOps Productivity Tools,565.57,2,0.1,1018.03,264.37,753.66,Delivered,4
ORD-24167,2025-01-29,CUST-1348,Small Business,Asia Pacific,India,Office Supplies,High-Volume Printers,538.62,1,0.05,511.69,340.19,171.5,Delivered,4
ORD-24168,2025-04-23,CUST-1058,Corporate,North America,Canada,Electronics,Smartphones & Tablets,1190.64,8,0.1,8572.61,6059.11,2513.5,Delivered,3
ORD-24169,2025-06-04,CUST-1325,Consumer,Middle East & Africa,UAE,Office Supplies,Paper & Stationeries Pack,30.66,1,0.0,30.66,15.77,14.89,Delivered,4
ORD-24170,2026-06-22,CUST-1054,Small Business,Europe,United Kingdom,Software & Cloud,Enterprise CRM License,576.99,1,0.0,576.99,152.88,424.11,Delivered,4
ORD-24171,2026-02-14,CUST-1382,Corporate,North America,USA,Office Furniture,Conference Tables,2760.41,4,0.0,11041.64,6347.47,4694.17,Delivered,3
ORD-24172,2025-08-18,CUST-1043,Consumer,Asia Pacific,Australia,Software & Cloud,Cybersecurity Suite,1701.73,2,0.0,3403.46,872.68,2530.78,Delivered,4
ORD-24173,2025-08-15,CUST-1253,Enterprise,North America,Canada,Office Furniture,Acoustic Office Pods,4662.76,4,0.15,15853.38,7987.38,7866.0,Delivered,5
ORD-24174,2026-03-22,CUST-1230,Small Business,North America,USA,Software & Cloud,Cybersecurity Suite,404.04,1,0.0,404.04,68.85,335.19,Delivered,5
ORD-24175,2025-07-24,CUST-1129,Corporate,Europe,Germany,Office Supplies,Presentation Equipment,283.09,1,0.1,254.78,147.53,107.25,Delivered,5
ORD-24176,2025-01-19,CUST-1382,Small Business,North America,USA,Electronics,Smart Wearables,406.91,4,0.0,1627.64,1255.36,372.28,Delivered,4
ORD-24177,2025-03-08,CUST-1007,Small Business,North America,Mexico,Software & Cloud,DevOps Productivity Tools,1134.85,2,0.0,2269.7,513.69,1756.01,Delivered,5
ORD-24178,2026-04-01,CUST-1001,Corporate,Europe,Netherlands,Electronics,Smartphones & Tablets,1360.81,4,0.0,5443.24,4122.18,1321.06,Delivered,4
ORD-24179,2025-03-21,CUST-1305,Small Business,Asia Pacific,South Korea,Office Furniture,LED Desk Lighting,137.53,3,0.0,412.59,221.27,191.32,Delivered,5
ORD-24180,2025-04-13,CUST-1019,Enterprise,North America,Mexico,Office Furniture,Ergonomic Executive Chairs,699.47,3,0.0,2098.41,1332.36,766.05,Processing,3
ORD-24181,2025-12-08,CUST-1089,Corporate,North America,USA,Electronics,Monitors & Displays,522.52,1,0.15,444.14,279.38,164.76,Delivered,4
ORD-24182,2026-04-03,CUST-1117,Small Business,North America,Mexico,Software & Cloud,Cybersecurity Suite,678.2,2,0.1,1220.76,261.72,959.04,Delivered,1
ORD-24183,2026-04-30,CUST-1108,Small Business,North America,Canada,Software & Cloud,AI Assistant Subscription,546.32,1,0.0,546.32,145.73,400.59,Delivered,4
ORD-24184,2026-03-29,CUST-1370,Corporate,Asia Pacific,Japan,Software & Cloud,Enterprise CRM License,1463.85,3,0.0,4391.55,652.12,3739.43,Delivered,4
ORD-24185,2025-04-09,CUST-1215,Corporate,Europe,France,Office Supplies,High-Volume Printers,1180.19,2,0.1,2124.34,1316.41,807.93,Delivered,3
ORD-24186,2025-01-27,CUST-1070,Consumer,Asia Pacific,India,Office Furniture,Adjustable Standing Desks,721.55,3,0.1,1948.18,1047.38,900.8,Delivered,4
ORD-24187,2025-07-23,CUST-1337,Enterprise,Europe,Netherlands,Office Supplies,Presentation Equipment,237.36,2,0.2,379.78,251.48,128.3,Delivered,2
ORD-24188,2025-02-13,CUST-1053,Enterprise,North America,USA,Office Furniture,LED Desk Lighting,160.8,1,0.0,160.8,84.29,76.51,Delivered,4
ORD-24189,2025-04-05,CUST-1157,Corporate,North America,USA,Software & Cloud,Cloud Analytics Suite,1907.41,1,0.05,1812.04,257.34,1554.7,Shipped,5
ORD-24190,2026-05-04,CUST-1136,Enterprise,North America,USA,Electronics,Smart Wearables,274.85,8,0.0,2198.8,1713.39,485.41,Delivered,4
ORD-24191,2025-04-05,CUST-1296,Corporate,Europe,United Kingdom,Electronics,Smart Wearables,294.43,1,0.0,294.43,193.87,100.56,Delivered,4
ORD-24192,2026-01-14,CUST-1285,Corporate,Europe,Netherlands,Office Furniture,Conference Tables,2152.36,1,0.05,2044.74,1197.39,847.35,Delivered,4
ORD-24193,2026-06-19,CUST-1154,Corporate,Europe,Spain,Electronics,Laptops & Workstations,2147.03,1,0.0,2147.03,1596.41,550.62,Processing,4
ORD-24194,2026-04-11,CUST-1111,Small Business,Europe,Germany,Electronics,Wireless Audio,244.2,15,0.05,3479.85,2309.49,1170.36,Processing,4
ORD-24195,2026-05-22,CUST-1200,Small Business,Europe,Netherlands,Electronics,Smart Wearables,251.87,1,0.0,251.87,186.74,65.13,Delivered,3
ORD-24196,2025-11-10,CUST-1172,Enterprise,Middle East & Africa,Saudi Arabia,Electronics,Smart Wearables,407.74,4,0.1,1467.86,1012.11,455.75,Delivered,3
ORD-24197,2025-02-27,CUST-1386,Enterprise,Europe,Netherlands,Electronics,Monitors & Displays,279.93,8,0.0,2239.44,1477.15,762.29,Processing,4
ORD-24198,2026-04-08,CUST-1270,Corporate,Asia Pacific,Australia,Software & Cloud,DevOps Productivity Tools,820.57,4,0.05,3118.17,757.53,2360.64,Delivered,4
ORD-24199,2025-11-26,CUST-1273,Consumer,North America,USA,Electronics,Smartphones & Tablets,1231.24,1,0.05,1169.68,924.89,244.79,Delivered,5
ORD-24200,2025-01-25,CUST-1373,Small Business,North America,Mexico,Software & Cloud,DevOps Productivity Tools,379.22,1,0.1,341.3,91.72,249.58,Delivered,4
ORD-24201,2025-04-26,CUST-1074,Small Business,North America,Mexico,Office Supplies,Presentation Equipment,364.3,4,0.0,1457.2,1013.57,443.63,Delivered,5
ORD-24202,2025-06-01,CUST-1203,Enterprise,Asia Pacific,Japan,Software & Cloud,DevOps Productivity Tools,538.57,2,0.05,1023.28,217.55,805.73,Delivered,4
ORD-24203,2025-04-30,CUST-1061,Corporate,Asia Pacific,Australia,Software & Cloud,Cybersecurity Suite,608.99,2,0.0,1217.98,346.6,871.38,Delivered,5
ORD-24204,2025-07-19,CUST-1270,Corporate,North America,Mexico,Office Furniture,Ergonomic Executive Chairs,540.29,2,0.0,1080.58,694.64,385.94,Delivered,5
ORD-24205,2025-06-21,CUST-1129,Small Business,North America,Canada,Electronics,Monitors & Displays,493.56,8,0.15,3356.21,2241.8,1114.41,Shipped,4
ORD-24206,2026-07-02,CUST-1191,Consumer,North America,USA,Software & Cloud,DevOps Productivity Tools,874.99,4,0.0,3499.96,563.96,2936.0,Delivered,4
ORD-24207,2025-03-30,CUST-1381,Corporate,Europe,France,Electronics,Smartphones & Tablets,949.72,2,0.0,1899.44,1146.9,752.54,Delivered,3
ORD-24208,2026-06-01,CUST-1192,Corporate,Asia Pacific,Australia,Electronics,Wireless Audio,240.73,8,0.1,1733.26,1274.38,458.88,Shipped,2
ORD-24209,2026-05-23,CUST-1102,Corporate,North America,USA,Software & Cloud,Enterprise CRM License,2989.9,1,0.1,2690.91,771.16,1919.75,Delivered,2
ORD-24210,2025-10-25,CUST-1331,Small Business,North America,USA,Office Supplies,Paper & Stationeries Pack,71.69,4,0.05,272.42,171.35,101.07,Delivered,5
ORD-24211,2025-05-03,CUST-1080,Corporate,North America,Canada,Software & Cloud,Cloud Analytics Suite,1239.19,1,0.05,1177.23,350.85,826.38,Delivered,3
ORD-24212,2025-02-10,CUST-1204,Consumer,North America,Canada,Electronics,Smartphones & Tablets,734.43,5,0.05,3488.54,2269.14,1219.4,Delivered,1
ORD-24213,2026-03-26,CUST-1275,Small Business,Europe,Spain,Software & Cloud,AI Assistant Subscription,463.05,1,0.1,416.75,52.97,363.78,Shipped,3
ORD-24214,2025-02-20,CUST-1239,Corporate,North America,USA,Electronics,Wireless Audio,144.33,2,0.05,274.23,199.36,74.87,Shipped,3
ORD-24215,2025-03-22,CUST-1303,Small Business,Asia Pacific,Australia,Office Furniture,LED Desk Lighting,85.56,4,0.0,342.24,162.0,180.24,Delivered,3
ORD-24216,2025-09-14,CUST-1199,Corporate,North America,Mexico,Office Furniture,Adjustable Standing Desks,1384.61,3,0.0,4153.83,2573.7,1580.13,Delivered,3
ORD-24217,2026-04-24,CUST-1158,Small Business,Asia Pacific,South Korea,Office Supplies,Breakroom Supplies,86.25,5,0.0,431.25,273.38,157.87,Delivered,3
ORD-24218,2025-10-26,CUST-1307,Corporate,Asia Pacific,India,Office Furniture,Acoustic Office Pods,2316.84,2,0.0,4633.68,2784.49,1849.19,Delivered,3
ORD-24219,2025-02-28,CUST-1158,Enterprise,North America,Mexico,Electronics,Laptops & Workstations,1338.6,4,0.0,5354.4,3870.71,1483.69,Delivered,4
ORD-24220,2025-08-06,CUST-1049,Corporate,North America,USA,Software & Cloud,Enterprise CRM License,2215.18,2,0.0,4430.36,1227.96,3202.4,Processing,2
ORD-24221,2025-03-02,CUST-1314,Enterprise,Europe,Netherlands,Office Furniture,LED Desk Lighting,97.96,1,0.0,97.96,44.27,53.69,Delivered,4
ORD-24222,2025-04-07,CUST-1020,Corporate,North America,USA,Office Furniture,Adjustable Standing Desks,596.68,2,0.05,1133.69,650.17,483.52,Delivered,5
ORD-24223,2026-02-20,CUST-1042,Enterprise,Europe,Netherlands,Office Supplies,High-Volume Printers,442.31,1,0.05,420.19,219.09,201.1,Shipped,3
ORD-24224,2025-12-19,CUST-1007,Consumer,North America,Mexico,Electronics,Monitors & Displays,551.46,2,0.0,1102.92,783.88,319.04,Delivered,3
ORD-24225,2025-12-07,CUST-1392,Corporate,Asia Pacific,South Korea,Office Supplies,Paper & Stationeries Pack,56.89,2,0.15,96.71,67.3,29.41,Delivered,4
ORD-24226,2026-05-15,CUST-1142,Enterprise,Asia Pacific,Japan,Office Supplies,High-Volume Printers,1131.27,3,0.05,3224.12,2125.96,1098.16,Delivered,5
ORD-24227,2025-09-24,CUST-1203,Enterprise,North America,Canada,Electronics,Wireless Audio,221.23,2,0.05,420.34,313.99,106.35,Delivered,5
ORD-24228,2025-09-28,CUST-1281,Corporate,Europe,Germany,Electronics,Wireless Audio,314.89,3,0.1,850.2,579.36,270.84,Delivered,5
ORD-24229,2025-11-28,CUST-1200,Corporate,Asia Pacific,Australia,Software & Cloud,DevOps Productivity Tools,1214.91,3,0.0,3644.73,791.01,2853.72,Delivered,1
ORD-24230,2026-07-20,CUST-1014,Enterprise,North America,Mexico,Electronics,Wireless Audio,162.85,2,0.0,325.7,229.23,96.47,Delivered,2
ORD-24231,2025-12-04,CUST-1028,Consumer,Asia Pacific,South Korea,Electronics,Laptops & Workstations,2064.1,2,0.05,3921.79,3009.83,911.96,Delivered,5
ORD-24232,2026-03-27,CUST-1330,Enterprise,North America,Canada,Office Supplies,Paper & Stationeries Pack,85.77,2,0.0,171.54,115.56,55.98,Shipped,4
ORD-24233,2025-10-28,CUST-1097,Corporate,Europe,Netherlands,Electronics,Smart Wearables,301.6,2,0.0,603.2,404.13,199.07,Delivered,3
ORD-24234,2026-04-14,CUST-1386,Enterprise,North America,Mexico,Office Supplies,Presentation Equipment,268.24,4,0.0,1072.96,572.81,500.15,Delivered,3
ORD-24235,2025-04-06,CUST-1369,Enterprise,Europe,Netherlands,Software & Cloud,DevOps Productivity Tools,865.89,1,0.2,692.71,106.42,586.29,Delivered,3
ORD-24236,2026-06-06,CUST-1359,Corporate,North America,USA,Electronics,Monitors & Displays,629.32,4,0.0,2517.28,1768.67,748.61,Delivered,5
ORD-24237,2025-01-07,CUST-1114,Corporate,Europe,Netherlands,Office Furniture,Conference Tables,1332.49,5,0.05,6329.33,3341.69,2987.64,Delivered,4
ORD-24238,2025-06-28,CUST-1043,Enterprise,Europe,Germany,Office Furniture,Acoustic Office Pods,3653.45,1,0.05,3470.78,1710.3,1760.48,Delivered,4
ORD-24239,2026-06-07,CUST-1060,Small Business,Asia Pacific,Australia,Electronics,Smart Wearables,320.59,1,0.0,320.59,217.46,103.13,Cancelled,1
ORD-24240,2025-08-12,CUST-1217,Corporate,Asia Pacific,South Korea,Office Supplies,Paper & Stationeries Pack,119.47,1,0.0,119.47,64.3,55.17,Delivered,2
ORD-24241,2026-02-06,CUST-1222,Corporate,North America,Mexico,Office Supplies,Presentation Equipment,223.75,3,0.0,671.25,440.28,230.97,Delivered,1
ORD-24242,2026-06-28,CUST-1088,Enterprise,Asia Pacific,Australia,Electronics,Smartphones & Tablets,1374.48,1,0.0,1374.48,1003.96,370.52,Delivered,5
ORD-24243,2025-09-08,CUST-1019,Enterprise,North America,USA,Office Supplies,Breakroom Supplies,82.82,2,0.0,165.64,108.2,57.44,Delivered,3
ORD-24244,2026-03-17,CUST-1026,Corporate,Europe,France,Software & Cloud,AI Assistant Subscription,679.74,4,0.0,2718.96,727.65,1991.31,Delivered,5
ORD-24245,2025-05-03,CUST-1186,Corporate,Europe,Germany,Office Furniture,Acoustic Office Pods,3739.43,1,0.05,3552.46,1627.37,1925.09,Shipped,5
ORD-24246,2025-07-22,CUST-1190,Enterprise,North America,Mexico,Office Furniture,Acoustic Office Pods,3903.01,8,0.0,31224.08,14352.18,16871.9,Shipped,3
ORD-24247,2026-04-09,CUST-1254,Consumer,Europe,United Kingdom,Software & Cloud,Cloud Analytics Suite,3911.91,10,0.0,39119.1,5407.26,33711.84,Delivered,4
ORD-24248,2025-09-23,CUST-1137,Corporate,North America,USA,Software & Cloud,DevOps Productivity Tools,590.81,1,0.05,561.27,138.91,422.36,Delivered,3
ORD-24249,2025-08-10,CUST-1138,Enterprise,North America,Mexico,Software & Cloud,AI Assistant Subscription,872.72,1,0.1,785.45,152.11,633.34,Delivered,5
ORD-24250,2025-04-17,CUST-1202,Small Business,Latin America,Chile,Software & Cloud,DevOps Productivity Tools,750.35,3,0.0,2251.05,315.13,1935.92,Delivered,4
ORD-24251,2025-05-23,CUST-1120,Corporate,Latin America,Colombia,Office Furniture,LED Desk Lighting,63.21,2,0.2,101.14,59.66,41.48,Cancelled,2
ORD-24252,2025-12-11,CUST-1293,Consumer,Middle East & Africa,Saudi Arabia,Office Supplies,Breakroom Supplies,118.65,1,0.05,112.72,78.54,34.18,Delivered,5
ORD-24253,2026-01-10,CUST-1386,Corporate,Asia Pacific,South Korea,Office Furniture,LED Desk Lighting,79.77,4,0.0,319.08,169.66,149.42,Delivered,5
ORD-24254,2026-05-22,CUST-1346,Enterprise,North America,Mexico,Electronics,Monitors & Displays,364.93,2,0.0,729.86,571.88,157.98,Shipped,4
ORD-24255,2025-06-16,CUST-1105,Corporate,North America,Mexico,Electronics,Smart Wearables,387.32,5,0.0,1936.6,1486.97,449.63,Delivered,3
ORD-24256,2025-01-21,CUST-1196,Corporate,Europe,Germany,Software & Cloud,Cybersecurity Suite,1610.71,1,0.0,1610.71,246.28,1364.43,Processing,5
ORD-24257,2026-01-18,CUST-1032,Corporate,North America,USA,Software & Cloud,DevOps Productivity Tools,499.1,8,0.15,3393.88,436.33,2957.55,Delivered,3
ORD-24258,2026-03-11,CUST-1384,Small Business,Middle East & Africa,UAE,Office Furniture,Adjustable Standing Desks,927.32,1,0.05,880.95,548.25,332.7,Processing,4
ORD-24259,2025-05-01,CUST-1256,Small Business,Europe,France,Software & Cloud,DevOps Productivity Tools,836.39,2,0.0,1672.78,350.16,1322.62,Delivered,5
ORD-24260,2025-12-15,CUST-1006,Consumer,Europe,Spain,Software & Cloud,Enterprise CRM License,1984.26,2,0.0,3968.52,1110.54,2857.98,Delivered,4
ORD-24261,2026-06-21,CUST-1242,Small Business,North America,Mexico,Office Furniture,Acoustic Office Pods,4609.12,2,0.05,8757.33,5175.7,3581.63,Delivered,4
ORD-24262,2026-06-20,CUST-1097,Corporate,Asia Pacific,Japan,Electronics,Wireless Audio,297.38,2,0.15,505.55,379.37,126.18,Delivered,5
ORD-24263,2025-02-02,CUST-1177,Corporate,North America,Canada,Electronics,Wireless Audio,302.85,1,0.15,257.42,161.03,96.39,Delivered,2
ORD-24264,2025-04-26,CUST-1184,Small Business,Asia Pacific,Japan,Software & Cloud,Cloud Analytics Suite,3442.92,3,0.0,10328.76,3091.58,7237.18,Delivered,4
ORD-24265,2026-01-26,CUST-1075,Consumer,Asia Pacific,Japan,Office Supplies,Presentation Equipment,159.53,8,0.0,1276.24,737.07,539.17,Delivered,1
ORD-24266,2025-05-18,CUST-1045,Small Business,North America,USA,Office Supplies,Paper & Stationeries Pack,55.02,2,0.05,104.54,64.91,39.63,Shipped,3
ORD-24267,2025-07-03,CUST-1305,Small Business,North America,Mexico,Electronics,Wireless Audio,106.4,3,0.05,303.24,234.49,68.75,Delivered,4
ORD-24268,2025-05-11,CUST-1395,Small Business,Latin America,Brazil,Electronics,Smartphones & Tablets,773.11,5,0.0,3865.55,2849.71,1015.84,Delivered,4
ORD-24269,2025-11-01,CUST-1119,Small Business,Middle East & Africa,South Africa,Electronics,Laptops & Workstations,2357.44,3,0.05,6718.7,5321.58,1397.12,Delivered,5
ORD-24270,2025-12-06,CUST-1389,Corporate,Europe,United Kingdom,Electronics,Monitors & Displays,574.48,2,0.05,1091.51,836.64,254.87,Delivered,5
ORD-24271,2025-02-18,CUST-1020,Small Business,North America,Canada,Software & Cloud,DevOps Productivity Tools,390.36,1,0.1,351.32,46.75,304.57,Delivered,4
ORD-24272,2025-06-26,CUST-1144,Small Business,North America,Canada,Office Furniture,Conference Tables,1880.38,2,0.0,3760.76,2443.0,1317.76,Delivered,5
ORD-24273,2026-06-16,CUST-1092,Corporate,North America,Mexico,Software & Cloud,Cybersecurity Suite,2083.81,3,0.1,5626.29,1165.05,4461.24,Shipped,3
ORD-24274,2026-07-11,CUST-1239,Corporate,Europe,United Kingdom,Software & Cloud,Enterprise CRM License,730.38,1,0.1,657.34,124.74,532.6,Processing,3
ORD-24275,2026-04-18,CUST-1002,Enterprise,Europe,Netherlands,Office Supplies,High-Volume Printers,1032.58,1,0.15,877.69,471.26,406.43,Delivered,5
ORD-24276,2025-08-10,CUST-1116,Small Business,Europe,Netherlands,Electronics,Wireless Audio,303.84,10,0.05,2886.48,2059.61,826.87,Delivered,1
ORD-24277,2026-03-12,CUST-1313,Consumer,North America,Mexico,Office Supplies,High-Volume Printers,710.87,2,0.05,1350.65,791.76,558.89,Delivered,3
ORD-24278,2025-12-04,CUST-1305,Consumer,North America,Canada,Electronics,Smart Wearables,358.75,1,0.2,287.0,188.51,98.49,Processing,4
ORD-24279,2025-01-17,CUST-1171,Corporate,Asia Pacific,Japan,Office Furniture,Conference Tables,2452.88,1,0.0,2452.88,1376.52,1076.36,Processing,3
ORD-24280,2025-05-25,CUST-1163,Corporate,North America,Mexico,Software & Cloud,AI Assistant Subscription,522.59,3,0.0,1567.77,232.86,1334.91,Delivered,4
ORD-24281,2026-01-20,CUST-1339,Small Business,North America,Mexico,Office Furniture,LED Desk Lighting,172.54,2,0.0,345.08,214.31,130.77,Delivered,5
ORD-24282,2025-01-08,CUST-1387,Small Business,North America,USA,Electronics,Smart Wearables,216.7,2,0.05,411.73,311.25,100.48,Cancelled,1
ORD-24283,2026-04-19,CUST-1390,Small Business,North America,USA,Electronics,Monitors & Displays,366.05,4,0.0,1464.2,1000.12,464.08,Delivered,4
ORD-24284,2025-11-14,CUST-1379,Corporate,Europe,France,Office Furniture,Conference Tables,1379.22,1,0.0,1379.22,764.15,615.07,Delivered,1
ORD-24285,2026-04-10,CUST-1175,Enterprise,Europe,Germany,Software & Cloud,Cybersecurity Suite,1901.91,1,0.0,1901.91,524.43,1377.48,Delivered,3
ORD-24286,2025-12-04,CUST-1325,Enterprise,North America,Mexico,Electronics,Smartphones & Tablets,1269.27,15,0.15,16183.19,9926.64,6256.55,Delivered,4
ORD-24287,2025-09-26,CUST-1284,Consumer,North America,Mexico,Electronics,Smartphones & Tablets,1362.71,5,0.1,6132.2,4578.81,1553.39,Delivered,4
ORD-24288,2026-02-04,CUST-1226,Enterprise,Asia Pacific,Singapore,Electronics,Monitors & Displays,425.97,15,0.0,6389.55,3996.5,2393.05,Delivered,4
ORD-24289,2025-12-06,CUST-1094,Enterprise,Europe,United Kingdom,Electronics,Smartphones & Tablets,1093.03,2,0.15,1858.15,1403.43,454.72,Shipped,5
ORD-24290,2026-05-16,CUST-1251,Enterprise,North America,Canada,Office Furniture,Ergonomic Executive Chairs,403.78,2,0.05,767.18,380.99,386.19,Cancelled,2
ORD-24291,2025-06-02,CUST-1330,Consumer,North America,USA,Software & Cloud,AI Assistant Subscription,271.11,2,0.0,542.22,152.97,389.25,Shipped,2
ORD-24292,2026-01-07,CUST-1243,Corporate,Asia Pacific,India,Software & Cloud,DevOps Productivity Tools,899.43,5,0.0,4497.15,1296.31,3200.84,Shipped,5
ORD-24293,2026-03-18,CUST-1053,Small Business,North America,USA,Software & Cloud,AI Assistant Subscription,864.55,3,0.05,2463.97,414.54,2049.43,Delivered,5
ORD-24294,2025-06-20,CUST-1235,Small Business,North America,USA,Electronics,Smart Wearables,361.05,1,0.0,361.05,219.65,141.4,Delivered,4
ORD-24295,2026-02-26,CUST-1018,Corporate,North America,Canada,Software & Cloud,DevOps Productivity Tools,904.97,1,0.0,904.97,176.95,728.02,Cancelled,2
ORD-24296,2025-08-06,CUST-1248,Corporate,Europe,Germany,Software & Cloud,AI Assistant Subscription,383.55,10,0.05,3643.72,943.66,2700.06,Shipped,3
ORD-24297,2026-07-06,CUST-1239,Small Business,Latin America,Brazil,Electronics,Laptops & Workstations,1469.12,2,0.1,2644.42,2016.72,627.7,Delivered,4
ORD-24298,2025-08-23,CUST-1162,Enterprise,North America,USA,Software & Cloud,AI Assistant Subscription,300.71,2,0.0,601.42,103.27,498.15,Delivered,3
ORD-24299,2025-08-28,CUST-1203,Small Business,Middle East & Africa,South Africa,Office Furniture,Acoustic Office Pods,4967.75,1,0.0,4967.75,2238.96,2728.79,Delivered,4
ORD-24300,2025-05-31,CUST-1390,Corporate,North America,Canada,Electronics,Smart Wearables,381.89,5,0.0,1909.45,1215.44,694.01,Delivered,3
ORD-24301,2025-09-19,CUST-1189,Enterprise,Asia Pacific,South Korea,Office Furniture,Acoustic Office Pods,4528.78,1,0.0,4528.78,2668.14,1860.64,Shipped,4
ORD-24302,2025-08-14,CUST-1360,Small Business,Asia Pacific,South Korea,Office Supplies,Paper & Stationeries Pack,36.15,1,0.15,30.73,18.67,12.06,Delivered,4
ORD-24303,2025-04-25,CUST-1307,Corporate,North America,USA,Electronics,Monitors & Displays,571.75,2,0.1,1029.15,765.71,263.44,Delivered,3
ORD-24304,2026-02-01,CUST-1343,Small Business,Europe,France,Office Furniture,LED Desk Lighting,105.6,2,0.0,211.2,101.69,109.51,Delivered,4
ORD-24305,2025-10-08,CUST-1316,Small Business,North America,Canada,Software & Cloud,Cloud Analytics Suite,1442.85,2,0.0,2885.7,427.89,2457.81,Delivered,4
ORD-24306,2025-09-16,CUST-1169,Corporate,North America,Mexico,Electronics,Monitors & Displays,533.99,4,0.05,2029.16,1445.29,583.87,Shipped,3
ORD-24307,2025-09-15,CUST-1329,Consumer,Europe,France,Electronics,Smartphones & Tablets,1150.63,2,0.1,2071.13,1521.16,549.97,Delivered,5
ORD-24308,2025-06-30,CUST-1356,Small Business,Asia Pacific,India,Software & Cloud,Enterprise CRM License,1445.64,15,0.0,21684.6,5237.92,16446.68,Delivered,3
ORD-24309,2026-02-08,CUST-1042,Enterprise,Europe,Spain,Electronics,Smart Wearables,328.45,3,0.05,936.08,578.24,357.84,Delivered,5
ORD-24310,2025-07-01,CUST-1114,Corporate,Asia Pacific,Australia,Software & Cloud,Cybersecurity Suite,742.46,3,0.1,2004.64,517.2,1487.44,Processing,3
ORD-24311,2025-01-05,CUST-1164,Consumer,Asia Pacific,Japan,Office Furniture,Acoustic Office Pods,2844.76,8,0.0,22758.08,10993.11,11764.97,Delivered,4
ORD-24312,2025-11-03,CUST-1349,Enterprise,Latin America,Brazil,Electronics,Wireless Audio,195.33,1,0.05,185.56,112.83,72.73,Delivered,3
ORD-24313,2025-01-18,CUST-1229,Corporate,Europe,United Kingdom,Office Supplies,High-Volume Printers,430.4,1,0.1,387.36,198.45,188.91,Cancelled,2
ORD-24314,2025-06-13,CUST-1074,Small Business,North America,USA,Office Furniture,Ergonomic Executive Chairs,389.75,2,0.1,701.55,330.68,370.87,Delivered,5
ORD-24315,2025-12-19,CUST-1212,Corporate,North America,Canada,Software & Cloud,DevOps Productivity Tools,1443.93,1,0.0,1443.93,398.59,1045.34,Delivered,4
ORD-24316,2026-01-18,CUST-1002,Small Business,Asia Pacific,South Korea,Electronics,Smartphones & Tablets,743.71,4,0.05,2826.1,2003.53,822.57,Delivered,4
ORD-24317,2025-08-27,CUST-1216,Corporate,North America,USA,Office Furniture,Adjustable Standing Desks,857.95,10,0.2,6863.6,3405.38,3458.22,Delivered,4
ORD-24318,2026-03-26,CUST-1397,Consumer,Middle East & Africa,Saudi Arabia,Software & Cloud,DevOps Productivity Tools,1453.31,5,0.0,7266.55,1744.43,5522.12,Shipped,3
ORD-24319,2025-02-03,CUST-1016,Small Business,Asia Pacific,Japan,Electronics,Smart Wearables,186.34,10,0.0,1863.4,1226.22,637.18,Cancelled,1
ORD-24320,2026-07-08,CUST-1201,Consumer,North America,USA,Office Supplies,Storage & Archiving Units,208.14,3,0.0,624.42,379.86,244.56,Delivered,5
ORD-24321,2025-05-06,CUST-1332,Corporate,Middle East & Africa,South Africa,Software & Cloud,Enterprise CRM License,549.46,5,0.0,2747.3,736.32,2010.98,Delivered,5
ORD-24322,2026-07-10,CUST-1041,Corporate,North America,Mexico,Electronics,Monitors & Displays,590.37,1,0.0,590.37,413.92,176.45,Delivered,4
ORD-24323,2025-12-28,CUST-1288,Consumer,North America,USA,Software & Cloud,Cybersecurity Suite,427.73,2,0.0,855.46,191.44,664.02,Delivered,4
ORD-24324,2025-11-14,CUST-1026,Small Business,Asia Pacific,India,Office Furniture,Adjustable Standing Desks,581.85,1,0.0,581.85,331.6,250.25,Delivered,4
ORD-24325,2026-06-04,CUST-1174,Small Business,North America,USA,Software & Cloud,AI Assistant Subscription,489.13,1,0.05,464.67,123.29,341.38,Processing,4
ORD-24326,2025-08-24,CUST-1003,Small Business,North America,Mexico,Electronics,Monitors & Displays,714.49,1,0.0,714.49,463.26,251.23,Delivered,1
ORD-24327,2026-03-18,CUST-1368,Corporate,North America,USA,Software & Cloud,DevOps Productivity Tools,683.81,1,0.05,649.62,153.94,495.68,Delivered,4
ORD-24328,2025-09-11,CUST-1154,Enterprise,North America,Canada,Office Supplies,Storage & Archiving Units,134.26,1,0.1,120.83,61.72,59.11,Delivered,4
ORD-24329,2025-01-30,CUST-1343,Enterprise,Latin America,Chile,Software & Cloud,AI Assistant Subscription,997.03,4,0.0,3988.12,1118.53,2869.59,Delivered,4
ORD-24330,2025-09-12,CUST-1208,Corporate,Europe,United Kingdom,Office Supplies,Storage & Archiving Units,178.12,2,0.05,338.43,235.94,102.49,Delivered,5
ORD-24331,2026-05-18,CUST-1073,Small Business,Asia Pacific,Australia,Software & Cloud,Cloud Analytics Suite,2513.72,1,0.1,2262.35,448.65,1813.7,Delivered,3
ORD-24332,2025-06-03,CUST-1034,Corporate,Europe,Germany,Electronics,Smart Wearables,427.71,2,0.05,812.65,579.26,233.39,Delivered,5
ORD-24333,2025-04-22,CUST-1242,Corporate,Europe,United Kingdom,Office Furniture,Conference Tables,1213.63,1,0.0,1213.63,760.04,453.59,Delivered,2
ORD-24334,2025-01-12,CUST-1321,Enterprise,Europe,United Kingdom,Software & Cloud,DevOps Productivity Tools,663.36,2,0.15,1127.71,284.01,843.7,Delivered,5
ORD-24335,2025-10-11,CUST-1063,Corporate,Latin America,Chile,Electronics,Monitors & Displays,528.06,1,0.1,475.25,355.36,119.89,Delivered,1
ORD-24336,2025-02-27,CUST-1136,Corporate,Europe,United Kingdom,Software & Cloud,DevOps Productivity Tools,947.37,2,0.05,1800.0,271.65,1528.35,Delivered,1
ORD-24337,2026-03-10,CUST-1141,Small Business,Europe,Spain,Office Furniture,Acoustic Office Pods,3206.69,1,0.05,3046.36,1758.35,1288.01,Delivered,3
ORD-24338,2025-05-21,CUST-1122,Small Business,North America,Mexico,Office Furniture,LED Desk Lighting,148.82,2,0.05,282.76,136.32,146.44,Processing,4
ORD-24339,2026-01-14,CUST-1382,Corporate,North America,Mexico,Office Furniture,Conference Tables,1454.21,1,0.1,1308.79,834.25,474.54,Delivered,4
ORD-24340,2025-11-03,CUST-1061,Corporate,North America,Canada,Office Supplies,Paper & Stationeries Pack,119.9,1,0.05,113.91,61.21,52.7,Delivered,2
ORD-24341,2025-06-27,CUST-1080,Corporate,North America,USA,Electronics,Monitors & Displays,724.69,1,0.0,724.69,523.66,201.03,Delivered,3
ORD-24342,2026-05-21,CUST-1253,Enterprise,Europe,United Kingdom,Office Furniture,Adjustable Standing Desks,710.81,1,0.05,675.27,409.45,265.82,Delivered,4
ORD-24343,2026-07-03,CUST-1091,Consumer,Middle East & Africa,UAE,Software & Cloud,DevOps Productivity Tools,822.32,4,0.0,3289.28,698.15,2591.13,Delivered,3
ORD-24344,2026-02-22,CUST-1128,Small Business,Asia Pacific,Japan,Software & Cloud,Cybersecurity Suite,1442.05,2,0.1,2595.69,459.78,2135.91,Delivered,3
ORD-24345,2025-08-01,CUST-1368,Enterprise,Europe,France,Office Supplies,High-Volume Printers,992.07,1,0.1,892.86,489.62,403.24,Delivered,5
ORD-24346,2025-02-12,CUST-1280,Corporate,Middle East & Africa,Saudi Arabia,Electronics,Smart Wearables,227.85,1,0.0,227.85,162.55,65.3,Delivered,3
ORD-24347,2026-03-03,CUST-1097,Enterprise,Asia Pacific,South Korea,Electronics,Wireless Audio,202.35,5,0.0,1011.75,627.16,384.59,Cancelled,2
ORD-24348,2025-03-22,CUST-1049,Small Business,Europe,Germany,Office Furniture,Ergonomic Executive Chairs,785.08,1,0.0,785.08,404.95,380.13,Delivered,4
ORD-24349,2026-05-13,CUST-1154,Corporate,Europe,Netherlands,Electronics,Laptops & Workstations,2224.51,1,0.1,2002.06,1528.95,473.11,Delivered,4
ORD-24350,2025-05-13,CUST-1377,Enterprise,North America,USA,Electronics,Smartphones & Tablets,1388.08,2,0.0,2776.16,2087.62,688.54,Delivered,4
ORD-24351,2025-03-02,CUST-1057,Corporate,Asia Pacific,Singapore,Software & Cloud,DevOps Productivity Tools,373.74,1,0.0,373.74,52.42,321.32,Delivered,5
ORD-24352,2025-08-27,CUST-1129,Enterprise,Europe,United Kingdom,Software & Cloud,AI Assistant Subscription,913.21,1,0.05,867.55,242.46,625.09,Delivered,5
ORD-24353,2025-07-01,CUST-1293,Enterprise,Asia Pacific,India,Electronics,Smartphones & Tablets,1018.29,4,0.0,4073.16,2706.64,1366.52,Delivered,3
ORD-24354,2026-02-17,CUST-1048,Consumer,North America,Mexico,Electronics,Smartphones & Tablets,951.63,4,0.0,3806.52,2616.52,1190.0,Delivered,4
ORD-24355,2025-01-15,CUST-1272,Small Business,Europe,France,Office Supplies,Breakroom Supplies,108.8,5,0.2,435.2,286.33,148.87,Delivered,4
ORD-24356,2025-09-03,CUST-1274,Small Business,Europe,United Kingdom,Software & Cloud,Enterprise CRM License,644.06,1,0.0,644.06,175.3,468.76,Shipped,2
ORD-24357,2025-10-27,CUST-1296,Consumer,Asia Pacific,Japan,Office Supplies,Presentation Equipment,357.57,5,0.0,1787.85,961.6,826.25,Delivered,3
ORD-24358,2026-04-04,CUST-1319,Small Business,North America,USA,Electronics,Smart Wearables,380.58,1,0.1,342.52,210.79,131.73,Delivered,3
ORD-24359,2025-09-17,CUST-1217,Enterprise,North America,Mexico,Office Supplies,High-Volume Printers,753.23,8,0.0,6025.84,4081.07,1944.77,Delivered,4
ORD-24360,2025-05-31,CUST-1352,Corporate,North America,Mexico,Electronics,Monitors & Displays,360.62,1,0.0,360.62,235.16,125.46,Delivered,3
ORD-24361,2026-07-16,CUST-1033,Consumer,North America,Canada,Software & Cloud,DevOps Productivity Tools,558.46,2,0.0,1116.92,224.45,892.47,Delivered,5
ORD-24362,2026-07-06,CUST-1034,Enterprise,Europe,Germany,Electronics,Wireless Audio,214.28,5,0.05,1017.83,803.07,214.76,Delivered,5
ORD-24363,2026-02-04,CUST-1189,Enterprise,Europe,Spain,Office Furniture,Adjustable Standing Desks,866.65,1,0.0,866.65,394.47,472.18,Delivered,5
ORD-24364,2025-10-24,CUST-1125,Corporate,North America,Canada,Office Furniture,Conference Tables,1389.52,1,0.1,1250.57,776.57,474.0,Processing,2
ORD-24365,2025-12-19,CUST-1235,Corporate,North America,Canada,Electronics,Wireless Audio,152.44,2,0.0,304.88,243.01,61.87,Processing,4
ORD-24366,2025-04-07,CUST-1325,Corporate,Middle East & Africa,UAE,Software & Cloud,DevOps Productivity Tools,736.23,2,0.0,1472.46,341.78,1130.68,Shipped,5
ORD-24367,2025-10-13,CUST-1230,Corporate,North America,Mexico,Office Supplies,Breakroom Supplies,195.78,3,0.15,499.24,251.69,247.55,Shipped,1
ORD-24368,2025-07-09,CUST-1213,Corporate,North America,USA,Office Furniture,Ergonomic Executive Chairs,462.54,4,0.0,1850.16,950.09,900.07,Delivered,4
ORD-24369,2026-06-14,CUST-1030,Small Business,North America,USA,Office Furniture,Adjustable Standing Desks,1112.5,2,0.0,2225.0,1360.94,864.06,Cancelled,2
ORD-24370,2025-03-09,CUST-1327,Enterprise,Asia Pacific,India,Electronics,Smartphones & Tablets,1099.48,5,0.05,5222.53,4166.56,1055.97,Delivered,5
ORD-24371,2025-03-29,CUST-1047,Enterprise,North America,USA,Software & Cloud,DevOps Productivity Tools,1164.11,2,0.0,2328.22,334.6,1993.62,Shipped,4
ORD-24372,2026-04-27,CUST-1098,Small Business,North America,Mexico,Electronics,Smart Wearables,431.25,4,0.15,1466.25,1072.33,393.92,Shipped,5
ORD-24373,2026-07-15,CUST-1369,Small Business,North America,Mexico,Office Furniture,Conference Tables,2048.12,2,0.0,4096.24,1897.1,2199.14,Delivered,5
ORD-24374,2026-02-08,CUST-1151,Small Business,Asia Pacific,Singapore,Office Furniture,LED Desk Lighting,170.66,2,0.0,341.32,220.5,120.82,Delivered,3
ORD-24375,2025-04-28,CUST-1112,Corporate,North America,Canada,Office Furniture,Ergonomic Executive Chairs,870.01,1,0.1,783.01,404.48,378.53,Delivered,4
ORD-24376,2025-10-25,CUST-1184,Enterprise,Europe,Netherlands,Electronics,Smartphones & Tablets,1296.46,1,0.0,1296.46,969.62,326.84,Delivered,5
ORD-24377,2025-05-03,CUST-1229,Small Business,Asia Pacific,Australia,Software & Cloud,Cybersecurity Suite,2081.84,5,0.0,10409.2,1250.61,9158.59,Delivered,2
ORD-24378,2025-10-18,CUST-1169,Corporate,Europe,Germany,Office Supplies,Paper & Stationeries Pack,39.74,1,0.1,35.77,21.69,14.08,Delivered,4
ORD-24379,2025-09-13,CUST-1000,Corporate,Europe,Netherlands,Electronics,Wireless Audio,205.23,1,0.0,205.23,158.72,46.51,Delivered,4
ORD-24380,2026-06-03,CUST-1102,Corporate,North America,Mexico,Office Supplies,Breakroom Supplies,139.02,1,0.0,139.02,71.07,67.95,Delivered,5
ORD-24381,2026-02-22,CUST-1392,Small Business,North America,USA,Office Furniture,LED Desk Lighting,168.14,3,0.0,504.42,272.36,232.06,Delivered,3
ORD-24382,2025-02-25,CUST-1194,Corporate,North America,Canada,Software & Cloud,Cybersecurity Suite,434.4,4,0.0,1737.6,496.14,1241.46,Delivered,5
ORD-24383,2025-07-14,CUST-1100,Small Business,Latin America,Brazil,Electronics,Laptops & Workstations,2029.45,3,0.05,5783.93,4370.89,1413.04,Delivered,4
ORD-24384,2025-03-25,CUST-1260,Corporate,North America,Mexico,Office Supplies,Paper & Stationeries Pack,49.07,3,0.0,147.21,86.04,61.17,Shipped,2
ORD-24385,2025-09-03,CUST-1001,Small Business,North America,Canada,Electronics,Smartphones & Tablets,1084.98,2,0.0,2169.96,1337.07,832.89,Shipped,5
ORD-24386,2026-01-10,CUST-1275,Small Business,North America,Mexico,Software & Cloud,Cybersecurity Suite,1569.15,2,0.1,2824.47,767.48,2056.99,Delivered,4
ORD-24387,2025-01-28,CUST-1246,Corporate,Europe,France,Office Supplies,High-Volume Printers,1035.55,4,0.1,3727.98,1976.0,1751.98,Delivered,4
ORD-24388,2025-05-27,CUST-1380,Enterprise,North America,Mexico,Office Furniture,Conference Tables,2356.57,8,0.05,17909.93,8467.64,9442.29,Shipped,5
ORD-24389,2026-02-22,CUST-1320,Corporate,North America,USA,Office Furniture,LED Desk Lighting,73.21,5,0.05,347.75,166.35,181.4,Delivered,3
ORD-24390,2025-08-23,CUST-1351,Consumer,Europe,United Kingdom,Software & Cloud,Cloud Analytics Suite,1821.36,5,0.0,9106.8,1244.4,7862.4,Delivered,3
ORD-24391,2026-05-15,CUST-1106,Enterprise,Europe,United Kingdom,Office Supplies,Paper & Stationeries Pack,119.67,4,0.0,478.68,316.09,162.59,Delivered,3
ORD-24392,2026-07-16,CUST-1174,Enterprise,Asia Pacific,India,Office Supplies,Storage & Archiving Units,258.69,5,0.05,1228.78,800.07,428.71,Delivered,3
ORD-24393,2026-05-12,CUST-1102,Enterprise,Asia Pacific,India,Office Furniture,LED Desk Lighting,110.37,1,0.0,110.37,65.95,44.42,Delivered,5
ORD-24394,2025-02-11,CUST-1020,Corporate,North America,Canada,Office Furniture,Ergonomic Executive Chairs,645.0,1,0.0,645.0,319.85,325.15,Delivered,4
ORD-24395,2025-02-07,CUST-1153,Corporate,Latin America,Colombia,Electronics,Monitors & Displays,736.69,2,0.0,1473.38,961.25,512.13,Delivered,4
ORD-24396,2026-02-07,CUST-1114,Enterprise,North America,USA,Electronics,Laptops & Workstations,1915.75,2,0.0,3831.5,2436.57,1394.93,Processing,5
ORD-24397,2026-06-14,CUST-1128,Consumer,Europe,Netherlands,Office Supplies,Paper & Stationeries Pack,78.01,3,0.0,234.03,145.81,88.22,Delivered,4
ORD-24398,2026-02-21,CUST-1233,Enterprise,North America,USA,Office Furniture,Acoustic Office Pods,2732.92,3,0.0,8198.76,4059.27,4139.49,Delivered,5
ORD-24399,2026-05-03,CUST-1207,Small Business,Europe,Netherlands,Electronics,Smart Wearables,281.64,3,0.0,844.92,527.11,317.81,Delivered,4
ORD-24400,2025-04-17,CUST-1172,Enterprise,Asia Pacific,South Korea,Office Supplies,High-Volume Printers,488.53,1,0.0,488.53,332.27,156.26,Delivered,3
ORD-24401,2025-09-17,CUST-1200,Small Business,North America,Mexico,Software & Cloud,DevOps Productivity Tools,976.17,1,0.15,829.74,131.73,698.01,Delivered,3
ORD-24402,2025-04-18,CUST-1067,Consumer,North America,Canada,Electronics,Laptops & Workstations,2453.75,1,0.1,2208.38,1730.37,478.01,Delivered,4
ORD-24403,2025-05-07,CUST-1116,Small Business,Asia Pacific,Australia,Software & Cloud,AI Assistant Subscription,209.59,1,0.0,209.59,62.29,147.3,Delivered,4
ORD-24404,2026-02-13,CUST-1229,Consumer,Latin America,Brazil,Software & Cloud,Enterprise CRM License,2516.77,3,0.0,7550.31,2109.84,5440.47,Delivered,4
ORD-24405,2025-03-15,CUST-1089,Small Business,Europe,France,Electronics,Monitors & Displays,317.94,1,0.0,317.94,194.68,123.26,Delivered,4
ORD-24406,2026-06-08,CUST-1238,Corporate,North America,USA,Software & Cloud,Enterprise CRM License,2028.8,2,0.0,4057.6,1043.75,3013.85,Delivered,4
ORD-24407,2025-01-15,CUST-1196,Consumer,Europe,France,Electronics,Wireless Audio,330.51,2,0.0,661.02,507.3,153.72,Delivered,4
ORD-24408,2025-04-03,CUST-1247,Enterprise,Latin America,Chile,Office Furniture,Adjustable Standing Desks,729.91,8,0.1,5255.35,2457.33,2798.02,Delivered,4
ORD-24409,2026-02-20,CUST-1178,Small Business,North America,USA,Software & Cloud,Cloud Analytics Suite,940.0,2,0.0,1880.0,409.91,1470.09,Delivered,5
ORD-24410,2025-08-01,CUST-1305,Small Business,North America,Canada,Software & Cloud,Enterprise CRM License,1264.56,1,0.1,1138.1,185.97,952.13,Delivered,3
ORD-24411,2026-05-29,CUST-1025,Corporate,Asia Pacific,South Korea,Software & Cloud,Cloud Analytics Suite,4263.78,1,0.05,4050.59,1191.39,2859.2,Delivered,4
ORD-24412,2026-06-14,CUST-1307,Consumer,Europe,Germany,Software & Cloud,Enterprise CRM License,1740.02,1,0.1,1566.02,469.25,1096.77,Delivered,4
ORD-24413,2025-03-04,CUST-1361,Enterprise,Europe,Spain,Electronics,Smartphones & Tablets,763.66,1,0.0,763.66,502.66,261.0,Delivered,4
ORD-24414,2025-10-27,CUST-1161,Small Business,North America,Canada,Office Supplies,Paper & Stationeries Pack,103.71,1,0.05,98.52,58.47,40.05,Delivered,4
ORD-24415,2025-01-02,CUST-1182,Consumer,North America,USA,Office Supplies,Presentation Equipment,300.05,4,0.1,1080.18,750.0,330.18,Delivered,4
ORD-24416,2025-01-16,CUST-1075,Small Business,Asia Pacific,Australia,Electronics,Wireless Audio,102.01,1,0.2,81.61,64.1,17.51,Delivered,3
ORD-24417,2025-12-11,CUST-1263,Corporate,Middle East & Africa,Saudi Arabia,Electronics,Smartphones & Tablets,1226.5,1,0.0,1226.5,826.09,400.41,Delivered,4
ORD-24418,2026-01-20,CUST-1304,Enterprise,North America,Mexico,Software & Cloud,Cloud Analytics Suite,3398.55,1,0.1,3058.7,422.01,2636.69,Delivered,5
ORD-24419,2025-10-15,CUST-1381,Enterprise,North America,Canada,Electronics,Wireless Audio,311.17,1,0.0,311.17,198.59,112.58,Delivered,4
ORD-24420,2025-11-02,CUST-1040,Small Business,North America,Canada,Software & Cloud,AI Assistant Subscription,756.04,5,0.1,3402.18,1017.95,2384.23,Delivered,5
ORD-24421,2025-08-07,CUST-1318,Small Business,North America,Canada,Electronics,Smartphones & Tablets,1396.56,5,0.1,6284.52,3983.46,2301.06,Delivered,3
ORD-24422,2025-12-17,CUST-1273,Small Business,North America,Mexico,Software & Cloud,Cloud Analytics Suite,3813.37,1,0.0,3813.37,831.14,2982.23,Delivered,5
ORD-24423,2026-06-02,CUST-1291,Corporate,North America,Canada,Software & Cloud,DevOps Productivity Tools,746.72,1,0.0,746.72,172.86,573.86,Delivered,3
ORD-24424,2026-06-30,CUST-1049,Corporate,Europe,France,Electronics,Laptops & Workstations,1410.5,4,0.15,4795.7,3390.24,1405.46,Processing,2
ORD-24425,2025-12-05,CUST-1216,Enterprise,Europe,France,Software & Cloud,Cybersecurity Suite,562.3,2,0.0,1124.6,269.05,855.55,Delivered,3
ORD-24426,2026-06-20,CUST-1386,Consumer,Latin America,Chile,Office Furniture,Ergonomic Executive Chairs,864.22,1,0.05,821.01,388.54,432.47,Delivered,4
ORD-24427,2025-07-08,CUST-1280,Consumer,Europe,Netherlands,Office Furniture,Conference Tables,1666.52,2,0.0,3333.04,1708.09,1624.95,Delivered,4
ORD-24428,2025-05-27,CUST-1383,Corporate,North America,USA,Software & Cloud,Cybersecurity Suite,1644.73,10,0.0,16447.3,1981.69,14465.61,Delivered,4
ORD-24429,2025-07-04,CUST-1250,Consumer,Middle East & Africa,Saudi Arabia,Office Supplies,Storage & Archiving Units,249.92,8,0.0,1999.36,1202.35,797.01,Delivered,3
ORD-24430,2025-01-27,CUST-1012,Enterprise,Asia Pacific,South Korea,Software & Cloud,DevOps Productivity Tools,1301.21,4,0.0,5204.84,669.75,4535.09,Shipped,4
ORD-24431,2025-10-19,CUST-1241,Enterprise,North America,Mexico,Software & Cloud,Enterprise CRM License,549.06,2,0.05,1043.21,277.06,766.15,Delivered,4
ORD-24432,2025-06-13,CUST-1157,Enterprise,Europe,Spain,Software & Cloud,AI Assistant Subscription,556.73,3,0.1,1503.17,365.76,1137.41,Delivered,4
ORD-24433,2026-02-28,CUST-1121,Enterprise,North America,Mexico,Electronics,Smartphones & Tablets,653.56,3,0.05,1862.65,1182.26,680.39,Delivered,3
ORD-24434,2026-03-26,CUST-1174,Enterprise,Europe,United Kingdom,Electronics,Wireless Audio,341.83,3,0.0,1025.49,663.17,362.32,Delivered,5
ORD-24435,2025-07-19,CUST-1044,Enterprise,Europe,Spain,Software & Cloud,AI Assistant Subscription,724.08,2,0.0,1448.16,350.29,1097.87,Delivered,3
ORD-24436,2025-11-24,CUST-1080,Corporate,North America,USA,Office Furniture,Conference Tables,2476.11,4,0.0,9904.44,5632.66,4271.78,Delivered,4
ORD-24437,2026-07-10,CUST-1372,Corporate,North America,USA,Electronics,Wireless Audio,204.58,1,0.05,194.35,153.85,40.5,Delivered,4
ORD-24438,2026-03-06,CUST-1347,Corporate,Europe,France,Office Supplies,Storage & Archiving Units,141.41,1,0.0,141.41,93.52,47.89,Delivered,4
ORD-24439,2025-04-06,CUST-1201,Corporate,Asia Pacific,Australia,Electronics,Smartphones & Tablets,810.03,3,0.05,2308.59,1750.25,558.34,Delivered,4
ORD-24440,2026-04-07,CUST-1232,Corporate,Middle East & Africa,Saudi Arabia,Software & Cloud,Cybersecurity Suite,1419.93,2,0.05,2697.87,422.82,2275.05,Delivered,4
ORD-24441,2025-06-01,CUST-1324,Enterprise,North America,Canada,Software & Cloud,DevOps Productivity Tools,1374.34,5,0.05,6528.11,973.92,5554.19,Delivered,3
ORD-24442,2025-01-17,CUST-1222,Corporate,North America,USA,Software & Cloud,AI Assistant Subscription,947.54,5,0.0,4737.7,815.93,3921.77,Delivered,4
ORD-24443,2026-06-14,CUST-1363,Corporate,North America,USA,Office Furniture,Ergonomic Executive Chairs,693.31,4,0.0,2773.24,1461.3,1311.94,Delivered,5
ORD-24444,2025-09-19,CUST-1313,Corporate,North America,Mexico,Software & Cloud,Cybersecurity Suite,2104.28,2,0.0,4208.56,842.78,3365.78,Delivered,3
ORD-24445,2025-06-23,CUST-1248,Corporate,North America,Canada,Software & Cloud,Enterprise CRM License,2700.57,2,0.05,5131.08,1301.69,3829.39,Delivered,5
ORD-24446,2026-03-24,CUST-1326,Small Business,Asia Pacific,Japan,Electronics,Laptops & Workstations,2014.55,5,0.0,10072.75,6971.66,3101.09,Delivered,4
ORD-24447,2026-05-11,CUST-1112,Corporate,Asia Pacific,South Korea,Office Furniture,Adjustable Standing Desks,592.34,2,0.0,1184.68,670.97,513.71,Delivered,4
ORD-24448,2026-02-11,CUST-1259,Corporate,Asia Pacific,Japan,Software & Cloud,DevOps Productivity Tools,553.02,2,0.0,1106.04,294.87,811.17,Delivered,3
ORD-24449,2025-12-05,CUST-1367,Small Business,Asia Pacific,Australia,Software & Cloud,Enterprise CRM License,936.42,1,0.2,749.14,178.14,571.0,Shipped,4
ORD-24450,2025-09-14,CUST-1297,Enterprise,North America,Mexico,Software & Cloud,Cybersecurity Suite,444.02,2,0.0,888.04,156.73,731.31,Delivered,4
ORD-24451,2025-08-29,CUST-1052,Small Business,Latin America,Colombia,Software & Cloud,AI Assistant Subscription,456.46,5,0.0,2282.3,408.55,1873.75,Delivered,5
ORD-24452,2025-02-06,CUST-1134,Corporate,North America,Canada,Software & Cloud,AI Assistant Subscription,677.04,2,0.15,1150.97,152.4,998.57,Processing,3
ORD-24453,2026-02-21,CUST-1180,Small Business,Europe,Netherlands,Electronics,Wireless Audio,265.5,3,0.15,677.02,525.71,151.31,Shipped,5
ORD-24454,2025-10-26,CUST-1116,Small Business,Europe,France,Electronics,Smart Wearables,315.47,2,0.1,567.85,430.51,137.34,Delivered,5
ORD-24455,2026-03-27,CUST-1289,Small Business,Europe,Spain,Office Supplies,Presentation Equipment,151.22,1,0.15,128.54,82.01,46.53,Delivered,4
ORD-24456,2025-05-13,CUST-1174,Corporate,Middle East & Africa,UAE,Office Furniture,Conference Tables,2429.24,3,0.1,6558.95,3564.1,2994.85,Delivered,3
ORD-24457,2025-06-08,CUST-1154,Enterprise,Europe,France,Electronics,Smart Wearables,153.11,5,0.0,765.55,612.06,153.49,Delivered,3
ORD-24458,2026-05-06,CUST-1092,Corporate,Europe,Spain,Electronics,Smartphones & Tablets,1301.04,1,0.05,1235.99,824.35,411.64,Delivered,4
ORD-24459,2026-02-23,CUST-1130,Corporate,Europe,Spain,Electronics,Wireless Audio,236.18,1,0.0,236.18,152.2,83.98,Delivered,4
ORD-24460,2025-10-28,CUST-1107,Consumer,Europe,Spain,Software & Cloud,DevOps Productivity Tools,915.41,4,0.0,3661.64,812.39,2849.25,Delivered,4
ORD-24461,2026-04-12,CUST-1208,Enterprise,North America,Mexico,Office Furniture,Acoustic Office Pods,2937.57,1,0.15,2496.93,1367.82,1129.11,Delivered,3
ORD-24462,2025-11-29,CUST-1153,Corporate,Asia Pacific,South Korea,Software & Cloud,AI Assistant Subscription,640.07,4,0.05,2432.27,324.9,2107.37,Delivered,3
ORD-24463,2025-06-01,CUST-1389,Enterprise,Latin America,Colombia,Electronics,Smart Wearables,436.85,1,0.05,415.01,288.47,126.54,Delivered,3
ORD-24464,2025-11-09,CUST-1207,Enterprise,Europe,Netherlands,Electronics,Smart Wearables,375.92,1,0.0,375.92,236.39,139.53,Delivered,4
ORD-24465,2026-01-16,CUST-1337,Corporate,Asia Pacific,South Korea,Electronics,Laptops & Workstations,1345.04,2,0.0,2690.08,2065.7,624.38,Delivered,5
ORD-24466,2026-06-21,CUST-1158,Corporate,North America,Canada,Software & Cloud,Cloud Analytics Suite,1756.26,3,0.15,4478.46,624.86,3853.6,Delivered,4
ORD-24467,2026-06-04,CUST-1020,Small Business,Europe,Netherlands,Software & Cloud,Cloud Analytics Suite,1943.49,2,0.15,3303.93,575.9,2728.03,Delivered,5
ORD-24468,2025-12-05,CUST-1055,Corporate,North America,Canada,Electronics,Wireless Audio,171.77,10,0.0,1717.7,1146.25,571.45,Shipped,4
ORD-24469,2026-06-24,CUST-1194,Corporate,Asia Pacific,India,Office Furniture,Conference Tables,986.64,2,0.0,1973.28,1220.62,752.66,Delivered,4
ORD-24470,2025-11-10,CUST-1315,Corporate,North America,Canada,Electronics,Laptops & Workstations,1911.39,1,0.1,1720.25,1077.86,642.39,Processing,4
ORD-24471,2025-11-19,CUST-1010,Corporate,Europe,United Kingdom,Office Supplies,Breakroom Supplies,162.53,2,0.2,260.05,133.45,126.6,Delivered,5
ORD-24472,2025-02-20,CUST-1206,Corporate,Europe,Germany,Office Furniture,LED Desk Lighting,160.78,2,0.1,289.4,184.09,105.31,Delivered,4
ORD-24473,2026-02-16,CUST-1251,Corporate,North America,Canada,Electronics,Smart Wearables,299.8,1,0.1,269.82,180.55,89.27,Delivered,3
ORD-24474,2025-08-07,CUST-1101,Enterprise,Asia Pacific,Australia,Electronics,Smart Wearables,176.46,3,0.1,476.44,362.03,114.41,Delivered,5
ORD-24475,2025-05-17,CUST-1109,Small Business,Europe,United Kingdom,Software & Cloud,Enterprise CRM License,1883.65,1,0.0,1883.65,326.58,1557.07,Delivered,4
ORD-24476,2025-02-11,CUST-1076,Small Business,Latin America,Chile,Electronics,Smartphones & Tablets,835.05,5,0.05,3966.49,3004.43,962.06,Delivered,3
ORD-24477,2025-02-17,CUST-1340,Corporate,North America,Mexico,Electronics,Smart Wearables,409.76,2,0.2,655.62,439.86,215.76,Cancelled,1
ORD-24478,2025-10-11,CUST-1360,Enterprise,Europe,France,Office Supplies,Storage & Archiving Units,241.47,1,0.05,229.4,129.9,99.5,Delivered,4
ORD-24479,2026-05-06,CUST-1195,Corporate,Asia Pacific,Australia,Office Supplies,Breakroom Supplies,112.47,4,0.15,382.4,193.38,189.02,Delivered,3
ORD-24480,2026-04-04,CUST-1300,Corporate,Europe,Spain,Office Supplies,Presentation Equipment,368.16,2,0.05,699.5,426.5,273.0,Shipped,4
ORD-24481,2025-04-21,CUST-1055,Corporate,North America,USA,Office Supplies,Breakroom Supplies,156.42,3,0.1,422.33,230.88,191.45,Shipped,3
ORD-24482,2026-01-11,CUST-1177,Small Business,Europe,United Kingdom,Office Furniture,Conference Tables,2754.23,2,0.0,5508.46,3257.55,2250.91,Delivered,5
ORD-24483,2026-05-08,CUST-1172,Enterprise,Europe,Spain,Software & Cloud,DevOps Productivity Tools,1244.5,1,0.05,1182.27,346.63,835.64,Delivered,4
ORD-24484,2025-11-11,CUST-1193,Corporate,Asia Pacific,South Korea,Office Furniture,Adjustable Standing Desks,1368.5,1,0.1,1231.65,615.43,616.22,Delivered,4
ORD-24485,2025-09-26,CUST-1120,Corporate,Middle East & Africa,UAE,Office Furniture,LED Desk Lighting,162.97,3,0.0,488.91,283.72,205.19,Delivered,4
ORD-24486,2025-10-23,CUST-1261,Corporate,Asia Pacific,Japan,Office Supplies,Breakroom Supplies,73.54,2,0.05,139.73,84.77,54.96,Delivered,5
ORD-24487,2025-03-19,CUST-1114,Small Business,North America,Mexico,Electronics,Wireless Audio,241.66,1,0.05,229.58,164.51,65.07,Delivered,4
ORD-24488,2025-10-15,CUST-1274,Enterprise,North America,Canada,Electronics,Smart Wearables,284.12,1,0.0,284.12,221.41,62.71,Delivered,1
ORD-24489,2025-10-19,CUST-1379,Enterprise,Europe,Netherlands,Software & Cloud,DevOps Productivity Tools,1269.38,3,0.0,3808.14,721.65,3086.49,Delivered,3
ORD-24490,2025-12-12,CUST-1373,Corporate,North America,Canada,Software & Cloud,Cloud Analytics Suite,1324.63,8,0.0,10597.04,1702.15,8894.89,Shipped,3
ORD-24491,2026-06-19,CUST-1335,Enterprise,North America,Canada,Software & Cloud,AI Assistant Subscription,505.46,4,0.0,2021.84,460.25,1561.59,Delivered,4
ORD-24492,2025-03-06,CUST-1091,Corporate,North America,USA,Electronics,Monitors & Displays,638.96,1,0.05,607.01,484.72,122.29,Delivered,4
ORD-24493,2026-06-11,CUST-1003,Corporate,Europe,United Kingdom,Software & Cloud,Cloud Analytics Suite,2647.7,5,0.2,10590.8,3139.66,7451.14,Processing,2
ORD-24494,2025-05-20,CUST-1091,Enterprise,Asia Pacific,Australia,Software & Cloud,Cloud Analytics Suite,2951.42,1,0.0,2951.42,745.51,2205.91,Delivered,3
ORD-24495,2026-04-20,CUST-1140,Enterprise,North America,Canada,Office Supplies,High-Volume Printers,661.01,2,0.15,1123.72,703.24,420.48,Delivered,4
ORD-24496,2026-03-02,CUST-1226,Enterprise,North America,Mexico,Office Furniture,Acoustic Office Pods,3070.73,3,0.05,8751.58,4174.03,4577.55,Shipped,5
ORD-24497,2025-05-10,CUST-1360,Corporate,Latin America,Colombia,Electronics,Smartphones & Tablets,1387.79,5,0.05,6592.0,4557.41,2034.59,Shipped,3
ORD-24498,2025-01-13,CUST-1186,Corporate,Asia Pacific,Australia,Electronics,Smartphones & Tablets,1296.5,3,0.1,3500.55,2194.92,1305.63,Delivered,5
ORD-24499,2025-10-06,CUST-1312,Small Business,North America,USA,Office Supplies,Storage & Archiving Units,232.44,2,0.1,418.39,215.44,202.95,Delivered,4
ORD-24500,2026-05-30,CUST-1250,Enterprise,Middle East & Africa,Saudi Arabia,Electronics,Smartphones & Tablets,865.59,3,0.05,2466.93,1804.49,662.44,Delivered,3
ORD-24501,2026-01-24,CUST-1046,Corporate,Europe,Netherlands,Electronics,Smart Wearables,382.37,1,0.1,344.13,224.88,119.25,Delivered,5
ORD-24502,2026-01-15,CUST-1093,Small Business,Latin America,Chile,Office Furniture,Ergonomic Executive Chairs,870.21,3,0.2,2088.5,1081.19,1007.31,Delivered,5
ORD-24503,2025-08-22,CUST-1331,Small Business,Europe,Spain,Software & Cloud,Cloud Analytics Suite,3836.28,2,0.0,7672.56,2114.59,5557.97,Delivered,5
ORD-24504,2026-01-21,CUST-1351,Corporate,North America,Canada,Electronics,Smartphones & Tablets,907.3,2,0.15,1542.41,1084.59,457.82,Delivered,3
ORD-24505,2026-06-06,CUST-1339,Corporate,Asia Pacific,Singapore,Electronics,Wireless Audio,114.94,10,0.1,1034.46,740.77,293.69,Delivered,3
ORD-24506,2026-06-29,CUST-1120,Enterprise,Europe,Netherlands,Electronics,Laptops & Workstations,2479.32,1,0.05,2355.35,1864.29,491.06,Delivered,3
ORD-24507,2025-10-22,CUST-1135,Corporate,Asia Pacific,Singapore,Software & Cloud,Cloud Analytics Suite,1086.63,4,0.05,4129.19,948.77,3180.42,Shipped,3
ORD-24508,2025-04-01,CUST-1166,Small Business,Latin America,Brazil,Software & Cloud,Enterprise CRM License,2989.68,1,0.15,2541.23,545.34,1995.89,Delivered,4
ORD-24509,2025-05-31,CUST-1121,Corporate,Europe,France,Software & Cloud,Cloud Analytics Suite,2039.02,4,0.0,8156.08,1535.34,6620.74,Delivered,5
ORD-24510,2025-01-19,CUST-1255,Enterprise,Asia Pacific,South Korea,Software & Cloud,AI Assistant Subscription,258.99,2,0.1,466.18,103.2,362.98,Delivered,3
ORD-24511,2026-01-03,CUST-1028,Consumer,Asia Pacific,Singapore,Electronics,Smartphones & Tablets,1285.25,1,0.05,1220.99,776.09,444.9,Shipped,4
ORD-24512,2025-12-02,CUST-1138,Corporate,North America,USA,Office Furniture,Conference Tables,1079.34,4,0.05,4101.49,2638.17,1463.32,Delivered,4
ORD-24513,2025-12-01,CUST-1296,Corporate,Middle East & Africa,UAE,Software & Cloud,AI Assistant Subscription,820.83,1,0.0,820.83,139.7,681.13,Processing,5
ORD-24514,2026-06-30,CUST-1152,Corporate,North America,Mexico,Office Supplies,Storage & Archiving Units,153.81,3,0.15,392.22,254.76,137.46,Delivered,4
ORD-24515,2025-11-17,CUST-1075,Enterprise,Asia Pacific,Singapore,Office Furniture,Conference Tables,1100.11,4,0.0,4400.44,2059.71,2340.73,Delivered,4
ORD-24516,2025-10-09,CUST-1010,Small Business,North America,USA,Office Supplies,Paper & Stationeries Pack,105.57,1,0.0,105.57,54.69,50.88,Delivered,4
ORD-24517,2025-05-18,CUST-1053,Enterprise,North America,Mexico,Electronics,Smart Wearables,437.22,2,0.05,830.72,543.82,286.9,Delivered,4
ORD-24518,2026-01-08,CUST-1166,Enterprise,North America,Mexico,Electronics,Smartphones & Tablets,926.24,4,0.05,3519.71,2749.14,770.57,Delivered,2
ORD-24519,2026-01-05,CUST-1185,Corporate,North America,Canada,Software & Cloud,AI Assistant Subscription,326.07,4,0.0,1304.28,218.12,1086.16,Delivered,3
ORD-24520,2025-10-29,CUST-1267,Corporate,Europe,Germany,Office Furniture,LED Desk Lighting,85.62,3,0.05,244.02,124.55,119.47,Processing,4
ORD-24521,2026-06-12,CUST-1181,Corporate,Asia Pacific,South Korea,Office Furniture,Acoustic Office Pods,1778.62,15,0.1,24011.37,15400.56,8610.81,Delivered,5
ORD-24522,2025-05-20,CUST-1069,Small Business,North America,USA,Office Furniture,Acoustic Office Pods,2731.43,1,0.0,2731.43,1409.04,1322.39,Delivered,4
ORD-24523,2025-01-09,CUST-1368,Corporate,Middle East & Africa,UAE,Software & Cloud,AI Assistant Subscription,994.9,2,0.15,1691.33,427.9,1263.43,Delivered,2
ORD-24524,2025-07-12,CUST-1105,Enterprise,North America,Mexico,Office Supplies,Breakroom Supplies,198.23,10,0.0,1982.3,1267.18,715.12,Delivered,4
ORD-24525,2025-03-08,CUST-1271,Corporate,Europe,Spain,Software & Cloud,AI Assistant Subscription,735.94,3,0.0,2207.82,534.19,1673.63,Delivered,4
ORD-24526,2025-12-12,CUST-1171,Small Business,North America,USA,Software & Cloud,Cloud Analytics Suite,3159.94,1,0.05,3001.94,696.37,2305.57,Processing,3
ORD-24527,2026-07-09,CUST-1072,Enterprise,Europe,Germany,Electronics,Wireless Audio,156.11,2,0.0,312.22,203.41,108.81,Delivered,2
ORD-24528,2026-03-05,CUST-1301,Corporate,Europe,Spain,Office Furniture,Acoustic Office Pods,3513.08,5,0.0,17565.4,8819.75,8745.65,Shipped,3
ORD-24529,2025-08-16,CUST-1220,Corporate,Asia Pacific,Japan,Electronics,Monitors & Displays,559.54,8,0.0,4476.32,3203.25,1273.07,Delivered,3
ORD-24530,2025-03-09,CUST-1102,Corporate,North America,Mexico,Office Supplies,Presentation Equipment,526.61,3,0.1,1421.85,715.79,706.06,Delivered,4
ORD-24531,2025-11-08,CUST-1244,Consumer,Europe,France,Office Furniture,Conference Tables,886.34,1,0.0,886.34,496.53,389.81,Delivered,5
ORD-24532,2025-02-22,CUST-1262,Consumer,Europe,France,Office Supplies,High-Volume Printers,690.07,15,0.0,10351.05,7085.94,3265.11,Delivered,3
ORD-24533,2025-01-19,CUST-1140,Consumer,North America,Canada,Software & Cloud,Cloud Analytics Suite,2030.25,1,0.0,2030.25,606.32,1423.93,Delivered,5
ORD-24534,2025-06-04,CUST-1076,Consumer,Asia Pacific,Singapore,Office Furniture,Conference Tables,1011.4,4,0.0,4045.6,2299.32,1746.28,Delivered,3
ORD-24535,2026-04-01,CUST-1011,Enterprise,Middle East & Africa,Saudi Arabia,Software & Cloud,Cybersecurity Suite,1545.13,4,0.1,5562.47,1004.7,4557.77,Delivered,4
ORD-24536,2026-04-02,CUST-1354,Corporate,Asia Pacific,Australia,Office Furniture,Ergonomic Executive Chairs,926.84,1,0.0,926.84,572.57,354.27,Delivered,3
ORD-24537,2025-02-15,CUST-1254,Enterprise,North America,Mexico,Office Furniture,Ergonomic Executive Chairs,401.47,2,0.0,802.94,435.7,367.24,Delivered,4
ORD-24538,2025-07-12,CUST-1284,Small Business,Europe,Germany,Software & Cloud,DevOps Productivity Tools,507.35,10,0.05,4819.82,1046.16,3773.66,Delivered,3
ORD-24539,2026-03-20,CUST-1340,Corporate,Europe,United Kingdom,Office Furniture,LED Desk Lighting,93.68,1,0.0,93.68,60.38,33.3,Delivered,2
ORD-24540,2026-02-20,CUST-1318,Small Business,Europe,France,Electronics,Smart Wearables,351.45,1,0.1,316.31,222.62,93.69,Shipped,4
ORD-24541,2026-02-14,CUST-1184,Small Business,North America,Mexico,Software & Cloud,Cloud Analytics Suite,3151.96,4,0.05,11977.45,2599.46,9377.99,Delivered,3
ORD-24542,2026-04-17,CUST-1218,Small Business,Asia Pacific,Australia,Software & Cloud,Enterprise CRM License,2785.53,2,0.0,5571.06,1098.03,4473.03,Delivered,4
ORD-24543,2025-10-26,CUST-1336,Small Business,Asia Pacific,Singapore,Software & Cloud,AI Assistant Subscription,617.55,2,0.05,1173.34,289.14,884.2,Shipped,3
ORD-24544,2025-06-10,CUST-1242,Corporate,Europe,Spain,Office Furniture,Ergonomic Executive Chairs,381.14,5,0.05,1810.41,929.71,880.7,Delivered,3
ORD-24545,2025-11-23,CUST-1033,Enterprise,Asia Pacific,Japan,Office Furniture,Conference Tables,1597.84,2,0.0,3195.68,1527.45,1668.23,Delivered,3
ORD-24546,2026-03-25,CUST-1110,Corporate,Asia Pacific,Japan,Software & Cloud,Cybersecurity Suite,1315.82,3,0.05,3750.09,1101.1,2648.99,Delivered,5
ORD-24547,2025-08-16,CUST-1259,Corporate,North America,USA,Office Furniture,Ergonomic Executive Chairs,452.12,5,0.05,2147.57,1209.69,937.88,Delivered,3
ORD-24548,2026-05-21,CUST-1208,Corporate,Asia Pacific,India,Electronics,Smartphones & Tablets,1090.71,2,0.05,2072.35,1525.79,546.56,Shipped,5
ORD-24549,2025-01-01,CUST-1259,Small Business,North America,USA,Electronics,Wireless Audio,220.69,1,0.0,220.69,141.2,79.49,Delivered,4
ORD-24550,2025-11-03,CUST-1360,Enterprise,North America,Mexico,Software & Cloud,Cloud Analytics Suite,4365.53,3,0.1,11786.93,3052.17,8734.76,Delivered,5
ORD-24551,2025-06-08,CUST-1265,Enterprise,North America,USA,Software & Cloud,AI Assistant Subscription,460.46,2,0.05,874.87,160.28,714.59,Delivered,2
ORD-24552,2025-10-21,CUST-1081,Consumer,North America,USA,Electronics,Wireless Audio,347.23,10,0.15,2951.45,2352.76,598.69,Delivered,3
ORD-24553,2026-06-07,CUST-1145,Enterprise,North America,Mexico,Office Furniture,Ergonomic Executive Chairs,482.38,2,0.1,868.28,560.37,307.91,Delivered,4
ORD-24554,2025-06-12,CUST-1355,Enterprise,Europe,Netherlands,Electronics,Laptops & Workstations,2052.56,4,0.15,6978.7,4326.13,2652.57,Delivered,5
ORD-24555,2025-10-18,CUST-1245,Corporate,North America,Canada,Software & Cloud,Cybersecurity Suite,1833.32,5,0.0,9166.6,2580.95,6585.65,Delivered,4
ORD-24556,2026-05-11,CUST-1108,Corporate,North America,Canada,Electronics,Wireless Audio,100.64,2,0.0,201.28,134.01,67.27,Delivered,5
ORD-24557,2025-05-25,CUST-1267,Enterprise,North America,Canada,Office Supplies,Presentation Equipment,322.97,2,0.15,549.05,289.82,259.23,Delivered,5
ORD-24558,2025-06-16,CUST-1023,Enterprise,Europe,Spain,Office Supplies,Breakroom Supplies,178.34,2,0.0,356.68,228.19,128.49,Delivered,5
ORD-24559,2025-08-28,CUST-1359,Small Business,Europe,France,Office Supplies,Storage & Archiving Units,283.3,4,0.0,1133.2,686.42,446.78,Shipped,5
ORD-24560,2025-07-16,CUST-1266,Small Business,Europe,Spain,Electronics,Wireless Audio,123.11,1,0.05,116.95,88.42,28.53,Delivered,4
ORD-24561,2025-11-08,CUST-1186,Consumer,Europe,Spain,Electronics,Laptops & Workstations,2093.63,3,0.05,5966.85,3593.7,2373.15,Delivered,4
ORD-24562,2026-05-10,CUST-1040,Enterprise,North America,USA,Software & Cloud,Cybersecurity Suite,1525.99,1,0.0,1525.99,259.66,1266.33,Delivered,4
ORD-24563,2025-07-20,CUST-1022,Small Business,Europe,Germany,Office Furniture,LED Desk Lighting,77.03,1,0.0,77.03,35.54,41.49,Delivered,4
ORD-24564,2026-03-26,CUST-1124,Small Business,North America,Canada,Electronics,Smart Wearables,228.09,3,0.0,684.27,482.93,201.34,Shipped,2
ORD-24565,2025-08-02,CUST-1235,Small Business,Asia Pacific,Japan,Electronics,Smartphones & Tablets,1041.74,2,0.05,1979.31,1291.77,687.54,Processing,5
ORD-24566,2026-06-22,CUST-1182,Enterprise,Europe,Germany,Electronics,Monitors & Displays,473.44,1,0.0,473.44,306.88,166.56,Delivered,3
ORD-24567,2026-02-21,CUST-1179,Consumer,North America,Mexico,Office Furniture,Ergonomic Executive Chairs,855.23,4,0.1,3078.83,1893.6,1185.23,Delivered,2
ORD-24568,2026-01-18,CUST-1232,Corporate,North America,Mexico,Office Furniture,Ergonomic Executive Chairs,745.49,1,0.0,745.49,341.95,403.54,Shipped,4
ORD-24569,2025-12-24,CUST-1394,Corporate,Europe,Netherlands,Electronics,Laptops & Workstations,2260.35,3,0.0,6781.05,4268.35,2512.7,Delivered,5
ORD-24570,2026-02-14,CUST-1229,Small Business,Latin America,Colombia,Electronics,Smartphones & Tablets,1347.78,1,0.05,1280.39,994.72,285.67,Delivered,4
ORD-24571,2025-06-03,CUST-1036,Enterprise,Asia Pacific,India,Office Supplies,Breakroom Supplies,141.71,1,0.05,134.62,85.27,49.35,Delivered,5
ORD-24572,2025-08-19,CUST-1357,Small Business,North America,Canada,Software & Cloud,Cybersecurity Suite,1706.57,1,0.0,1706.57,235.57,1471.0,Delivered,4
ORD-24573,2025-09-24,CUST-1213,Small Business,North America,Canada,Software & Cloud,AI Assistant Subscription,760.25,1,0.1,684.23,201.58,482.65,Delivered,4
ORD-24574,2026-04-26,CUST-1388,Enterprise,Europe,Spain,Office Supplies,Breakroom Supplies,111.81,10,0.0,1118.1,655.86,462.24,Delivered,3
ORD-24575,2026-02-06,CUST-1117,Corporate,North America,Mexico,Electronics,Smart Wearables,256.67,3,0.0,770.01,499.71,270.3,Delivered,1
ORD-24576,2026-06-28,CUST-1033,Small Business,Europe,Netherlands,Electronics,Laptops & Workstations,2057.41,1,0.2,1645.93,1050.45,595.48,Shipped,5
ORD-24577,2026-02-10,CUST-1285,Small Business,Asia Pacific,Singapore,Electronics,Smart Wearables,190.87,1,0.0,190.87,116.8,74.07,Delivered,3
ORD-24578,2026-05-28,CUST-1022,Enterprise,Europe,United Kingdom,Software & Cloud,DevOps Productivity Tools,448.08,1,0.05,425.68,67.77,357.91,Delivered,4
ORD-24579,2025-08-09,CUST-1085,Corporate,Europe,Spain,Office Furniture,LED Desk Lighting,147.68,1,0.0,147.68,79.23,68.45,Delivered,4
ORD-24580,2025-09-06,CUST-1112,Small Business,Europe,United Kingdom,Software & Cloud,DevOps Productivity Tools,1120.27,1,0.2,896.22,148.34,747.88,Delivered,1
ORD-24581,2026-01-05,CUST-1284,Enterprise,Middle East & Africa,UAE,Electronics,Smartphones & Tablets,1082.21,1,0.0,1082.21,668.5,413.71,Processing,4
ORD-24582,2025-07-19,CUST-1191,Enterprise,North America,USA,Software & Cloud,Cloud Analytics Suite,827.87,4,0.0,3311.48,611.27,2700.21,Delivered,4
ORD-24583,2025-06-06,CUST-1134,Corporate,North America,USA,Office Supplies,Storage & Archiving Units,248.89,2,0.0,497.78,320.19,177.59,Delivered,4
ORD-24584,2026-02-15,CUST-1365,Consumer,North America,Mexico,Office Supplies,High-Volume Printers,554.41,15,0.05,7900.34,4156.76,3743.58,Delivered,4
ORD-24585,2026-01-05,CUST-1176,Small Business,Europe,Spain,Office Furniture,Adjustable Standing Desks,1391.62,2,0.15,2365.75,1106.21,1259.54,Delivered,5
ORD-24586,2025-06-10,CUST-1308,Small Business,North America,Canada,Office Supplies,Storage & Archiving Units,220.15,1,0.05,209.14,145.27,63.87,Delivered,5
ORD-24587,2026-03-06,CUST-1350,Corporate,Asia Pacific,India,Office Furniture,Adjustable Standing Desks,1061.47,2,0.0,2122.94,1097.44,1025.5,Delivered,1
ORD-24588,2025-06-07,CUST-1250,Corporate,Europe,Germany,Software & Cloud,Enterprise CRM License,669.44,2,0.0,1338.88,278.42,1060.46,Cancelled,1
ORD-24589,2026-06-29,CUST-1202,Corporate,North America,Mexico,Software & Cloud,DevOps Productivity Tools,682.8,3,0.1,1843.56,396.81,1446.75,Delivered,5
ORD-24590,2026-05-02,CUST-1395,Enterprise,North America,Canada,Office Supplies,Presentation Equipment,186.06,2,0.1,334.91,202.12,132.79,Delivered,3
ORD-24591,2026-04-27,CUST-1221,Corporate,Latin America,Chile,Office Furniture,Adjustable Standing Desks,1101.65,1,0.05,1046.57,664.84,381.73,Shipped,1
ORD-24592,2026-04-14,CUST-1136,Corporate,Asia Pacific,Japan,Electronics,Monitors & Displays,333.95,1,0.1,300.56,213.6,86.96,Delivered,3
ORD-24593,2025-05-11,CUST-1011,Consumer,Asia Pacific,South Korea,Electronics,Monitors & Displays,431.51,2,0.1,776.72,590.18,186.54,Delivered,3
ORD-24594,2026-06-23,CUST-1200,Corporate,Latin America,Colombia,Office Furniture,Ergonomic Executive Chairs,356.58,1,0.0,356.58,201.53,155.05,Delivered,4
ORD-24595,2025-07-01,CUST-1370,Small Business,North America,USA,Office Supplies,Paper & Stationeries Pack,64.63,2,0.05,122.8,70.13,52.67,Cancelled,1
ORD-24596,2026-01-08,CUST-1359,Corporate,Europe,Germany,Software & Cloud,Cloud Analytics Suite,1155.05,3,0.05,3291.89,928.27,2363.62,Delivered,3
ORD-24597,2025-08-15,CUST-1028,Corporate,Asia Pacific,Australia,Software & Cloud,AI Assistant Subscription,711.82,3,0.05,2028.69,481.57,1547.12,Shipped,3
ORD-24598,2025-03-30,CUST-1085,Consumer,North America,Canada,Electronics,Smartphones & Tablets,972.79,3,0.1,2626.53,1635.19,991.34,Delivered,5
ORD-24599,2026-03-31,CUST-1349,Corporate,Asia Pacific,Japan,Electronics,Smart Wearables,234.69,1,0.0,234.69,144.68,90.01,Delivered,2
ORD-24600,2025-01-23,CUST-1105,Corporate,North America,Canada,Office Furniture,Acoustic Office Pods,4816.24,8,0.05,36603.42,16581.32,20022.1,Delivered,5
ORD-24601,2025-06-04,CUST-1314,Enterprise,Europe,Germany,Office Furniture,LED Desk Lighting,77.17,3,0.0,231.51,148.77,82.74,Delivered,4
ORD-24602,2026-04-09,CUST-1344,Small Business,Europe,France,Office Supplies,Paper & Stationeries Pack,91.03,3,0.05,259.44,137.64,121.8,Delivered,3
ORD-24603,2025-08-20,CUST-1011,Small Business,Asia Pacific,Japan,Office Supplies,Presentation Equipment,291.4,1,0.0,291.4,175.81,115.59,Delivered,4
ORD-24604,2025-03-01,CUST-1161,Enterprise,North America,USA,Office Furniture,Conference Tables,2435.38,15,0.1,32877.63,18393.39,14484.24,Delivered,4
ORD-24605,2025-01-17,CUST-1352,Corporate,Europe,Spain,Office Supplies,Breakroom Supplies,121.7,4,0.0,486.8,317.06,169.74,Delivered,3
ORD-24606,2026-05-12,CUST-1291,Corporate,North America,Mexico,Electronics,Wireless Audio,277.04,2,0.0,554.08,399.5,154.58,Delivered,3
ORD-24607,2025-12-04,CUST-1133,Enterprise,North America,Mexico,Electronics,Wireless Audio,118.93,3,0.05,338.95,234.56,104.39,Delivered,5
ORD-24608,2025-03-20,CUST-1362,Corporate,Asia Pacific,South Korea,Office Supplies,Presentation Equipment,215.32,3,0.05,613.66,377.84,235.82,Delivered,5
ORD-24609,2025-10-17,CUST-1129,Enterprise,Middle East & Africa,UAE,Software & Cloud,AI Assistant Subscription,291.79,2,0.05,554.4,119.89,434.51,Shipped,4
ORD-24610,2025-12-25,CUST-1194,Consumer,North America,Mexico,Electronics,Laptops & Workstations,1923.14,2,0.0,3846.28,2553.98,1292.3,Shipped,4
ORD-24611,2025-04-02,CUST-1254,Corporate,North America,Mexico,Electronics,Laptops & Workstations,2048.25,1,0.0,2048.25,1466.16,582.09,Shipped,5
ORD-24612,2026-02-12,CUST-1298,Corporate,North America,Mexico,Electronics,Monitors & Displays,296.64,8,0.05,2254.46,1518.01,736.45,Delivered,4
ORD-24613,2025-02-08,CUST-1354,Corporate,Asia Pacific,Singapore,Electronics,Laptops & Workstations,1936.79,8,0.05,14719.6,10066.44,4653.16,Delivered,4
ORD-24614,2025-07-31,CUST-1307,Corporate,Europe,Netherlands,Software & Cloud,DevOps Productivity Tools,707.51,2,0.05,1344.27,290.05,1054.22,Delivered,5
ORD-24615,2025-07-02,CUST-1059,Corporate,Europe,France,Electronics,Laptops & Workstations,2013.98,1,0.0,2013.98,1528.78,485.2,Delivered,4
ORD-24616,2025-01-21,CUST-1275,Enterprise,Europe,United Kingdom,Office Supplies,Breakroom Supplies,130.0,4,0.1,468.0,325.01,142.99,Delivered,3
ORD-24617,2026-06-04,CUST-1268,Enterprise,North America,Mexico,Office Supplies,Presentation Equipment,546.13,1,0.0,546.13,301.21,244.92,Delivered,5
ORD-24618,2025-10-29,CUST-1313,Corporate,Latin America,Chile,Office Supplies,Breakroom Supplies,135.78,2,0.0,271.56,144.07,127.49,Processing,3
ORD-24619,2025-04-22,CUST-1247,Enterprise,North America,USA,Software & Cloud,Enterprise CRM License,2314.94,1,0.05,2199.19,656.59,1542.6,Delivered,4
ORD-24620,2026-07-18,CUST-1384,Small Business,Europe,France,Electronics,Monitors & Displays,357.58,2,0.0,715.16,496.64,218.52,Delivered,4
ORD-24621,2025-12-14,CUST-1166,Enterprise,Asia Pacific,Singapore,Office Furniture,Conference Tables,2048.61,3,0.15,5223.96,2409.32,2814.64,Delivered,5
ORD-24622,2025-01-28,CUST-1386,Corporate,North America,Canada,Electronics,Monitors & Displays,403.18,1,0.05,383.02,272.23,110.79,Cancelled,1
ORD-24623,2025-07-16,CUST-1037,Corporate,Middle East & Africa,Saudi Arabia,Electronics,Laptops & Workstations,1484.54,2,0.0,2969.08,2303.22,665.86,Delivered,4
ORD-24624,2026-05-21,CUST-1165,Corporate,North America,Canada,Electronics,Wireless Audio,213.37,2,0.0,426.74,292.75,133.99,Delivered,4
ORD-24625,2026-05-10,CUST-1035,Consumer,North America,Mexico,Office Supplies,High-Volume Printers,814.47,1,0.0,814.47,489.43,325.04,Shipped,4
ORD-24626,2026-01-21,CUST-1069,Small Business,Latin America,Brazil,Software & Cloud,DevOps Productivity Tools,1484.07,1,0.0,1484.07,254.65,1229.42,Delivered,5
ORD-24627,2025-09-19,CUST-1065,Enterprise,Europe,France,Software & Cloud,DevOps Productivity Tools,663.19,1,0.15,563.71,156.65,407.06,Delivered,4
ORD-24628,2025-12-23,CUST-1359,Small Business,Asia Pacific,Singapore,Office Supplies,Breakroom Supplies,97.39,3,0.0,292.17,179.63,112.54,Cancelled,1
ORD-24629,2025-07-13,CUST-1394,Small Business,Europe,Spain,Electronics,Monitors & Displays,384.54,2,0.05,730.63,520.87,209.76,Delivered,3
ORD-24630,2025-06-24,CUST-1261,Corporate,Asia Pacific,South Korea,Electronics,Wireless Audio,113.59,5,0.1,511.16,380.15,131.01,Delivered,4
ORD-24631,2025-09-12,CUST-1104,Corporate,Europe,Netherlands,Electronics,Smart Wearables,318.18,4,0.05,1209.08,743.3,465.78,Delivered,5
ORD-24632,2025-06-08,CUST-1130,Small Business,North America,Mexico,Office Furniture,LED Desk Lighting,150.35,2,0.1,270.63,150.59,120.04,Delivered,4
ORD-24633,2025-01-27,CUST-1133,Corporate,Latin America,Chile,Software & Cloud,DevOps Productivity Tools,878.58,3,0.05,2503.95,502.27,2001.68,Delivered,4
ORD-24634,2026-01-15,CUST-1060,Small Business,Middle East & Africa,South Africa,Office Furniture,Acoustic Office Pods,3927.46,2,0.05,7462.17,3600.73,3861.44,Delivered,5
ORD-24635,2026-07-24,CUST-1166,Corporate,North America,Mexico,Electronics,Smart Wearables,422.3,1,0.2,337.84,245.6,92.24,Delivered,4
ORD-24636,2025-07-14,CUST-1239,Corporate,North America,Canada,Office Supplies,Paper & Stationeries Pack,89.16,2,0.1,160.49,81.5,78.99,Shipped,2
ORD-24637,2025-10-25,CUST-1203,Enterprise,Europe,Spain,Software & Cloud,AI Assistant Subscription,806.8,5,0.0,4034.0,932.5,3101.5,Delivered,4
ORD-24638,2025-08-28,CUST-1086,Small Business,North America,USA,Electronics,Laptops & Workstations,1792.14,1,0.2,1433.71,876.74,556.97,Delivered,4
ORD-24639,2025-07-09,CUST-1148,Small Business,North America,Canada,Office Supplies,Storage & Archiving Units,234.8,2,0.0,469.6,325.75,143.85,Delivered,3
ORD-24640,2025-07-13,CUST-1184,Corporate,North America,Canada,Electronics,Wireless Audio,287.29,1,0.1,258.56,201.98,56.58,Delivered,4
ORD-24641,2026-05-03,CUST-1374,Corporate,North America,USA,Office Furniture,Acoustic Office Pods,1648.12,8,0.1,11866.46,6729.33,5137.13,Delivered,4
ORD-24642,2026-01-23,CUST-1083,Enterprise,Asia Pacific,Australia,Software & Cloud,Enterprise CRM License,2613.63,8,0.15,17772.68,2427.25,15345.43,Delivered,4
ORD-24643,2026-01-29,CUST-1313,Consumer,Asia Pacific,Japan,Electronics,Wireless Audio,152.75,1,0.0,152.75,113.37,39.38,Delivered,4
ORD-24644,2025-05-18,CUST-1070,Corporate,Latin America,Brazil,Software & Cloud,Cybersecurity Suite,1409.86,2,0.0,2819.72,845.22,1974.5,Processing,5
ORD-24645,2026-07-04,CUST-1280,Small Business,North America,Canada,Software & Cloud,AI Assistant Subscription,781.11,1,0.05,742.05,112.3,629.75,Delivered,3
ORD-24646,2025-12-18,CUST-1291,Enterprise,Asia Pacific,Singapore,Software & Cloud,AI Assistant Subscription,473.16,1,0.1,425.84,117.61,308.23,Delivered,3
ORD-24647,2026-06-17,CUST-1155,Corporate,Asia Pacific,Japan,Office Furniture,LED Desk Lighting,160.13,2,0.0,320.26,164.24,156.02,Shipped,4
ORD-24648,2025-07-23,CUST-1332,Corporate,North America,USA,Office Supplies,Storage & Archiving Units,196.24,2,0.0,392.48,227.83,164.65,Delivered,3
ORD-24649,2025-07-25,CUST-1319,Corporate,Europe,United Kingdom,Software & Cloud,Enterprise CRM License,1264.8,4,0.0,5059.2,1091.51,3967.69,Delivered,3
ORD-24650,2025-09-13,CUST-1233,Enterprise,Europe,Spain,Electronics,Smart Wearables,220.69,2,0.0,441.38,302.83,138.55,Delivered,3
ORD-24651,2026-07-06,CUST-1398,Corporate,North America,Canada,Office Supplies,Presentation Equipment,250.17,2,0.0,500.34,252.62,247.72,Delivered,5
ORD-24652,2026-05-26,CUST-1018,Enterprise,Europe,Spain,Office Furniture,Acoustic Office Pods,1937.63,5,0.05,9203.74,4811.58,4392.16,Shipped,5
ORD-24653,2025-07-07,CUST-1045,Corporate,Asia Pacific,Australia,Electronics,Smartphones & Tablets,1211.89,5,0.1,5453.51,3579.84,1873.67,Delivered,5
ORD-24654,2025-03-05,CUST-1274,Enterprise,North America,USA,Software & Cloud,DevOps Productivity Tools,357.88,1,0.0,357.88,48.11,309.77,Shipped,4
ORD-24655,2025-09-17,CUST-1047,Small Business,North America,USA,Office Furniture,Conference Tables,1094.69,1,0.0,1094.69,622.33,472.36,Delivered,4
ORD-24656,2025-06-04,CUST-1131,Corporate,Latin America,Colombia,Electronics,Wireless Audio,221.91,1,0.15,188.62,128.62,60.0,Processing,3
ORD-24657,2025-04-12,CUST-1076,Corporate,North America,Mexico,Electronics,Laptops & Workstations,2488.24,4,0.05,9455.31,5839.28,3616.03,Delivered,3
ORD-24658,2025-03-14,CUST-1303,Corporate,Latin America,Brazil,Office Supplies,Presentation Equipment,566.49,1,0.0,566.49,391.81,174.68,Delivered,3
ORD-24659,2025-06-16,CUST-1383,Enterprise,Europe,Germany,Software & Cloud,DevOps Productivity Tools,777.12,1,0.2,621.7,153.37,468.33,Delivered,5
ORD-24660,2025-10-19,CUST-1009,Enterprise,Europe,Spain,Software & Cloud,AI Assistant Subscription,646.17,2,0.0,1292.34,206.53,1085.81,Delivered,3
ORD-24661,2025-09-25,CUST-1386,Enterprise,Latin America,Chile,Office Furniture,Ergonomic Executive Chairs,889.61,5,0.05,4225.65,2242.67,1982.98,Delivered,4
ORD-24662,2026-04-20,CUST-1155,Enterprise,North America,USA,Electronics,Monitors & Displays,652.58,1,0.05,619.95,397.97,221.98,Shipped,5
ORD-24663,2026-07-16,CUST-1302,Enterprise,Europe,United Kingdom,Software & Cloud,Cloud Analytics Suite,4391.57,3,0.15,11198.5,3321.24,7877.26,Processing,3
ORD-24664,2025-03-08,CUST-1183,Enterprise,North America,USA,Office Supplies,Breakroom Supplies,95.37,1,0.15,81.06,56.51,24.55,Delivered,4
ORD-24665,2026-06-12,CUST-1152,Corporate,North America,Canada,Office Supplies,Paper & Stationeries Pack,33.48,4,0.0,133.92,71.7,62.22,Delivered,4
ORD-24666,2025-12-27,CUST-1322,Consumer,North America,Mexico,Office Supplies,Paper & Stationeries Pack,97.78,1,0.1,88.0,47.8,40.2,Delivered,5
ORD-24667,2025-09-30,CUST-1361,Small Business,North America,Mexico,Software & Cloud,Cybersecurity Suite,535.85,1,0.2,428.68,115.47,313.21,Delivered,4
ORD-24668,2026-06-10,CUST-1052,Corporate,North America,Canada,Office Furniture,Acoustic Office Pods,4880.87,1,0.05,4636.83,2612.2,2024.63,Delivered,4
ORD-24669,2025-06-27,CUST-1011,Small Business,Asia Pacific,Japan,Software & Cloud,Enterprise CRM License,1469.05,2,0.1,2644.29,789.96,1854.33,Delivered,3
ORD-24670,2025-08-24,CUST-1234,Corporate,North America,Mexico,Electronics,Smart Wearables,366.12,5,0.1,1647.54,1055.11,592.43,Shipped,3
ORD-24671,2026-03-01,CUST-1046,Small Business,North America,USA,Electronics,Monitors & Displays,254.23,4,0.15,864.38,532.32,332.06,Delivered,4
ORD-24672,2025-02-14,CUST-1302,Corporate,North America,Canada,Software & Cloud,DevOps Productivity Tools,568.75,1,0.05,540.31,82.44,457.87,Delivered,3
ORD-24673,2025-04-09,CUST-1139,Corporate,Asia Pacific,India,Electronics,Smart Wearables,267.89,5,0.15,1138.53,742.36,396.17,Delivered,2
ORD-24674,2025-08-17,CUST-1312,Enterprise,Asia Pacific,Japan,Electronics,Smartphones & Tablets,751.26,10,0.05,7136.97,4362.53,2774.44,Shipped,3
ORD-24675,2026-07-17,CUST-1289,Enterprise,Asia Pacific,Singapore,Software & Cloud,DevOps Productivity Tools,748.32,1,0.0,748.32,103.75,644.57,Delivered,4
ORD-24676,2026-03-04,CUST-1039,Enterprise,Latin America,Chile,Electronics,Smart Wearables,285.72,2,0.15,485.72,318.38,167.34,Shipped,4
ORD-24677,2025-08-19,CUST-1399,Corporate,North America,Mexico,Office Supplies,Paper & Stationeries Pack,105.1,2,0.05,199.69,132.99,66.7,Delivered,5
ORD-24678,2025-08-28,CUST-1186,Corporate,Latin America,Brazil,Office Furniture,Adjustable Standing Desks,1348.33,5,0.0,6741.65,3816.68,2924.97,Processing,4
ORD-24679,2025-07-14,CUST-1014,Corporate,Latin America,Chile,Office Furniture,Conference Tables,2546.24,3,0.15,6492.91,3935.98,2556.93,Delivered,5
ORD-24680,2025-02-20,CUST-1213,Small Business,Asia Pacific,India,Software & Cloud,Cloud Analytics Suite,2132.11,1,0.0,2132.11,584.27,1547.84,Delivered,2
ORD-24681,2025-11-30,CUST-1377,Enterprise,North America,USA,Software & Cloud,Cloud Analytics Suite,2982.69,4,0.0,11930.76,1974.91,9955.85,Delivered,4
ORD-24682,2025-11-11,CUST-1079,Corporate,Europe,France,Electronics,Laptops & Workstations,1429.3,1,0.0,1429.3,1021.41,407.89,Delivered,3
ORD-24683,2026-01-25,CUST-1137,Consumer,North America,Canada,Office Furniture,Adjustable Standing Desks,753.65,1,0.05,715.97,333.4,382.57,Delivered,5
ORD-24684,2025-06-07,CUST-1170,Corporate,North America,Canada,Office Furniture,Acoustic Office Pods,1788.48,1,0.1,1609.63,1007.19,602.44,Delivered,3
ORD-24685,2025-12-22,CUST-1016,Small Business,Europe,Netherlands,Office Supplies,Breakroom Supplies,81.2,2,0.1,146.16,91.79,54.37,Delivered,4
ORD-24686,2025-08-26,CUST-1093,Small Business,North America,Mexico,Electronics,Monitors & Displays,735.06,5,0.0,3675.3,2749.74,925.56,Delivered,4
ORD-24687,2025-04-27,CUST-1112,Small Business,North America,Canada,Electronics,Wireless Audio,283.15,1,0.0,283.15,223.67,59.48,Processing,4
ORD-24688,2026-03-01,CUST-1308,Corporate,North America,Mexico,Software & Cloud,Enterprise CRM License,1451.4,2,0.0,2902.8,388.07,2514.73,Delivered,3
ORD-24689,2025-08-18,CUST-1346,Corporate,Asia Pacific,India,Office Furniture,LED Desk Lighting,137.24,1,0.05,130.38,69.9,60.48,Cancelled,1
ORD-24690,2025-02-09,CUST-1345,Corporate,North America,Canada,Office Furniture,LED Desk Lighting,174.05,2,0.0,348.1,198.42,149.68,Delivered,3
ORD-24691,2026-06-22,CUST-1063,Corporate,North America,Mexico,Software & Cloud,Enterprise CRM License,850.34,4,0.0,3401.36,968.04,2433.32,Processing,5
ORD-24692,2026-03-26,CUST-1112,Enterprise,North America,Canada,Office Supplies,Presentation Equipment,521.06,1,0.0,521.06,292.78,228.28,Cancelled,2
ORD-24693,2026-04-09,CUST-1058,Corporate,North America,Canada,Software & Cloud,AI Assistant Subscription,862.71,2,0.0,1725.42,503.81,1221.61,Delivered,3
ORD-24694,2026-06-22,CUST-1016,Small Business,North America,USA,Electronics,Monitors & Displays,379.16,1,0.0,379.16,299.3,79.86,Delivered,5
ORD-24695,2026-07-08,CUST-1221,Corporate,Asia Pacific,Singapore,Office Furniture,Ergonomic Executive Chairs,521.02,4,0.0,2084.08,958.41,1125.67,Delivered,4
ORD-24696,2025-07-07,CUST-1359,Corporate,Europe,Spain,Electronics,Laptops & Workstations,2455.02,2,0.05,4664.54,3415.62,1248.92,Delivered,5
ORD-24697,2025-03-18,CUST-1102,Consumer,Middle East & Africa,Saudi Arabia,Office Furniture,LED Desk Lighting,159.29,1,0.0,159.29,80.88,78.41,Delivered,1
ORD-24698,2025-10-28,CUST-1040,Corporate,North America,USA,Software & Cloud,Cloud Analytics Suite,2043.39,10,0.1,18390.51,2369.33,16021.18,Delivered,5
ORD-24699,2025-09-28,CUST-1062,Corporate,North America,Canada,Office Furniture,LED Desk Lighting,94.99,1,0.05,90.24,41.93,48.31,Delivered,5
ORD-24700,2025-05-28,CUST-1067,Small Business,Europe,Germany,Software & Cloud,DevOps Productivity Tools,526.58,2,0.0,1053.16,269.7,783.46,Delivered,4
ORD-24701,2025-05-02,CUST-1208,Corporate,North America,Mexico,Software & Cloud,Enterprise CRM License,2541.22,1,0.0,2541.22,740.27,1800.95,Delivered,5
ORD-24702,2026-07-10,CUST-1275,Enterprise,Europe,United Kingdom,Office Furniture,Acoustic Office Pods,2780.33,1,0.0,2780.33,1558.18,1222.15,Delivered,1
ORD-24703,2025-02-09,CUST-1038,Corporate,Latin America,Chile,Office Supplies,High-Volume Printers,447.47,4,0.0,1789.88,986.29,803.59,Delivered,3
ORD-24704,2025-11-23,CUST-1358,Corporate,North America,Canada,Office Furniture,LED Desk Lighting,135.08,2,0.0,270.16,132.03,138.13,Shipped,3
ORD-24705,2025-03-16,CUST-1106,Enterprise,Asia Pacific,Singapore,Electronics,Wireless Audio,169.63,1,0.0,169.63,102.19,67.44,Delivered,4
ORD-24706,2026-07-23,CUST-1125,Small Business,North America,USA,Office Supplies,Storage & Archiving Units,163.73,1,0.1,147.36,97.71,49.65,Processing,4
ORD-24707,2026-04-17,CUST-1134,Corporate,Europe,France,Electronics,Monitors & Displays,540.12,1,0.1,486.11,368.27,117.84,Delivered,3
ORD-24708,2025-10-10,CUST-1170,Enterprise,Europe,United Kingdom,Software & Cloud,AI Assistant Subscription,559.7,2,0.15,951.49,162.77,788.72,Delivered,3
ORD-24709,2025-05-14,CUST-1070,Small Business,North America,USA,Office Furniture,Conference Tables,2705.24,2,0.1,4869.43,2838.22,2031.21,Delivered,5
ORD-24710,2025-06-02,CUST-1232,Corporate,North America,USA,Electronics,Wireless Audio,305.96,1,0.05,290.66,224.84,65.82,Delivered,4
ORD-24711,2025-08-07,CUST-1379,Small Business,North America,Canada,Electronics,Laptops & Workstations,1203.05,2,0.05,2285.79,1438.95,846.84,Processing,4
ORD-24712,2026-03-22,CUST-1054,Corporate,North America,Canada,Office Supplies,High-Volume Printers,906.38,2,0.05,1722.12,1030.01,692.11,Delivered,2
ORD-24713,2025-06-11,CUST-1321,Corporate,Europe,Netherlands,Office Furniture,Ergonomic Executive Chairs,810.64,1,0.0,810.64,508.8,301.84,Delivered,1
ORD-24714,2025-12-29,CUST-1335,Enterprise,Europe,Germany,Software & Cloud,AI Assistant Subscription,392.09,1,0.05,372.49,54.78,317.71,Delivered,3
ORD-24715,2025-04-25,CUST-1115,Small Business,North America,Mexico,Electronics,Laptops & Workstations,2105.97,2,0.0,4211.94,2858.77,1353.17,Delivered,5
ORD-24716,2025-10-14,CUST-1109,Enterprise,North America,USA,Electronics,Smartphones & Tablets,949.15,2,0.0,1898.3,1236.73,661.57,Delivered,4
ORD-24717,2025-07-12,CUST-1166,Corporate,Europe,Germany,Electronics,Wireless Audio,118.19,10,0.05,1122.81,735.95,386.86,Delivered,4
ORD-24718,2025-06-22,CUST-1067,Consumer,Europe,United Kingdom,Software & Cloud,DevOps Productivity Tools,988.02,1,0.05,938.62,142.14,796.48,Processing,4
ORD-24719,2025-09-16,CUST-1339,Enterprise,North America,Canada,Software & Cloud,Cloud Analytics Suite,1458.97,1,0.0,1458.97,411.2,1047.77,Delivered,4
ORD-24720,2025-10-02,CUST-1246,Corporate,Europe,United Kingdom,Electronics,Smart Wearables,203.04,1,0.1,182.74,117.48,65.26,Delivered,4
ORD-24721,2026-03-31,CUST-1051,Consumer,Europe,United Kingdom,Electronics,Smart Wearables,301.84,1,0.0,301.84,215.93,85.91,Delivered,4
ORD-24722,2025-05-27,CUST-1353,Corporate,Asia Pacific,Australia,Office Supplies,Breakroom Supplies,186.09,1,0.0,186.09,113.19,72.9,Delivered,4
ORD-24723,2026-02-20,CUST-1143,Enterprise,Europe,Germany,Electronics,Smartphones & Tablets,796.7,2,0.05,1513.73,965.35,548.38,Delivered,4
ORD-24724,2026-03-15,CUST-1326,Corporate,North America,USA,Software & Cloud,Enterprise CRM License,1805.45,2,0.1,3249.81,877.26,2372.55,Delivered,4
ORD-24725,2025-09-01,CUST-1203,Small Business,North America,Canada,Software & Cloud,AI Assistant Subscription,631.28,3,0.1,1704.46,221.54,1482.92,Delivered,3
ORD-24726,2026-05-05,CUST-1002,Corporate,Europe,Netherlands,Electronics,Wireless Audio,136.2,1,0.1,122.58,89.66,32.92,Delivered,5
ORD-24727,2025-06-01,CUST-1206,Enterprise,Europe,United Kingdom,Software & Cloud,Cybersecurity Suite,1561.19,1,0.0,1561.19,293.6,1267.59,Delivered,4
ORD-24728,2025-02-13,CUST-1384,Corporate,North America,Mexico,Electronics,Smartphones & Tablets,1270.33,2,0.05,2413.63,1544.48,869.15,Processing,4
ORD-24729,2025-10-18,CUST-1231,Enterprise,North America,Canada,Office Supplies,Breakroom Supplies,191.1,8,0.0,1528.8,1058.83,469.97,Delivered,4
ORD-24730,2026-01-07,CUST-1033,Corporate,North America,USA,Software & Cloud,AI Assistant Subscription,699.2,1,0.05,664.24,198.67,465.57,Delivered,4
ORD-24731,2026-06-05,CUST-1116,Consumer,North America,Canada,Office Supplies,High-Volume Printers,796.26,4,0.1,2866.54,1553.92,1312.62,Delivered,3
ORD-24732,2025-09-11,CUST-1046,Small Business,Asia Pacific,South Korea,Office Supplies,Presentation Equipment,154.67,1,0.0,154.67,81.27,73.4,Delivered,4
ORD-24733,2025-12-19,CUST-1258,Consumer,Middle East & Africa,Saudi Arabia,Office Supplies,Storage & Archiving Units,166.74,1,0.05,158.4,107.87,50.53,Delivered,4
ORD-24734,2025-08-05,CUST-1211,Enterprise,Europe,United Kingdom,Electronics,Smart Wearables,197.55,1,0.0,197.55,134.66,62.89,Delivered,5
ORD-24735,2026-02-27,CUST-1385,Consumer,North America,Mexico,Software & Cloud,Enterprise CRM License,1181.36,1,0.0,1181.36,345.31,836.05,Delivered,4
ORD-24736,2026-02-23,CUST-1281,Corporate,Europe,Germany,Software & Cloud,DevOps Productivity Tools,838.93,2,0.0,1677.86,496.94,1180.92,Shipped,4
ORD-24737,2025-01-07,CUST-1325,Corporate,North America,Mexico,Office Furniture,Ergonomic Executive Chairs,792.13,5,0.0,3960.65,2478.59,1482.06,Delivered,4
ORD-24738,2026-06-02,CUST-1365,Small Business,Asia Pacific,India,Office Supplies,Presentation Equipment,248.74,2,0.1,447.73,239.12,208.61,Delivered,4
ORD-24739,2025-06-25,CUST-1268,Small Business,North America,Mexico,Electronics,Monitors & Displays,577.61,1,0.05,548.73,350.64,198.09,Delivered,4
ORD-24740,2025-04-19,CUST-1262,Enterprise,North America,USA,Office Furniture,Conference Tables,1792.31,1,0.0,1792.31,985.66,806.65,Delivered,4
ORD-24741,2026-05-17,CUST-1234,Corporate,Asia Pacific,Australia,Electronics,Wireless Audio,132.29,1,0.0,132.29,83.09,49.2,Shipped,3
ORD-24742,2025-12-26,CUST-1222,Corporate,North America,Mexico,Software & Cloud,Enterprise CRM License,2576.51,3,0.05,7343.05,1084.63,6258.42,Shipped,1
ORD-24743,2026-04-02,CUST-1027,Consumer,North America,USA,Software & Cloud,Cloud Analytics Suite,3237.11,3,0.0,9711.33,2062.05,7649.28,Shipped,2
ORD-24744,2025-04-23,CUST-1072,Corporate,North America,USA,Electronics,Laptops & Workstations,2126.14,1,0.0,2126.14,1382.9,743.24,Delivered,4
ORD-24745,2026-01-08,CUST-1296,Consumer,North America,USA,Office Furniture,Conference Tables,2799.66,5,0.0,13998.3,6407.33,7590.97,Shipped,5
ORD-24746,2025-01-21,CUST-1310,Enterprise,North America,Mexico,Office Supplies,Storage & Archiving Units,214.65,1,0.0,214.65,127.6,87.05,Delivered,3
ORD-24747,2025-09-25,CUST-1220,Corporate,North America,Mexico,Electronics,Smartphones & Tablets,815.8,1,0.05,775.01,489.71,285.3,Processing,3
ORD-24748,2026-03-21,CUST-1117,Corporate,Middle East & Africa,South Africa,Office Furniture,Ergonomic Executive Chairs,787.88,1,0.05,748.49,397.76,350.73,Delivered,2
ORD-24749,2026-02-13,CUST-1191,Corporate,North America,Mexico,Office Furniture,Adjustable Standing Desks,911.64,4,0.0,3646.56,2270.25,1376.31,Delivered,2
ORD-24750,2025-08-18,CUST-1256,Corporate,North America,USA,Office Supplies,Presentation Equipment,538.78,5,0.05,2559.2,1762.63,796.57,Delivered,5
ORD-24751,2025-06-12,CUST-1074,Small Business,North America,USA,Electronics,Wireless Audio,104.84,4,0.05,398.39,276.0,122.39,Delivered,4
ORD-24752,2025-04-21,CUST-1341,Corporate,Asia Pacific,India,Office Supplies,Presentation Equipment,257.76,5,0.05,1224.36,755.58,468.78,Cancelled,1
ORD-24753,2025-06-27,CUST-1165,Consumer,Asia Pacific,Australia,Office Supplies,High-Volume Printers,1032.93,1,0.0,1032.93,531.06,501.87,Delivered,3
ORD-24754,2025-10-16,CUST-1282,Enterprise,Asia Pacific,Japan,Electronics,Wireless Audio,111.94,2,0.05,212.69,158.41,54.28,Delivered,2
ORD-24755,2025-11-16,CUST-1350,Corporate,North America,Canada,Office Supplies,High-Volume Printers,921.46,2,0.0,1842.92,952.37,890.55,Delivered,4
ORD-24756,2025-10-13,CUST-1234,Enterprise,Asia Pacific,Japan,Software & Cloud,AI Assistant Subscription,834.24,1,0.0,834.24,117.23,717.01,Delivered,4
ORD-24757,2025-05-30,CUST-1341,Small Business,Europe,Spain,Electronics,Monitors & Displays,360.15,1,0.15,306.13,202.81,103.32,Cancelled,1
ORD-24758,2025-10-04,CUST-1256,Small Business,North America,Canada,Office Furniture,LED Desk Lighting,119.44,3,0.0,358.32,198.48,159.84,Delivered,4
ORD-24759,2025-07-01,CUST-1240,Enterprise,North America,USA,Software & Cloud,Enterprise CRM License,2851.27,1,0.05,2708.71,630.94,2077.77,Delivered,4
ORD-24760,2026-02-12,CUST-1320,Enterprise,Europe,France,Electronics,Monitors & Displays,534.6,10,0.05,5078.7,3740.72,1337.98,Delivered,4
ORD-24761,2025-11-18,CUST-1042,Enterprise,Asia Pacific,South Korea,Office Supplies,Presentation Equipment,312.82,4,0.0,1251.28,669.42,581.86,Shipped,4
ORD-24762,2025-08-16,CUST-1130,Small Business,North America,Canada,Office Supplies,Presentation Equipment,432.15,5,0.0,2160.75,1173.02,987.73,Delivered,4
ORD-24763,2025-10-29,CUST-1080,Enterprise,Europe,Germany,Software & Cloud,AI Assistant Subscription,753.55,2,0.0,1507.1,419.69,1087.41,Delivered,4
ORD-24764,2026-07-07,CUST-1027,Consumer,North America,Canada,Software & Cloud,AI Assistant Subscription,569.11,2,0.0,1138.22,232.57,905.65,Delivered,1
ORD-24765,2026-06-17,CUST-1046,Corporate,North America,Mexico,Electronics,Smartphones & Tablets,1257.47,1,0.05,1194.6,742.43,452.17,Shipped,4
ORD-24766,2026-06-13,CUST-1027,Small Business,North America,Canada,Office Supplies,Presentation Equipment,268.55,1,0.1,241.7,129.68,112.02,Delivered,1
ORD-24767,2026-02-11,CUST-1360,Enterprise,Europe,Germany,Electronics,Laptops & Workstations,1208.61,3,0.0,3625.83,2828.91,796.92,Delivered,4
ORD-24768,2025-11-25,CUST-1004,Small Business,North America,USA,Electronics,Smartphones & Tablets,1285.55,2,0.0,2571.1,1664.58,906.52,Delivered,4
ORD-24769,2025-09-03,CUST-1035,Corporate,Europe,Spain,Electronics,Monitors & Displays,682.49,2,0.0,1364.98,1023.21,341.77,Delivered,5
ORD-24770,2026-05-20,CUST-1376,Consumer,North America,Mexico,Office Furniture,Ergonomic Executive Chairs,380.63,1,0.05,361.6,189.22,172.38,Delivered,3
ORD-24771,2026-04-09,CUST-1051,Enterprise,Europe,Spain,Electronics,Wireless Audio,295.3,1,0.1,265.77,163.57,102.2,Delivered,2
ORD-24772,2025-03-26,CUST-1132,Corporate,North America,Canada,Software & Cloud,Enterprise CRM License,2541.44,4,0.0,10165.76,2994.86,7170.9,Delivered,4
ORD-24773,2025-07-15,CUST-1229,Corporate,Middle East & Africa,Saudi Arabia,Electronics,Monitors & Displays,494.44,3,0.15,1260.82,1008.31,252.51,Delivered,3
ORD-24774,2026-01-24,CUST-1139,Corporate,Middle East & Africa,South Africa,Office Furniture,LED Desk Lighting,171.52,10,0.0,1715.2,856.34,858.86,Delivered,4
ORD-24775,2025-11-28,CUST-1228,Small Business,North America,USA,Electronics,Wireless Audio,295.58,5,0.0,1477.9,941.9,536.0,Delivered,4
ORD-24776,2025-06-28,CUST-1352,Corporate,North America,Mexico,Office Supplies,High-Volume Printers,1103.98,2,0.1,1987.16,1028.54,958.62,Delivered,5
ORD-24777,2026-07-19,CUST-1334,Corporate,Europe,France,Electronics,Laptops & Workstations,1543.04,2,0.0,3086.08,2247.15,838.93,Delivered,4
ORD-24778,2025-11-27,CUST-1046,Enterprise,Europe,Germany,Office Furniture,Acoustic Office Pods,1973.59,4,0.1,7104.92,3273.94,3830.98,Delivered,3
ORD-24779,2026-02-11,CUST-1307,Small Business,North America,Canada,Electronics,Wireless Audio,144.74,1,0.0,144.74,109.7,35.04,Delivered,4
ORD-24780,2026-07-17,CUST-1212,Enterprise,North America,Mexico,Electronics,Smartphones & Tablets,660.74,1,0.1,594.67,449.98,144.69,Delivered,4
ORD-24781,2026-01-04,CUST-1210,Enterprise,Asia Pacific,Singapore,Office Supplies,Paper & Stationeries Pack,117.47,2,0.05,223.19,135.74,87.45,Delivered,5
ORD-24782,2025-07-14,CUST-1216,Enterprise,Middle East & Africa,UAE,Electronics,Wireless Audio,169.32,4,0.0,677.28,445.29,231.99,Delivered,3
ORD-24783,2025-02-14,CUST-1120,Corporate,North America,Canada,Office Supplies,Storage & Archiving Units,186.18,10,0.0,1861.8,977.96,883.84,Delivered,4
ORD-24784,2025-10-14,CUST-1333,Small Business,Europe,Germany,Electronics,Wireless Audio,141.15,3,0.0,423.45,304.86,118.59,Delivered,1
ORD-24785,2026-03-20,CUST-1355,Corporate,Europe,Netherlands,Software & Cloud,AI Assistant Subscription,232.72,4,0.0,930.88,220.61,710.27,Delivered,5
ORD-24786,2025-10-11,CUST-1250,Small Business,Asia Pacific,Japan,Software & Cloud,Cloud Analytics Suite,928.7,4,0.1,3343.32,574.02,2769.3,Processing,4
ORD-24787,2025-07-13,CUST-1373,Enterprise,Asia Pacific,Japan,Office Supplies,Presentation Equipment,432.81,2,0.0,865.62,487.07,378.55,Delivered,4
ORD-24788,2025-05-11,CUST-1389,Corporate,Europe,France,Electronics,Wireless Audio,235.85,1,0.1,212.26,155.86,56.4,Delivered,2
ORD-24789,2026-06-25,CUST-1359,Enterprise,Middle East & Africa,Saudi Arabia,Electronics,Smartphones & Tablets,844.82,2,0.0,1689.64,1017.51,672.13,Delivered,3
ORD-24790,2025-12-26,CUST-1293,Corporate,North America,USA,Software & Cloud,Cybersecurity Suite,2060.03,1,0.0,2060.03,339.5,1720.53,Delivered,4
ORD-24791,2025-01-24,CUST-1373,Corporate,North America,USA,Software & Cloud,Enterprise CRM License,1153.67,1,0.0,1153.67,247.29,906.38,Delivered,4
ORD-24792,2025-05-04,CUST-1109,Corporate,Europe,United Kingdom,Office Supplies,Presentation Equipment,340.0,1,0.0,340.0,189.61,150.39,Delivered,3
ORD-24793,2025-02-01,CUST-1075,Small Business,North America,Canada,Office Supplies,Paper & Stationeries Pack,117.47,2,0.0,234.94,146.7,88.24,Shipped,5
ORD-24794,2025-06-30,CUST-1356,Corporate,North America,Canada,Software & Cloud,Cloud Analytics Suite,2507.38,3,0.0,7522.14,1688.49,5833.65,Cancelled,1
ORD-24795,2026-04-23,CUST-1035,Corporate,Europe,Spain,Electronics,Smart Wearables,354.53,5,0.0,1772.65,1220.13,552.52,Delivered,4
ORD-24796,2026-03-06,CUST-1061,Small Business,Asia Pacific,India,Electronics,Smartphones & Tablets,859.44,2,0.2,1375.1,896.22,478.88,Delivered,4
ORD-24797,2026-02-21,CUST-1232,Corporate,North America,Canada,Electronics,Laptops & Workstations,2077.36,2,0.0,4154.72,2921.48,1233.24,Delivered,4
ORD-24798,2026-06-23,CUST-1188,Small Business,North America,Mexico,Office Furniture,LED Desk Lighting,144.81,2,0.0,289.62,140.82,148.8,Processing,4
ORD-24799,2025-10-09,CUST-1268,Small Business,Europe,Germany,Office Supplies,Breakroom Supplies,197.57,1,0.0,197.57,104.52,93.05,Cancelled,1
ORD-24800,2025-01-03,CUST-1155,Corporate,North America,Mexico,Office Furniture,Conference Tables,1453.58,2,0.0,2907.16,1589.0,1318.16,Delivered,2
ORD-24801,2025-01-30,CUST-1195,Corporate,North America,Mexico,Office Furniture,Conference Tables,1436.99,1,0.15,1221.44,765.24,456.2,Delivered,4
ORD-24802,2025-12-25,CUST-1122,Small Business,North America,Mexico,Electronics,Smart Wearables,161.72,2,0.0,323.44,253.71,69.73,Delivered,5
ORD-24803,2025-01-20,CUST-1029,Corporate,Asia Pacific,Singapore,Electronics,Monitors & Displays,709.31,1,0.2,567.45,353.47,213.98,Delivered,5
ORD-24804,2025-09-22,CUST-1200,Enterprise,Europe,France,Electronics,Laptops & Workstations,2026.88,15,0.0,30403.2,20409.38,9993.82,Delivered,2
ORD-24805,2026-03-22,CUST-1013,Enterprise,Europe,Spain,Office Supplies,Paper & Stationeries Pack,112.67,2,0.05,214.07,117.82,96.25,Delivered,3
ORD-24806,2025-04-02,CUST-1243,Corporate,Asia Pacific,South Korea,Electronics,Smartphones & Tablets,1343.43,1,0.1,1209.09,887.39,321.7,Delivered,4
ORD-24807,2025-06-03,CUST-1224,Corporate,Europe,Netherlands,Electronics,Smart Wearables,401.64,3,0.05,1144.67,858.6,286.07,Delivered,3
ORD-24808,2025-02-11,CUST-1168,Corporate,Europe,United Kingdom,Office Furniture,Ergonomic Executive Chairs,529.65,1,0.0,529.65,327.32,202.33,Delivered,5
ORD-24809,2025-03-24,CUST-1394,Small Business,North America,Mexico,Office Furniture,Acoustic Office Pods,2106.39,2,0.05,4002.14,2063.61,1938.53,Delivered,5
ORD-24810,2025-11-13,CUST-1216,Corporate,Europe,Netherlands,Electronics,Monitors & Displays,273.46,4,0.05,1039.15,764.32,274.83,Shipped,4
ORD-24811,2025-04-20,CUST-1173,Corporate,Asia Pacific,Japan,Office Supplies,Paper & Stationeries Pack,70.71,2,0.0,141.42,78.27,63.15,Delivered,5
ORD-24812,2025-02-03,CUST-1251,Corporate,Latin America,Colombia,Software & Cloud,AI Assistant Subscription,743.13,5,0.0,3715.65,676.0,3039.65,Delivered,5
ORD-24813,2025-12-22,CUST-1253,Enterprise,North America,Canada,Office Furniture,Conference Tables,2484.98,1,0.1,2236.48,1388.24,848.24,Delivered,4
ORD-24814,2026-05-19,CUST-1230,Corporate,Latin America,Brazil,Electronics,Smartphones & Tablets,644.1,2,0.0,1288.2,842.83,445.37,Delivered,4
ORD-24815,2026-07-09,CUST-1339,Corporate,North America,Canada,Electronics,Laptops & Workstations,2390.47,2,0.0,4780.94,3454.94,1326.0,Delivered,3
ORD-24816,2025-11-24,CUST-1334,Small Business,Europe,Germany,Office Supplies,Storage & Archiving Units,127.66,2,0.0,255.32,135.4,119.92,Delivered,4
ORD-24817,2026-01-03,CUST-1129,Enterprise,Asia Pacific,South Korea,Software & Cloud,AI Assistant Subscription,913.94,1,0.0,913.94,180.83,733.11,Delivered,5
ORD-24818,2026-01-16,CUST-1171,Consumer,North America,USA,Software & Cloud,Cybersecurity Suite,1508.8,2,0.0,3017.6,455.75,2561.85,Cancelled,2
ORD-24819,2025-08-17,CUST-1039,Enterprise,Europe,Netherlands,Electronics,Wireless Audio,152.64,1,0.0,152.64,94.43,58.21,Delivered,3
ORD-24820,2025-10-17,CUST-1157,Enterprise,Asia Pacific,Japan,Office Furniture,Acoustic Office Pods,1544.89,3,0.0,4634.67,2338.51,2296.16,Delivered,3
ORD-24821,2026-06-05,CUST-1261,Corporate,North America,Mexico,Office Furniture,Conference Tables,2319.98,3,0.0,6959.94,4239.83,2720.11,Delivered,4
ORD-24822,2025-06-15,CUST-1090,Enterprise,North America,Mexico,Office Supplies,Presentation Equipment,374.78,4,0.0,1499.12,830.69,668.43,Delivered,5
ORD-24823,2026-05-10,CUST-1309,Small Business,North America,USA,Electronics,Monitors & Displays,765.57,1,0.1,689.01,524.1,164.91,Delivered,3
ORD-24824,2025-02-21,CUST-1095,Corporate,Europe,Netherlands,Office Furniture,Ergonomic Executive Chairs,627.53,3,0.0,1882.59,1089.2,793.39,Delivered,3
ORD-24825,2025-06-12,CUST-1006,Corporate,Europe,Spain,Electronics,Laptops & Workstations,1973.07,4,0.05,7497.67,5203.41,2294.26,Shipped,2
ORD-24826,2025-01-07,CUST-1012,Small Business,Asia Pacific,Australia,Electronics,Smart Wearables,241.84,3,0.0,725.52,532.83,192.69,Delivered,3
ORD-24827,2025-02-16,CUST-1161,Corporate,North America,Mexico,Office Supplies,Breakroom Supplies,61.73,5,0.0,308.65,194.8,113.85,Delivered,3
ORD-24828,2026-04-05,CUST-1342,Corporate,North America,Mexico,Software & Cloud,Enterprise CRM License,998.09,5,0.0,4990.45,1312.14,3678.31,Delivered,5
ORD-24829,2025-08-20,CUST-1374,Corporate,North America,USA,Electronics,Smart Wearables,370.68,1,0.0,370.68,258.1,112.58,Delivered,5
ORD-24830,2025-09-23,CUST-1294,Enterprise,Asia Pacific,Singapore,Electronics,Monitors & Displays,498.94,1,0.05,473.99,319.9,154.09,Delivered,5
ORD-24831,2026-06-17,CUST-1303,Consumer,North America,Mexico,Electronics,Monitors & Displays,767.67,4,0.0,3070.68,2004.35,1066.33,Cancelled,1
ORD-24832,2025-05-14,CUST-1162,Enterprise,North America,Mexico,Office Supplies,Paper & Stationeries Pack,113.24,2,0.0,226.48,125.08,101.4,Shipped,3
ORD-24833,2025-05-12,CUST-1020,Corporate,Asia Pacific,Singapore,Electronics,Smartphones & Tablets,1368.18,15,0.1,18470.43,13082.12,5388.31,Delivered,4
ORD-24834,2025-12-03,CUST-1183,Enterprise,Europe,United Kingdom,Software & Cloud,Enterprise CRM License,2746.26,3,0.1,7414.9,1281.47,6133.43,Processing,4
ORD-24835,2026-02-20,CUST-1084,Enterprise,North America,Mexico,Software & Cloud,Cloud Analytics Suite,3177.67,1,0.1,2859.9,374.22,2485.68,Delivered,5
ORD-24836,2025-02-11,CUST-1000,Corporate,Asia Pacific,India,Office Supplies,Breakroom Supplies,161.72,3,0.2,388.13,226.33,161.8,Delivered,1
ORD-24837,2025-10-06,CUST-1140,Enterprise,Europe,France,Electronics,Smartphones & Tablets,801.62,1,0.0,801.62,582.2,219.42,Delivered,2
ORD-24838,2025-09-26,CUST-1367,Corporate,Latin America,Colombia,Software & Cloud,Enterprise CRM License,1868.0,3,0.0,5604.0,1505.89,4098.11,Processing,4
ORD-24839,2026-03-03,CUST-1024,Small Business,North America,Canada,Software & Cloud,Enterprise CRM License,504.07,4,0.0,2016.28,311.79,1704.49,Delivered,4
ORD-24840,2025-01-31,CUST-1024,Small Business,Europe,Spain,Software & Cloud,Enterprise CRM License,2805.28,1,0.05,2665.02,559.17,2105.85,Delivered,4
ORD-24841,2025-08-30,CUST-1256,Corporate,Europe,Netherlands,Electronics,Laptops & Workstations,1610.11,5,0.0,8050.55,5520.14,2530.41,Processing,4
ORD-24842,2026-02-20,CUST-1276,Corporate,Europe,United Kingdom,Electronics,Monitors & Displays,429.09,2,0.0,858.18,587.59,270.59,Delivered,3
ORD-24843,2025-10-13,CUST-1327,Consumer,Middle East & Africa,UAE,Software & Cloud,AI Assistant Subscription,649.38,2,0.0,1298.76,240.41,1058.35,Delivered,4
ORD-24844,2026-03-04,CUST-1083,Enterprise,North America,USA,Office Furniture,Conference Tables,1188.34,3,0.0,3565.02,1752.19,1812.83,Delivered,3
ORD-24845,2025-05-16,CUST-1329,Enterprise,North America,Mexico,Office Supplies,High-Volume Printers,680.02,5,0.0,3400.1,1945.52,1454.58,Cancelled,1
ORD-24846,2026-03-21,CUST-1249,Consumer,Europe,United Kingdom,Software & Cloud,AI Assistant Subscription,814.35,3,0.1,2198.75,385.11,1813.64,Delivered,4
ORD-24847,2025-10-30,CUST-1067,Consumer,Latin America,Chile,Electronics,Laptops & Workstations,1267.14,1,0.0,1267.14,980.07,287.07,Delivered,1
ORD-24848,2026-05-06,CUST-1166,Corporate,North America,Canada,Software & Cloud,AI Assistant Subscription,819.88,10,0.0,8198.8,2086.09,6112.71,Delivered,4
ORD-24849,2025-08-25,CUST-1018,Enterprise,Latin America,Brazil,Software & Cloud,AI Assistant Subscription,902.4,1,0.05,857.28,256.46,600.82,Delivered,3
ORD-24850,2025-01-14,CUST-1398,Corporate,Europe,Spain,Electronics,Wireless Audio,161.86,2,0.0,323.72,206.04,117.68,Delivered,4
ORD-24851,2025-06-07,CUST-1227,Consumer,North America,Canada,Software & Cloud,AI Assistant Subscription,869.75,2,0.1,1565.55,262.07,1303.48,Delivered,5
ORD-24852,2026-02-10,CUST-1220,Enterprise,Europe,Spain,Electronics,Monitors & Displays,598.49,3,0.1,1615.92,1289.16,326.76,Delivered,1
ORD-24853,2026-02-24,CUST-1184,Consumer,Middle East & Africa,UAE,Office Furniture,Conference Tables,1095.31,4,0.05,4162.18,2055.77,2106.41,Delivered,4
ORD-24854,2025-03-24,CUST-1175,Corporate,North America,Mexico,Office Furniture,Conference Tables,2213.93,3,0.0,6641.79,3704.71,2937.08,Delivered,4
ORD-24855,2025-01-15,CUST-1162,Enterprise,North America,Mexico,Office Furniture,LED Desk Lighting,141.29,1,0.0,141.29,73.87,67.42,Delivered,3
ORD-24856,2025-10-31,CUST-1069,Small Business,North America,Canada,Office Furniture,LED Desk Lighting,101.85,3,0.1,274.99,148.83,126.16,Processing,4
ORD-24857,2025-06-07,CUST-1275,Consumer,Asia Pacific,Japan,Software & Cloud,Cybersecurity Suite,1417.79,2,0.0,2835.58,808.77,2026.81,Delivered,3
ORD-24858,2025-11-09,CUST-1330,Small Business,North America,Mexico,Electronics,Wireless Audio,149.31,2,0.05,283.69,192.32,91.37,Processing,4
ORD-24859,2025-01-07,CUST-1132,Corporate,Europe,Germany,Office Supplies,Breakroom Supplies,108.93,15,0.1,1470.56,741.09,729.47,Delivered,3
ORD-24860,2025-03-09,CUST-1091,Corporate,Asia Pacific,South Korea,Electronics,Smartphones & Tablets,771.03,4,0.1,2775.71,1780.59,995.12,Delivered,2
ORD-24861,2026-01-07,CUST-1031,Corporate,North America,Mexico,Electronics,Wireless Audio,100.39,1,0.1,90.35,64.26,26.09,Delivered,1
ORD-24862,2025-07-28,CUST-1154,Corporate,North America,Mexico,Software & Cloud,Enterprise CRM License,2176.13,5,0.05,10336.62,1725.03,8611.59,Delivered,4
ORD-24863,2025-06-22,CUST-1152,Enterprise,Middle East & Africa,Saudi Arabia,Electronics,Monitors & Displays,376.03,4,0.0,1504.12,906.12,598.0,Delivered,4
ORD-24864,2026-07-23,CUST-1214,Small Business,North America,Canada,Office Supplies,Breakroom Supplies,128.1,1,0.05,121.69,73.1,48.59,Delivered,4
ORD-24865,2025-11-23,CUST-1373,Corporate,North America,USA,Office Supplies,Paper & Stationeries Pack,109.02,3,0.05,310.71,179.06,131.65,Processing,4
ORD-24866,2026-01-20,CUST-1023,Corporate,Asia Pacific,Japan,Software & Cloud,DevOps Productivity Tools,882.28,5,0.05,4190.83,1138.0,3052.83,Delivered,4
ORD-24867,2025-12-15,CUST-1354,Consumer,Europe,Spain,Electronics,Smart Wearables,393.8,2,0.0,787.6,551.67,235.93,Delivered,3
ORD-24868,2025-11-25,CUST-1248,Corporate,Asia Pacific,South Korea,Software & Cloud,AI Assistant Subscription,800.05,2,0.1,1440.09,305.09,1135.0,Shipped,4
ORD-24869,2026-03-26,CUST-1321,Enterprise,North America,Canada,Software & Cloud,Cybersecurity Suite,910.46,1,0.0,910.46,130.95,779.51,Cancelled,1
ORD-24870,2026-01-18,CUST-1356,Enterprise,Asia Pacific,Australia,Electronics,Smartphones & Tablets,933.37,3,0.15,2380.09,1855.51,524.58,Delivered,4
ORD-24871,2026-03-22,CUST-1174,Consumer,North America,Mexico,Office Supplies,Storage & Archiving Units,158.14,2,0.15,268.84,151.02,117.82,Delivered,4
ORD-24872,2025-06-10,CUST-1155,Enterprise,Europe,Spain,Software & Cloud,Cybersecurity Suite,1528.8,3,0.05,4357.08,785.92,3571.16,Delivered,5
ORD-24873,2025-02-25,CUST-1223,Small Business,Latin America,Colombia,Office Furniture,Conference Tables,2199.7,3,0.1,5939.19,2856.46,3082.73,Delivered,5
ORD-24874,2025-12-13,CUST-1387,Corporate,Asia Pacific,Singapore,Electronics,Monitors & Displays,256.71,5,0.05,1219.37,941.9,277.47,Delivered,4
ORD-24875,2026-02-01,CUST-1383,Corporate,North America,USA,Software & Cloud,AI Assistant Subscription,268.43,2,0.0,536.86,89.78,447.08,Delivered,5
ORD-24876,2025-02-11,CUST-1395,Small Business,Europe,France,Software & Cloud,DevOps Productivity Tools,1442.82,4,0.0,5771.28,1328.35,4442.93,Delivered,4
ORD-24877,2026-01-24,CUST-1333,Corporate,Europe,Spain,Office Supplies,High-Volume Printers,774.36,2,0.0,1548.72,786.17,762.55,Delivered,4
ORD-24878,2026-07-15,CUST-1144,Consumer,North America,USA,Software & Cloud,DevOps Productivity Tools,1093.56,1,0.05,1038.88,212.04,826.84,Delivered,4
ORD-24879,2026-03-31,CUST-1288,Corporate,Asia Pacific,India,Office Furniture,Conference Tables,1025.08,3,0.05,2921.48,1728.18,1193.3,Delivered,4
ORD-24880,2025-05-22,CUST-1255,Small Business,North America,Mexico,Software & Cloud,Cloud Analytics Suite,2684.47,4,0.05,10200.99,2646.75,7554.24,Shipped,4
ORD-24881,2026-04-09,CUST-1385,Corporate,Europe,Germany,Office Furniture,Conference Tables,1705.41,1,0.0,1705.41,1029.8,675.61,Delivered,4
ORD-24882,2025-02-24,CUST-1370,Small Business,North America,Mexico,Software & Cloud,AI Assistant Subscription,369.92,1,0.0,369.92,79.06,290.86,Shipped,3
ORD-24883,2025-08-04,CUST-1309,Corporate,Europe,Spain,Office Supplies,High-Volume Printers,1037.52,1,0.05,985.64,671.82,313.82,Delivered,5
ORD-24884,2026-02-09,CUST-1197,Corporate,North America,Canada,Office Supplies,Breakroom Supplies,98.28,1,0.1,88.45,44.98,43.47,Delivered,4
ORD-24885,2025-04-30,CUST-1043,Corporate,North America,USA,Electronics,Wireless Audio,175.03,3,0.15,446.33,306.29,140.04,Delivered,4
ORD-24886,2025-08-04,CUST-1332,Enterprise,Europe,United Kingdom,Electronics,Monitors & Displays,489.89,2,0.0,979.78,760.78,219.0,Delivered,4
ORD-24887,2026-06-05,CUST-1392,Enterprise,North America,Mexico,Electronics,Laptops & Workstations,2104.65,1,0.0,2104.65,1622.73,481.92,Delivered,4
ORD-24888,2026-06-06,CUST-1008,Corporate,North America,Canada,Electronics,Smart Wearables,248.11,1,0.1,223.3,150.87,72.43,Processing,5
ORD-24889,2025-04-28,CUST-1310,Enterprise,North America,Canada,Software & Cloud,Cybersecurity Suite,626.07,1,0.1,563.46,120.9,442.56,Delivered,3
ORD-24890,2025-10-22,CUST-1105,Small Business,North America,USA,Electronics,Smartphones & Tablets,694.71,1,0.05,659.97,490.23,169.74,Delivered,4
ORD-24891,2026-06-16,CUST-1169,Small Business,Europe,Spain,Office Supplies,Paper & Stationeries Pack,92.67,1,0.1,83.4,50.37,33.03,Delivered,5
ORD-24892,2026-01-29,CUST-1250,Corporate,Europe,Netherlands,Office Supplies,Presentation Equipment,335.4,8,0.15,2280.72,1277.8,1002.92,Delivered,4
ORD-24893,2026-02-22,CUST-1009,Small Business,Middle East & Africa,Saudi Arabia,Office Furniture,Conference Tables,2559.13,2,0.05,4862.35,2538.08,2324.27,Delivered,5
ORD-24894,2025-04-11,CUST-1023,Enterprise,Europe,Netherlands,Electronics,Wireless Audio,176.24,1,0.1,158.62,126.61,32.01,Delivered,5
ORD-24895,2025-01-07,CUST-1018,Corporate,North America,USA,Electronics,Monitors & Displays,479.25,5,0.0,2396.25,1700.73,695.52,Delivered,1
ORD-24896,2025-11-02,CUST-1284,Corporate,North America,USA,Office Furniture,Conference Tables,1138.46,2,0.0,2276.92,1182.88,1094.04,Delivered,4
ORD-24897,2026-04-13,CUST-1097,Small Business,Europe,Spain,Software & Cloud,Cloud Analytics Suite,2033.42,1,0.1,1830.08,371.91,1458.17,Delivered,5
ORD-24898,2025-08-23,CUST-1205,Small Business,Asia Pacific,India,Office Supplies,Paper & Stationeries Pack,114.54,2,0.05,217.63,121.42,96.21,Delivered,3
ORD-24899,2025-01-29,CUST-1175,Enterprise,Europe,United Kingdom,Office Supplies,Breakroom Supplies,172.73,4,0.05,656.37,435.33,221.04,Delivered,5
ORD-24900,2025-10-14,CUST-1066,Corporate,Asia Pacific,Australia,Office Furniture,Acoustic Office Pods,2009.43,3,0.0,6028.29,3907.91,2120.38,Delivered,2
ORD-24901,2026-06-10,CUST-1329,Enterprise,Asia Pacific,Japan,Electronics,Laptops & Workstations,1807.25,4,0.05,6867.55,4802.51,2065.04,Delivered,5
ORD-24902,2025-05-15,CUST-1018,Corporate,North America,Canada,Software & Cloud,Cybersecurity Suite,857.76,2,0.0,1715.52,379.19,1336.33,Delivered,5
ORD-24903,2025-07-26,CUST-1071,Corporate,North America,Mexico,Software & Cloud,AI Assistant Subscription,805.98,1,0.0,805.98,147.39,658.59,Delivered,3
ORD-24904,2025-08-19,CUST-1080,Enterprise,Europe,Netherlands,Software & Cloud,Cloud Analytics Suite,2632.23,2,0.05,5001.24,1201.81,3799.43,Delivered,4
ORD-24905,2026-01-07,CUST-1332,Corporate,Europe,United Kingdom,Electronics,Monitors & Displays,488.97,8,0.0,3911.76,2650.08,1261.68,Delivered,2
ORD-24906,2025-06-17,CUST-1369,Enterprise,Europe,Netherlands,Software & Cloud,Cybersecurity Suite,1424.9,2,0.0,2849.8,379.88,2469.92,Delivered,3
ORD-24907,2025-10-08,CUST-1255,Enterprise,Europe,United Kingdom,Electronics,Laptops & Workstations,2280.51,4,0.0,9122.04,7191.35,1930.69,Shipped,3
ORD-24908,2025-03-17,CUST-1061,Enterprise,Europe,United Kingdom,Office Furniture,Adjustable Standing Desks,950.56,2,0.05,1806.06,829.64,976.42,Shipped,4
ORD-24909,2025-11-03,CUST-1388,Small Business,Europe,France,Office Supplies,High-Volume Printers,983.14,3,0.1,2654.48,1803.06,851.42,Delivered,3
ORD-24910,2025-07-13,CUST-1005,Enterprise,Latin America,Chile,Electronics,Smart Wearables,193.88,3,0.1,523.48,411.15,112.33,Delivered,4
ORD-24911,2026-06-22,CUST-1080,Corporate,Europe,Spain,Software & Cloud,Enterprise CRM License,2806.49,4,0.1,10103.36,2693.36,7410.0,Delivered,3
ORD-24912,2026-06-27,CUST-1071,Corporate,Europe,Netherlands,Office Furniture,Acoustic Office Pods,3640.07,2,0.05,6916.13,3850.05,3066.08,Delivered,3
ORD-24913,2025-01-30,CUST-1243,Enterprise,North America,Mexico,Electronics,Smart Wearables,290.75,5,0.0,1453.75,968.82,484.93,Shipped,5
ORD-24914,2026-05-09,CUST-1281,Corporate,Europe,United Kingdom,Software & Cloud,Enterprise CRM License,1232.5,1,0.05,1170.88,143.28,1027.6,Processing,3
ORD-24915,2025-10-24,CUST-1071,Enterprise,North America,Canada,Electronics,Monitors & Displays,477.97,2,0.0,955.94,698.98,256.96,Delivered,5
ORD-24916,2026-06-23,CUST-1241,Consumer,North America,Mexico,Electronics,Monitors & Displays,793.45,3,0.05,2261.33,1536.62,724.71,Delivered,4
ORD-24917,2026-02-15,CUST-1282,Corporate,North America,Canada,Software & Cloud,AI Assistant Subscription,495.01,5,0.0,2475.05,618.04,1857.01,Shipped,3
ORD-24918,2025-03-12,CUST-1143,Corporate,North America,USA,Software & Cloud,Cybersecurity Suite,1678.14,1,0.0,1678.14,224.28,1453.86,Delivered,5
ORD-24919,2025-11-18,CUST-1157,Small Business,Latin America,Brazil,Office Furniture,Conference Tables,1996.96,2,0.05,3794.22,1811.09,1983.13,Delivered,4
ORD-24920,2025-01-05,CUST-1012,Enterprise,Asia Pacific,Singapore,Software & Cloud,Cybersecurity Suite,2048.78,2,0.2,3278.05,648.91,2629.14,Shipped,3
ORD-24921,2025-08-27,CUST-1347,Enterprise,Europe,Germany,Software & Cloud,Enterprise CRM License,1296.35,2,0.0,2592.7,444.41,2148.29,Delivered,4
ORD-24922,2025-07-28,CUST-1396,Enterprise,Europe,France,Office Furniture,Acoustic Office Pods,4071.81,1,0.0,4071.81,2095.83,1975.98,Delivered,3
ORD-24923,2026-01-13,CUST-1373,Enterprise,North America,Mexico,Electronics,Smart Wearables,159.22,2,0.1,286.6,206.21,80.39,Delivered,4
ORD-24924,2026-02-14,CUST-1357,Consumer,Europe,Spain,Software & Cloud,Cybersecurity Suite,1388.13,2,0.2,2221.01,312.98,1908.03,Delivered,4
ORD-24925,2025-02-10,CUST-1003,Small Business,North America,USA,Office Furniture,Conference Tables,2506.33,2,0.0,5012.66,2751.08,2261.58,Delivered,4
ORD-24926,2025-09-01,CUST-1041,Enterprise,Middle East & Africa,Saudi Arabia,Electronics,Smartphones & Tablets,1259.57,2,0.15,2141.27,1306.02,835.25,Delivered,4
ORD-24927,2026-06-26,CUST-1325,Corporate,Europe,Germany,Office Supplies,Storage & Archiving Units,139.71,3,0.0,419.13,290.88,128.25,Delivered,2
ORD-24928,2026-03-04,CUST-1362,Enterprise,Asia Pacific,Australia,Software & Cloud,AI Assistant Subscription,690.81,15,0.1,9325.93,2034.05,7291.88,Delivered,3
ORD-24929,2025-06-20,CUST-1384,Small Business,North America,USA,Office Furniture,Ergonomic Executive Chairs,750.63,2,0.0,1501.26,724.94,776.32,Delivered,4
ORD-24930,2025-10-15,CUST-1173,Enterprise,North America,Canada,Office Furniture,Acoustic Office Pods,3933.76,1,0.0,3933.76,1866.95,2066.81,Delivered,3
ORD-24931,2025-07-29,CUST-1280,Small Business,North America,Mexico,Office Supplies,High-Volume Printers,1195.54,2,0.0,2391.08,1591.49,799.59,Delivered,5
ORD-24932,2025-02-24,CUST-1334,Enterprise,North America,USA,Software & Cloud,Enterprise CRM License,1261.96,5,0.0,6309.8,1475.06,4834.74,Delivered,5
ORD-24933,2025-10-16,CUST-1057,Small Business,Middle East & Africa,South Africa,Office Furniture,Acoustic Office Pods,3938.4,15,0.0,59076.0,26795.09,32280.91,Delivered,4
ORD-24934,2025-12-11,CUST-1187,Corporate,Middle East & Africa,Saudi Arabia,Office Supplies,Paper & Stationeries Pack,78.19,3,0.0,234.57,122.49,112.08,Processing,5
ORD-24935,2025-12-03,CUST-1100,Consumer,North America,Canada,Software & Cloud,Cloud Analytics Suite,1524.62,2,0.05,2896.78,638.67,2258.11,Delivered,5
ORD-24936,2025-11-03,CUST-1055,Consumer,Europe,Netherlands,Electronics,Smartphones & Tablets,614.37,2,0.0,1228.74,854.54,374.2,Delivered,4
ORD-24937,2025-03-13,CUST-1097,Enterprise,North America,Canada,Office Furniture,Conference Tables,2403.34,2,0.0,4806.68,2811.25,1995.43,Delivered,5
ORD-24938,2025-03-25,CUST-1209,Enterprise,North America,Mexico,Software & Cloud,DevOps Productivity Tools,1342.45,4,0.05,5101.31,999.65,4101.66,Delivered,3
ORD-24939,2026-02-21,CUST-1013,Corporate,Asia Pacific,South Korea,Office Furniture,Ergonomic Executive Chairs,485.72,1,0.05,461.43,223.87,237.56,Processing,5
ORD-24940,2026-01-04,CUST-1206,Corporate,North America,USA,Electronics,Wireless Audio,340.06,1,0.05,323.06,241.72,81.34,Cancelled,2
ORD-24941,2025-03-19,CUST-1009,Small Business,North America,Canada,Electronics,Smart Wearables,294.89,5,0.0,1474.45,1017.89,456.56,Delivered,3
ORD-24942,2025-03-27,CUST-1182,Enterprise,North America,USA,Software & Cloud,Enterprise CRM License,2424.45,3,0.05,6909.68,1612.94,5296.74,Delivered,4
ORD-24943,2025-10-23,CUST-1121,Corporate,Asia Pacific,Singapore,Software & Cloud,Enterprise CRM License,2291.09,1,0.0,2291.09,340.61,1950.48,Delivered,4
ORD-24944,2025-03-22,CUST-1219,Consumer,Europe,Netherlands,Electronics,Laptops & Workstations,1570.64,3,0.2,3769.54,2298.07,1471.47,Delivered,5
ORD-24945,2025-07-13,CUST-1213,Corporate,Europe,France,Office Furniture,Acoustic Office Pods,3134.51,1,0.0,3134.51,1817.83,1316.68,Delivered,5
ORD-24946,2026-05-29,CUST-1196,Enterprise,Europe,Netherlands,Office Furniture,Conference Tables,1628.26,1,0.1,1465.43,730.65,734.78,Delivered,2
ORD-24947,2025-12-26,CUST-1294,Enterprise,Europe,Germany,Software & Cloud,Cybersecurity Suite,2074.51,1,0.0,2074.51,447.0,1627.51,Processing,2
ORD-24948,2025-03-08,CUST-1151,Corporate,North America,Mexico,Office Furniture,Ergonomic Executive Chairs,631.35,4,0.15,2146.59,993.53,1153.06,Delivered,4
ORD-24949,2026-01-07,CUST-1316,Corporate,North America,USA,Electronics,Wireless Audio,207.56,1,0.05,197.18,130.23,66.95,Delivered,2
ORD-24950,2025-11-06,CUST-1090,Corporate,North America,Canada,Software & Cloud,Enterprise CRM License,1446.74,1,0.0,1446.74,186.67,1260.07,Delivered,5
ORD-24951,2025-01-09,CUST-1220,Consumer,North America,USA,Office Supplies,Storage & Archiving Units,168.63,1,0.1,151.77,83.37,68.4,Delivered,3
ORD-24952,2025-01-23,CUST-1043,Small Business,Middle East & Africa,UAE,Electronics,Laptops & Workstations,2149.08,1,0.0,2149.08,1563.83,585.25,Delivered,3
ORD-24953,2025-11-13,CUST-1000,Consumer,Europe,Spain,Office Supplies,Presentation Equipment,399.47,1,0.1,359.52,205.12,154.4,Delivered,5
ORD-24954,2025-10-01,CUST-1096,Enterprise,North America,Mexico,Electronics,Wireless Audio,197.6,4,0.15,671.84,503.49,168.35,Shipped,4
ORD-24955,2026-05-04,CUST-1098,Consumer,North America,Mexico,Electronics,Wireless Audio,153.66,1,0.0,153.66,94.95,58.71,Delivered,5
ORD-24956,2025-05-25,CUST-1270,Corporate,Latin America,Colombia,Software & Cloud,AI Assistant Subscription,710.19,2,0.1,1278.34,215.47,1062.87,Processing,4
ORD-24957,2025-08-06,CUST-1280,Enterprise,North America,USA,Software & Cloud,DevOps Productivity Tools,305.64,1,0.1,275.08,52.24,222.84,Delivered,4
ORD-24958,2026-04-23,CUST-1366,Small Business,Asia Pacific,Singapore,Office Furniture,Ergonomic Executive Chairs,932.21,2,0.1,1677.98,982.87,695.11,Delivered,4
ORD-24959,2025-08-08,CUST-1255,Corporate,Europe,France,Software & Cloud,Cybersecurity Suite,454.93,4,0.15,1546.76,403.67,1143.09,Delivered,5
ORD-24960,2025-12-30,CUST-1254,Corporate,North America,USA,Office Furniture,Acoustic Office Pods,3754.24,3,0.0,11262.72,6315.1,4947.62,Delivered,4
ORD-24961,2025-07-08,CUST-1249,Corporate,Europe,France,Office Furniture,Adjustable Standing Desks,1330.87,5,0.1,5988.91,3163.29,2825.62,Processing,4
ORD-24962,2025-02-14,CUST-1044,Corporate,North America,USA,Office Supplies,Presentation Equipment,321.67,2,0.0,643.34,425.39,217.95,Delivered,3
ORD-24963,2025-11-25,CUST-1222,Small Business,Asia Pacific,Australia,Electronics,Smartphones & Tablets,692.6,4,0.0,2770.4,1677.28,1093.12,Delivered,3
ORD-24964,2026-05-13,CUST-1362,Corporate,North America,USA,Office Furniture,Ergonomic Executive Chairs,533.17,1,0.0,533.17,268.05,265.12,Delivered,4
ORD-24965,2026-06-01,CUST-1337,Corporate,Asia Pacific,Australia,Software & Cloud,Enterprise CRM License,2701.7,2,0.05,5133.23,842.48,4290.75,Delivered,4
ORD-24966,2026-03-03,CUST-1164,Small Business,Asia Pacific,Australia,Office Furniture,LED Desk Lighting,96.56,3,0.0,289.68,168.07,121.61,Delivered,5
ORD-24967,2025-05-07,CUST-1234,Corporate,Asia Pacific,Australia,Office Furniture,Conference Tables,1784.24,2,0.15,3033.21,1812.99,1220.22,Delivered,3
ORD-24968,2026-06-12,CUST-1061,Enterprise,North America,Mexico,Office Furniture,Acoustic Office Pods,2983.0,2,0.15,5071.1,2443.19,2627.91,Delivered,5
ORD-24969,2025-04-09,CUST-1277,Enterprise,Europe,United Kingdom,Electronics,Smart Wearables,358.56,2,0.05,681.26,441.5,239.76,Delivered,3
ORD-24970,2026-04-19,CUST-1070,Small Business,Europe,United Kingdom,Software & Cloud,Cybersecurity Suite,749.96,1,0.0,749.96,128.09,621.87,Delivered,5
ORD-24971,2026-02-21,CUST-1310,Enterprise,North America,Mexico,Electronics,Smartphones & Tablets,1173.3,4,0.0,4693.2,2823.52,1869.68,Delivered,4
ORD-24972,2025-04-05,CUST-1191,Corporate,North America,Canada,Electronics,Monitors & Displays,767.53,2,0.05,1458.31,936.75,521.56,Shipped,1
ORD-24973,2026-04-04,CUST-1271,Small Business,Europe,United Kingdom,Electronics,Smartphones & Tablets,1112.73,4,0.0,4450.92,2818.09,1632.83,Shipped,4
ORD-24974,2025-02-10,CUST-1102,Corporate,North America,Canada,Electronics,Laptops & Workstations,2159.3,1,0.0,2159.3,1649.58,509.72,Delivered,3
ORD-24975,2025-08-18,CUST-1356,Small Business,North America,Mexico,Electronics,Smartphones & Tablets,1047.89,4,0.0,4191.56,2872.0,1319.56,Delivered,3
ORD-24976,2026-06-22,CUST-1245,Consumer,Asia Pacific,Australia,Office Furniture,Conference Tables,1607.88,2,0.0,3215.76,1593.29,1622.47,Processing,3
ORD-24977,2025-06-08,CUST-1075,Small Business,Latin America,Chile,Software & Cloud,DevOps Productivity Tools,310.31,5,0.05,1473.97,417.55,1056.42,Delivered,4
ORD-24978,2026-05-30,CUST-1123,Corporate,Europe,Germany,Electronics,Laptops & Workstations,2351.55,5,0.0,11757.75,8029.43,3728.32,Delivered,4
ORD-24979,2025-12-17,CUST-1257,Small Business,Asia Pacific,Japan,Office Supplies,High-Volume Printers,539.24,4,0.1,1941.26,1266.18,675.08,Delivered,4
ORD-24980,2026-03-29,CUST-1094,Consumer,Europe,Netherlands,Software & Cloud,Enterprise CRM License,1093.95,1,0.0,1093.95,269.84,824.11,Cancelled,1
ORD-24981,2025-10-19,CUST-1142,Corporate,North America,Mexico,Software & Cloud,Enterprise CRM License,2337.14,2,0.05,4440.57,1134.67,3305.9,Delivered,4
ORD-24982,2025-12-25,CUST-1328,Corporate,North America,Canada,Electronics,Laptops & Workstations,1308.8,1,0.1,1177.92,744.37,433.55,Delivered,4
ORD-24983,2025-11-01,CUST-1379,Corporate,Europe,Netherlands,Electronics,Smartphones & Tablets,1124.6,1,0.05,1068.37,666.45,401.92,Delivered,3
ORD-24984,2026-01-23,CUST-1380,Corporate,Europe,Spain,Electronics,Laptops & Workstations,1901.47,2,0.05,3612.79,2221.11,1391.68,Delivered,5
ORD-24985,2025-06-30,CUST-1017,Enterprise,Asia Pacific,Singapore,Electronics,Wireless Audio,142.52,2,0.1,256.54,192.57,63.97,Delivered,4
ORD-24986,2026-07-14,CUST-1204,Corporate,North America,USA,Software & Cloud,Cybersecurity Suite,866.98,3,0.05,2470.89,398.97,2071.92,Delivered,5
ORD-24987,2026-06-18,CUST-1310,Small Business,Asia Pacific,South Korea,Electronics,Smart Wearables,296.92,5,0.0,1484.6,1078.36,406.24,Delivered,4
ORD-24988,2026-01-31,CUST-1340,Corporate,Europe,United Kingdom,Software & Cloud,Enterprise CRM License,1978.68,2,0.0,3957.36,745.29,3212.07,Delivered,4
ORD-24989,2025-01-13,CUST-1086,Enterprise,Asia Pacific,Australia,Electronics,Laptops & Workstations,2280.75,1,0.0,2280.75,1376.87,903.88,Delivered,3
ORD-24990,2025-11-21,CUST-1146,Small Business,Europe,Netherlands,Software & Cloud,AI Assistant Subscription,518.92,2,0.05,985.95,179.09,806.86,Delivered,5
ORD-24991,2026-05-08,CUST-1205,Enterprise,Asia Pacific,Australia,Office Supplies,Storage & Archiving Units,118.47,4,0.0,473.88,279.15,194.73,Delivered,4
ORD-24992,2025-03-25,CUST-1355,Enterprise,Latin America,Chile,Software & Cloud,AI Assistant Subscription,928.29,8,0.1,6683.69,1306.44,5377.25,Delivered,5
ORD-24993,2026-01-08,CUST-1127,Corporate,North America,Mexico,Office Furniture,Acoustic Office Pods,4104.94,1,0.0,4104.94,2344.47,1760.47,Delivered,3
ORD-24994,2025-10-24,CUST-1100,Small Business,Latin America,Colombia,Electronics,Wireless Audio,143.58,5,0.05,682.01,529.63,152.38,Delivered,4
ORD-24995,2025-04-12,CUST-1211,Corporate,Asia Pacific,India,Software & Cloud,DevOps Productivity Tools,413.34,8,0.0,3306.72,621.9,2684.82,Cancelled,2
ORD-24996,2025-03-31,CUST-1265,Corporate,North America,Mexico,Software & Cloud,DevOps Productivity Tools,1128.52,1,0.1,1015.67,301.4,714.27,Processing,1
ORD-24997,2025-06-25,CUST-1190,Enterprise,Europe,Germany,Software & Cloud,Cloud Analytics Suite,2562.53,4,0.0,10250.12,2554.91,7695.21,Delivered,4
ORD-24998,2026-04-11,CUST-1162,Small Business,Europe,United Kingdom,Software & Cloud,Cybersecurity Suite,1753.39,8,0.0,14027.12,3552.9,10474.22,Delivered,4
ORD-24999,2025-06-02,CUST-1165,Corporate,North America,Mexico,Software & Cloud,Cybersecurity Suite,1941.5,4,0.05,7377.7,1460.19,5917.51,Delivered,3
