Transaction_ID,Date,Year,Month,Region,Province,Category,Item_Name,Channel,Quantity,Unit_Price_PHP,Target_Revenue_PHP,Actual_Revenue_PHP,Total_Cost_PHP,Net_Profit_PHP,Status,Satisfaction_Score
EXP-30000,2025-04-13,2025,Apr,CAR,Benguet,High-Value Crops & Seeds,Vegetable Seed Packs,Direct DA Grant,2,652.6,1305.2,1305.2,827.91,477.29,Delivered,4
EXP-30001,2025-11-05,2025,Nov,CAR,Apayao,Post-Harvest Facilities,Rice Mill Processing Line,Farmer Association,1,1741625.07,1741625.07,1480381.31,1089332.56,391048.75,Completed,5
EXP-30002,2026-05-26,2026,May,CAR,Ifugao,Agricultural Machinery,Solar Irrigation Systems,Farmer Association,1,590814.43,590814.43,590814.43,434865.96,155948.47,Completed,3
EXP-30003,2025-01-21,2025,Jan,CAR,Kalinga,Fertilizers & Soil Health,Inorganic NPK Blend,Farmer Association,20,2143.77,42875.4,40731.63,27168.61,13563.02,Completed,5
EXP-30004,2026-05-24,2026,May,CAR,Mountain Province,High-Value Crops & Seeds,Vegetable Seed Packs,Farmer Association,1,750.13,750.13,712.62,476.44,236.18,Completed,2
EXP-30005,2026-07-10,2026,Jul,Region III,Ifugao,Post-Harvest Facilities,Cold Storage Module,Direct DA Grant,3,2867985.96,8603957.88,8603957.88,6242151.43,2361806.45,Completed,5
EXP-30006,2025-02-22,2025,Feb,CAR,Abra,Fertilizers & Soil Health,Organic Fertilizer (50kg),Farmer Association,2,526.42,1052.84,1052.84,817.51,235.33,Completed,5
EXP-30007,2025-03-04,2025,Mar,Region II,Apayao,High-Value Crops & Seeds,Certified Hybrid Rice Seeds,Direct DA Grant,3,2709.28,8127.84,7721.45,6206.39,1515.06,Delivered,5
EXP-30008,2025-02-17,2025,Feb,CAR,Abra,Fertilizers & Soil Health,Inorganic NPK Blend,Commercial Agri-Dealer,3,1457.7,4373.1,4154.44,3303.56,850.88,Delivered,4
EXP-30009,2025-08-06,2025,Aug,CAR,Abra,Agricultural Machinery,Combine Harvesters,Farmer Association,2,1722732.83,3445465.66,3445465.66,2149061.36,1296404.3,Delivered,5
EXP-30010,2025-08-19,2025,Aug,CAR,Ifugao,Fertilizers & Soil Health,Bio-Inoculant Strains,Direct DA Grant,10,391.38,3913.8,3913.8,2946.51,967.29,Completed,5
EXP-30011,2025-01-28,2025,Jan,CAR,Mountain Province,Agricultural Machinery,Solar Irrigation Systems,Commercial Agri-Dealer,2,562395.65,1124791.3,1068551.74,851785.43,216766.31,Completed,4
EXP-30012,2025-09-16,2025,Sep,CAR,Benguet,Agricultural Machinery,Combine Harvesters,Farmer Association,1,1617411.0,1617411.0,1617411.0,1090580.35,526830.65,Completed,5
EXP-30013,2026-05-12,2026,May,CAR,Abra,Agricultural Machinery,Solar Irrigation Systems,LGU Co-op Procurement,2,338123.8,676247.6,676247.6,448125.55,228122.05,Completed,5
EXP-30014,2025-08-13,2025,Aug,Region III,Ifugao,High-Value Crops & Seeds,High-Yield Corn Seeds,Commercial Agri-Dealer,2,2089.79,4179.58,3552.64,2320.77,1231.87,Completed,4
EXP-30015,2025-07-17,2025,Jul,CAR,Kalinga,Fertilizers & Soil Health,Bio-Inoculant Strains,Farmer Association,5,340.63,1703.15,1703.15,1091.78,611.37,Delivered,5
EXP-30016,2026-05-26,2026,May,CAR,Benguet,Agricultural Machinery,Solar Irrigation Systems,Direct DA Grant,1,579183.14,579183.14,579183.14,454251.15,124931.99,Completed,5
EXP-30017,2025-10-25,2025,Oct,Region III,Abra,Agricultural Machinery,Solar Irrigation Systems,Direct DA Grant,50,311234.22,15561711.0,15561711.0,10229995.21,5331715.79,Under Review,4
EXP-30018,2025-01-09,2025,Jan,Region III,Ifugao,Agricultural Machinery,Combine Harvesters,Farmer Association,5,1925955.68,9629778.4,8666800.56,6687066.02,1979734.54,In Transit,4
EXP-30019,2025-08-15,2025,Aug,CAR,Mountain Province,Fertilizers & Soil Health,Organic Fertilizer (50kg),Direct DA Grant,1,698.58,698.58,698.58,503.48,195.1,Completed,4
EXP-30020,2026-02-02,2026,Feb,CAR,Ifugao,Fertilizers & Soil Health,Soil Conditioner Granules,LGU Co-op Procurement,3,756.53,2269.59,2156.11,1439.79,716.32,Completed,5
EXP-30021,2025-02-07,2025,Feb,CAR,Ifugao,Post-Harvest Facilities,Hermetic Storage Cocoons,Direct DA Grant,2,41761.4,83522.8,79346.66,56382.16,22964.5,Completed,4
EXP-30022,2026-05-31,2026,May,CAR,Mountain Province,Agricultural Machinery,Four-Wheel Tractors,Direct DA Grant,50,830522.64,41526132.0,41526132.0,27469672.32,14056459.68,Under Review,5
EXP-30023,2025-10-29,2025,Oct,CAR,Abra,Post-Harvest Facilities,Hermetic Storage Cocoons,Farmer Association,1,44409.95,44409.95,44409.95,28511.21,15898.74,Completed,5
EXP-30024,2026-07-20,2026,Jul,CAR,Benguet,High-Value Crops & Seeds,Fruit Tree Saplings Batch,LGU Co-op Procurement,1,919.71,919.71,873.72,593.17,280.55,Delivered,4
EXP-30025,2025-09-03,2025,Sep,CAR,Ifugao,Fertilizers & Soil Health,Organic Fertilizer (50kg),Direct DA Grant,2,533.43,1066.86,1066.86,783.64,283.22,Delivered,5
EXP-30026,2026-05-27,2026,May,CAR,Mountain Province,Fertilizers & Soil Health,Inorganic NPK Blend,LGU Co-op Procurement,1,2079.01,2079.01,2079.01,1290.39,788.62,Completed,5
EXP-30027,2025-11-10,2025,Nov,CAR,Abra,Post-Harvest Facilities,Multi-Crop Dryer Unit,Farmer Association,5,468674.09,2343370.45,2343370.45,1471527.24,871843.21,Completed,4
EXP-30028,2025-07-15,2025,Jul,CAR,Kalinga,High-Value Crops & Seeds,Fruit Tree Saplings Batch,LGU Co-op Procurement,2,1703.3,3406.6,3236.27,2458.72,777.55,Completed,4
EXP-30029,2025-02-27,2025,Feb,CAR,Abra,Agricultural Machinery,Power Tillers,Direct DA Grant,1,74746.69,74746.69,74746.69,56169.89,18576.8,Completed,5
EXP-30030,2025-04-28,2025,Apr,CAR,Kalinga,High-Value Crops & Seeds,Fruit Tree Saplings Batch,Commercial Agri-Dealer,2,2388.84,4777.68,4777.68,3557.29,1220.39,Completed,4
EXP-30031,2026-03-11,2026,Mar,CAR,Mountain Province,High-Value Crops & Seeds,Certified Hybrid Rice Seeds,Farmer Association,1,2081.2,2081.2,2081.2,1391.3,689.9,Completed,4
EXP-30032,2025-12-07,2025,Dec,Region II,Ifugao,Fertilizers & Soil Health,Organic Fertilizer (50kg),LGU Co-op Procurement,2,609.1,1218.2,1218.2,985.29,232.91,Delivered,5
EXP-30033,2025-11-21,2025,Nov,CAR,Benguet,High-Value Crops & Seeds,Fruit Tree Saplings Batch,Farmer Association,2,919.97,1839.94,1839.94,1341.08,498.86,Completed,4
EXP-30034,2026-03-03,2026,Mar,Region I,Ifugao,Post-Harvest Facilities,Hermetic Storage Cocoons,Direct DA Grant,3,39612.81,118838.43,118838.43,78465.62,40372.81,Completed,4
EXP-30035,2025-03-31,2025,Mar,CAR,Apayao,Fertilizers & Soil Health,Inorganic NPK Blend,Direct DA Grant,1,1849.78,1849.78,1849.78,1311.73,538.05,Under Review,5
EXP-30036,2025-10-04,2025,Oct,CAR,Ifugao,Post-Harvest Facilities,Rice Mill Processing Line,Commercial Agri-Dealer,3,1018567.57,3055702.71,2902917.57,2374328.59,528588.98,Completed,3
EXP-30037,2025-02-06,2025,Feb,CAR,Ifugao,Agricultural Machinery,Power Tillers,LGU Co-op Procurement,1,119192.7,119192.7,119192.7,85526.97,33665.73,Completed,5
EXP-30038,2026-01-31,2026,Jan,CAR,Benguet,Post-Harvest Facilities,Hermetic Storage Cocoons,Farmer Association,1,17738.6,17738.6,15077.81,12199.96,2877.85,Completed,5
EXP-30039,2025-01-25,2025,Jan,CAR,Apayao,Fertilizers & Soil Health,Organic Fertilizer (50kg),LGU Co-op Procurement,3,738.57,2215.71,2104.92,1305.19,799.73,Completed,5
EXP-30040,2025-08-03,2025,Aug,CAR,Kalinga,Fertilizers & Soil Health,Bio-Inoculant Strains,LGU Co-op Procurement,1,352.68,352.68,335.05,246.6,88.45,Delivered,5
EXP-30041,2025-07-13,2025,Jul,CAR,Abra,Agricultural Machinery,Power Tillers,Direct DA Grant,2,78658.25,157316.5,141584.85,112372.95,29211.9,Completed,5
EXP-30042,2025-09-09,2025,Sep,CAR,Mountain Province,Agricultural Machinery,Power Tillers,Direct DA Grant,3,90239.01,270717.03,270717.03,182099.31,88617.72,Completed,4
EXP-30043,2026-04-21,2026,Apr,CAR,Ifugao,High-Value Crops & Seeds,Vegetable Seed Packs,Farmer Association,3,607.07,1821.21,1821.21,1478.24,342.97,Completed,5
EXP-30044,2025-02-27,2025,Feb,CAR,Kalinga,Agricultural Machinery,Power Tillers,Commercial Agri-Dealer,5,63452.79,317263.95,317263.95,259665.4,57598.55,Pending Approval,5
EXP-30045,2025-08-21,2025,Aug,CAR,Ifugao,Agricultural Machinery,Four-Wheel Tractors,Farmer Association,2,1239290.66,2478581.32,2230723.19,1360737.14,869986.05,In Transit,5
EXP-30046,2026-01-08,2026,Jan,CAR,Kalinga,Agricultural Machinery,Solar Irrigation Systems,Farmer Association,1,476396.93,476396.93,476396.93,313710.4,162686.53,Completed,5
EXP-30047,2025-07-20,2025,Jul,CAR,Mountain Province,Fertilizers & Soil Health,Soil Conditioner Granules,Farmer Association,1,921.95,921.95,921.95,568.63,353.32,Completed,3
EXP-30048,2025-01-10,2025,Jan,CAR,Apayao,Post-Harvest Facilities,Cold Storage Module,Direct DA Grant,1,2192858.17,2192858.17,2192858.17,1690852.64,502005.53,Completed,4
EXP-30049,2025-08-05,2025,Aug,Region I,Kalinga,Post-Harvest Facilities,Hermetic Storage Cocoons,Farmer Association,1,32072.44,32072.44,32072.44,20187.92,11884.52,In Transit,1
EXP-30050,2026-03-13,2026,Mar,CAR,Mountain Province,Fertilizers & Soil Health,Organic Fertilizer (50kg),Direct DA Grant,5,825.14,4125.7,4125.7,2884.36,1241.34,Delivered,5
EXP-30051,2026-05-03,2026,May,CAR,Benguet,High-Value Crops & Seeds,Fruit Tree Saplings Batch,Farmer Association,1,1256.74,1256.74,1256.74,885.71,371.03,In Transit,2
EXP-30052,2026-02-05,2026,Feb,CAR,Ifugao,Agricultural Machinery,Power Tillers,LGU Co-op Procurement,3,109624.76,328874.28,328874.28,207191.36,121682.92,Completed,5
EXP-30053,2026-03-11,2026,Mar,CAR,Apayao,Post-Harvest Facilities,Rice Mill Processing Line,Direct DA Grant,2,1370073.99,2740147.98,2466133.18,1641337.6,824795.58,Delivered,5
EXP-30054,2026-02-05,2026,Feb,CAR,Mountain Province,Fertilizers & Soil Health,Soil Conditioner Granules,Farmer Association,1,546.37,546.37,519.05,351.1,167.95,Completed,5
EXP-30055,2025-07-02,2025,Jul,CAR,Benguet,Fertilizers & Soil Health,Bio-Inoculant Strains,Commercial Agri-Dealer,2,362.47,724.94,724.94,490.09,234.85,Delivered,5
EXP-30056,2025-02-20,2025,Feb,CAR,Kalinga,Agricultural Machinery,Power Tillers,LGU Co-op Procurement,1,87606.61,87606.61,87606.61,63139.61,24467.0,In Transit,5
EXP-30057,2025-03-14,2025,Mar,CAR,Abra,Agricultural Machinery,Four-Wheel Tractors,Direct DA Grant,2,1281449.3,2562898.6,2562898.6,1750467.21,812431.39,Completed,4
EXP-30058,2025-10-30,2025,Oct,Region III,Apayao,Fertilizers & Soil Health,Inorganic NPK Blend,Commercial Agri-Dealer,3,1359.73,4079.19,4079.19,3094.12,985.07,Delivered,3
EXP-30059,2025-12-29,2025,Dec,CAR,Kalinga,Fertilizers & Soil Health,Organic Fertilizer (50kg),Commercial Agri-Dealer,1,790.25,790.25,790.25,492.38,297.87,Completed,5
EXP-30060,2026-04-19,2026,Apr,CAR,Kalinga,Fertilizers & Soil Health,Organic Fertilizer (50kg),Farmer Association,2,800.74,1601.48,1521.41,1176.99,344.42,Completed,4
EXP-30061,2026-01-04,2026,Jan,CAR,Benguet,Fertilizers & Soil Health,Inorganic NPK Blend,Direct DA Grant,1,1412.15,1412.15,1341.54,973.38,368.16,Under Review,5
EXP-30062,2025-10-04,2025,Oct,Region II,Abra,Agricultural Machinery,Solar Irrigation Systems,Commercial Agri-Dealer,1,547786.13,547786.13,520396.82,318609.71,201787.11,Completed,1
EXP-30063,2025-08-11,2025,Aug,CAR,Mountain Province,Post-Harvest Facilities,Rice Mill Processing Line,Direct DA Grant,5,1770996.91,8854984.55,8412235.32,5524639.83,2887595.49,Delivered,5
EXP-30064,2025-01-26,2025,Jan,CAR,Ifugao,Agricultural Machinery,Solar Irrigation Systems,Commercial Agri-Dealer,20,321777.15,6435543.0,6113765.85,3936602.01,2177163.84,Delivered,4
EXP-30065,2026-07-04,2026,Jul,CAR,Apayao,Fertilizers & Soil Health,Bio-Inoculant Strains,LGU Co-op Procurement,1,719.41,719.41,719.41,490.08,229.33,Pending Approval,5
EXP-30066,2025-11-17,2025,Nov,CAR,Mountain Province,Agricultural Machinery,Four-Wheel Tractors,LGU Co-op Procurement,2,1332159.5,2664319.0,2664319.0,1839992.03,824326.97,Delivered,5
EXP-30067,2026-01-11,2026,Jan,CAR,Kalinga,Post-Harvest Facilities,Cold Storage Module,Direct DA Grant,1,1526219.52,1526219.52,1449908.54,1053190.49,396718.05,Completed,5
EXP-30068,2025-06-14,2025,Jun,CAR,Apayao,High-Value Crops & Seeds,Vegetable Seed Packs,Commercial Agri-Dealer,10,598.57,5985.7,5985.7,4366.13,1619.57,Delivered,3
EXP-30069,2026-02-26,2026,Feb,Region III,Mountain Province,Fertilizers & Soil Health,Bio-Inoculant Strains,Commercial Agri-Dealer,1,526.22,526.22,473.6,324.16,149.44,Completed,5
EXP-30070,2026-01-26,2026,Jan,CAR,Benguet,High-Value Crops & Seeds,High-Yield Corn Seeds,LGU Co-op Procurement,3,2078.54,6235.62,5923.84,4249.53,1674.31,Delivered,4
EXP-30071,2026-02-15,2026,Feb,CAR,Mountain Province,High-Value Crops & Seeds,High-Yield Corn Seeds,Commercial Agri-Dealer,3,2209.09,6627.27,6627.27,5076.62,1550.65,Completed,5
EXP-30072,2025-01-15,2025,Jan,CAR,Benguet,High-Value Crops & Seeds,Certified Hybrid Rice Seeds,Farmer Association,2,2326.81,4653.62,4420.94,2664.43,1756.51,Delivered,4
EXP-30073,2025-01-11,2025,Jan,CAR,Ifugao,Post-Harvest Facilities,Rice Mill Processing Line,Farmer Association,2,1404222.21,2808444.42,2808444.42,2270353.03,538091.39,Completed,4
EXP-30074,2026-04-05,2026,Apr,Region II,Apayao,Agricultural Machinery,Solar Irrigation Systems,Direct DA Grant,1,526529.62,526529.62,500203.14,384993.49,115209.65,Completed,4
EXP-30075,2026-02-11,2026,Feb,CAR,Mountain Province,Agricultural Machinery,Power Tillers,Farmer Association,5,138787.3,693936.5,693936.5,556943.17,136993.33,Delivered,5
EXP-30076,2025-11-05,2025,Nov,CAR,Apayao,Fertilizers & Soil Health,Soil Conditioner Granules,LGU Co-op Procurement,2,1051.45,2102.9,2102.9,1453.51,649.39,Completed,5
EXP-30077,2025-12-13,2025,Dec,CAR,Ifugao,Fertilizers & Soil Health,Bio-Inoculant Strains,Farmer Association,10,314.78,3147.8,3147.8,2288.7,859.1,Completed,4
EXP-30078,2025-06-05,2025,Jun,CAR,Ifugao,Agricultural Machinery,Four-Wheel Tractors,Farmer Association,20,924625.18,18492503.6,18492503.6,12782338.54,5710165.06,Completed,4
EXP-30079,2025-05-21,2025,May,CAR,Kalinga,Fertilizers & Soil Health,Bio-Inoculant Strains,Farmer Association,5,394.46,1972.3,1972.3,1266.12,706.18,Completed,5
EXP-30080,2026-01-06,2026,Jan,CAR,Ifugao,Fertilizers & Soil Health,Inorganic NPK Blend,Direct DA Grant,2,1687.9,3375.8,3375.8,2593.89,781.91,Completed,4
EXP-30081,2026-04-03,2026,Apr,CAR,Kalinga,Post-Harvest Facilities,Cold Storage Module,Direct DA Grant,1,1935721.51,1935721.51,1935721.51,1466335.93,469385.58,Completed,5
EXP-30082,2026-03-19,2026,Mar,CAR,Apayao,Fertilizers & Soil Health,Soil Conditioner Granules,Farmer Association,3,572.88,1718.64,1718.64,1277.99,440.65,Delivered,3
EXP-30083,2026-05-06,2026,May,Region II,Apayao,Post-Harvest Facilities,Rice Mill Processing Line,Direct DA Grant,1,1484680.88,1484680.88,1484680.88,1183578.51,301102.37,Completed,5
EXP-30084,2026-07-02,2026,Jul,CAR,Apayao,High-Value Crops & Seeds,High-Yield Corn Seeds,Commercial Agri-Dealer,5,3585.34,17926.7,17926.7,11779.15,6147.55,Completed,4
EXP-30085,2025-09-13,2025,Sep,CAR,Abra,Fertilizers & Soil Health,Inorganic NPK Blend,Farmer Association,1,2047.17,2047.17,1740.09,1342.56,397.53,Pending Approval,5
EXP-30086,2025-04-25,2025,Apr,CAR,Benguet,Fertilizers & Soil Health,Organic Fertilizer (50kg),LGU Co-op Procurement,2,643.74,1287.48,1287.48,811.96,475.52,Completed,5
EXP-30087,2025-03-16,2025,Mar,CAR,Abra,High-Value Crops & Seeds,Fruit Tree Saplings Batch,Farmer Association,2,1000.18,2000.36,2000.36,1444.1,556.26,Completed,5
EXP-30088,2025-01-27,2025,Jan,CAR,Apayao,Post-Harvest Facilities,Cold Storage Module,LGU Co-op Procurement,1,2517932.24,2517932.24,2392035.63,1695331.92,696703.71,Completed,4
EXP-30089,2026-07-12,2026,Jul,CAR,Kalinga,Agricultural Machinery,Solar Irrigation Systems,Farmer Association,1,585519.51,585519.51,585519.51,450625.71,134893.8,Completed,3
EXP-30090,2025-07-06,2025,Jul,CAR,Abra,Agricultural Machinery,Combine Harvesters,Commercial Agri-Dealer,1,2149306.8,2149306.8,1826910.78,1150406.23,676504.55,Completed,4
EXP-30091,2026-05-06,2026,May,CAR,Abra,High-Value Crops & Seeds,Vegetable Seed Packs,Direct DA Grant,1,578.26,578.26,549.35,342.49,206.86,Completed,4
EXP-30092,2025-02-11,2025,Feb,CAR,Apayao,Fertilizers & Soil Health,Bio-Inoculant Strains,Farmer Association,3,668.6,2005.8,1905.51,1257.39,648.12,In Transit,2
EXP-30093,2025-01-17,2025,Jan,CAR,Kalinga,Post-Harvest Facilities,Hermetic Storage Cocoons,Direct DA Grant,1,30639.02,30639.02,26043.17,19971.11,6072.06,Delivered,4
EXP-30094,2026-06-21,2026,Jun,CAR,Apayao,Post-Harvest Facilities,Rice Mill Processing Line,Direct DA Grant,50,1060148.97,53007448.5,47706703.65,29037825.3,18668878.35,Completed,4
EXP-30095,2025-09-07,2025,Sep,CAR,Kalinga,Fertilizers & Soil Health,Bio-Inoculant Strains,LGU Co-op Procurement,1,613.84,613.84,552.46,449.5,102.96,Completed,5
EXP-30096,2026-03-19,2026,Mar,CAR,Benguet,High-Value Crops & Seeds,Certified Hybrid Rice Seeds,Farmer Association,1,2605.28,2605.28,2605.28,1838.89,766.39,Completed,5
EXP-30097,2025-02-08,2025,Feb,CAR,Kalinga,Fertilizers & Soil Health,Organic Fertilizer (50kg),LGU Co-op Procurement,3,642.28,1926.84,1830.5,1307.78,522.72,Completed,5
EXP-30098,2026-06-30,2026,Jun,CAR,Ifugao,Agricultural Machinery,Power Tillers,Direct DA Grant,10,102314.97,1023149.7,971992.21,796591.85,175400.36,Completed,5
EXP-30099,2025-09-29,2025,Sep,CAR,Abra,Post-Harvest Facilities,Hermetic Storage Cocoons,Commercial Agri-Dealer,1,26948.62,26948.62,26948.62,19267.03,7681.59,Completed,5
EXP-30100,2025-11-20,2025,Nov,CAR,Abra,High-Value Crops & Seeds,Certified Hybrid Rice Seeds,Farmer Association,1,1571.56,1571.56,1335.83,927.21,408.62,Completed,3
EXP-30101,2025-03-02,2025,Mar,CAR,Kalinga,Agricultural Machinery,Solar Irrigation Systems,Commercial Agri-Dealer,5,396153.27,1980766.35,1782689.72,1252924.84,529764.88,Pending Approval,5
EXP-30102,2025-11-06,2025,Nov,CAR,Apayao,High-Value Crops & Seeds,Certified Hybrid Rice Seeds,LGU Co-op Procurement,1,1704.58,1704.58,1704.58,1036.52,668.06,In Transit,4
EXP-30103,2026-06-05,2026,Jun,CAR,Abra,Post-Harvest Facilities,Cold Storage Module,Farmer Association,1,2145056.7,2145056.7,2145056.7,1518830.98,626225.72,Completed,4
EXP-30104,2025-03-30,2025,Mar,CAR,Kalinga,Fertilizers & Soil Health,Inorganic NPK Blend,Direct DA Grant,2,2046.14,4092.28,4092.28,2701.11,1391.17,In Transit,5
EXP-30105,2026-04-08,2026,Apr,CAR,Benguet,High-Value Crops & Seeds,Certified Hybrid Rice Seeds,LGU Co-op Procurement,1,2749.86,2749.86,2749.86,1652.99,1096.87,Completed,2
EXP-30106,2025-04-24,2025,Apr,CAR,Benguet,Fertilizers & Soil Health,Soil Conditioner Granules,Direct DA Grant,10,861.26,8612.6,8612.6,6422.11,2190.49,In Transit,4
EXP-30107,2025-06-17,2025,Jun,Region II,Apayao,Agricultural Machinery,Combine Harvesters,LGU Co-op Procurement,3,2067294.2,6201882.6,5891788.47,4439131.03,1452657.44,Completed,3
EXP-30108,2026-07-11,2026,Jul,CAR,Apayao,Post-Harvest Facilities,Hermetic Storage Cocoons,LGU Co-op Procurement,1,41372.14,41372.14,39303.53,25558.99,13744.54,Delivered,5
EXP-30109,2025-08-12,2025,Aug,CAR,Kalinga,Agricultural Machinery,Combine Harvesters,LGU Co-op Procurement,2,2181186.18,4362372.36,4362372.36,3225892.59,1136479.77,Completed,5
EXP-30110,2025-08-21,2025,Aug,CAR,Ifugao,Post-Harvest Facilities,Hermetic Storage Cocoons,LGU Co-op Procurement,1,26764.54,26764.54,25426.31,19668.21,5758.1,Under Review,5
EXP-30111,2026-06-08,2026,Jun,CAR,Mountain Province,Agricultural Machinery,Rice Transplanters,Direct DA Grant,1,244714.78,244714.78,244714.78,192720.53,51994.25,Completed,4
EXP-30112,2026-01-16,2026,Jan,Region I,Apayao,Fertilizers & Soil Health,Organic Fertilizer (50kg),LGU Co-op Procurement,1,409.96,409.96,409.96,315.46,94.5,Completed,3
EXP-30113,2025-04-09,2025,Apr,CAR,Mountain Province,Fertilizers & Soil Health,Bio-Inoculant Strains,Commercial Agri-Dealer,5,537.16,2685.8,2685.8,2107.78,578.02,Completed,2
EXP-30114,2026-03-16,2026,Mar,CAR,Kalinga,Fertilizers & Soil Health,Organic Fertilizer (50kg),Direct DA Grant,5,809.29,4046.45,3439.48,2638.84,800.64,Completed,4
EXP-30115,2025-06-11,2025,Jun,CAR,Ifugao,Agricultural Machinery,Four-Wheel Tractors,Direct DA Grant,1,1256166.78,1256166.78,1130550.1,796027.31,334522.79,Completed,5
EXP-30116,2025-01-27,2025,Jan,CAR,Apayao,High-Value Crops & Seeds,Fruit Tree Saplings Batch,LGU Co-op Procurement,3,830.37,2491.11,2491.11,1994.39,496.72,Completed,5
EXP-30117,2026-03-31,2026,Mar,CAR,Mountain Province,Agricultural Machinery,Solar Irrigation Systems,Direct DA Grant,2,336638.98,673277.96,673277.96,427788.43,245489.53,Completed,5
EXP-30118,2025-03-05,2025,Mar,CAR,Mountain Province,Fertilizers & Soil Health,Soil Conditioner Granules,Direct DA Grant,3,825.22,2475.66,2475.66,2016.26,459.4,Delivered,2
EXP-30119,2026-03-01,2026,Mar,CAR,Mountain Province,Agricultural Machinery,Combine Harvesters,Farmer Association,1,1304930.18,1304930.18,1109190.65,700286.43,408904.22,Completed,4
EXP-30120,2025-08-30,2025,Aug,CAR,Apayao,Fertilizers & Soil Health,Inorganic NPK Blend,LGU Co-op Procurement,5,1687.67,8438.35,8438.35,6593.67,1844.68,Pending Approval,5
EXP-30121,2025-05-02,2025,May,Region I,Benguet,High-Value Crops & Seeds,High-Yield Corn Seeds,Direct DA Grant,3,1882.37,5647.11,4800.04,3011.2,1788.84,Completed,5
EXP-30122,2026-01-05,2026,Jan,CAR,Benguet,Post-Harvest Facilities,Rice Mill Processing Line,Farmer Association,5,1528382.59,7641912.95,7641912.95,5955048.74,1686864.21,Completed,4
EXP-30123,2026-05-30,2026,May,CAR,Kalinga,Agricultural Machinery,Solar Irrigation Systems,Commercial Agri-Dealer,1,506056.33,506056.33,506056.33,331144.39,174911.94,Completed,2
EXP-30124,2025-12-22,2025,Dec,CAR,Apayao,High-Value Crops & Seeds,Certified Hybrid Rice Seeds,Direct DA Grant,3,2842.49,8527.47,8527.47,6158.37,2369.1,Pending Approval,2
EXP-30125,2025-02-04,2025,Feb,CAR,Ifugao,Agricultural Machinery,Four-Wheel Tractors,Farmer Association,1,1388316.68,1388316.68,1180069.18,816017.39,364051.79,Completed,1
EXP-30126,2025-06-01,2025,Jun,CAR,Apayao,Fertilizers & Soil Health,Bio-Inoculant Strains,Farmer Association,2,560.4,1120.8,1064.76,752.86,311.9,Completed,5
EXP-30127,2026-01-06,2026,Jan,CAR,Benguet,Agricultural Machinery,Power Tillers,Farmer Association,2,76852.98,153705.96,146020.66,111163.32,34857.34,Under Review,5
EXP-30128,2026-06-10,2026,Jun,CAR,Kalinga,Post-Harvest Facilities,Hermetic Storage Cocoons,Farmer Association,1,27390.94,27390.94,27390.94,17021.46,10369.48,Completed,4
EXP-30129,2025-05-25,2025,May,CAR,Ifugao,Fertilizers & Soil Health,Organic Fertilizer (50kg),Commercial Agri-Dealer,5,579.57,2897.85,2897.85,2113.84,784.01,Completed,5
EXP-30130,2025-09-27,2025,Sep,CAR,Benguet,Fertilizers & Soil Health,Organic Fertilizer (50kg),Direct DA Grant,5,551.65,2758.25,2758.25,1805.87,952.38,Completed,5
EXP-30131,2025-05-01,2025,May,CAR,Ifugao,High-Value Crops & Seeds,Vegetable Seed Packs,LGU Co-op Procurement,2,615.09,1230.18,1168.67,908.35,260.32,Completed,5
EXP-30132,2025-11-30,2025,Nov,CAR,Kalinga,Agricultural Machinery,Power Tillers,Direct DA Grant,1,134928.46,134928.46,134928.46,94380.27,40548.19,Completed,4
EXP-30133,2025-10-03,2025,Oct,CAR,Benguet,Post-Harvest Facilities,Rice Mill Processing Line,Farmer Association,1,1501669.35,1501669.35,1501669.35,1222481.24,279188.11,Completed,5
EXP-30134,2025-11-04,2025,Nov,CAR,Kalinga,High-Value Crops & Seeds,High-Yield Corn Seeds,Direct DA Grant,1,3265.8,3265.8,3265.8,2484.56,781.24,Pending Approval,5
EXP-30135,2025-07-12,2025,Jul,Region III,Abra,High-Value Crops & Seeds,High-Yield Corn Seeds,Direct DA Grant,1,2548.59,2548.59,2548.59,1995.02,553.57,Delivered,4
EXP-30136,2025-05-27,2025,May,CAR,Apayao,Post-Harvest Facilities,Cold Storage Module,Commercial Agri-Dealer,3,1908955.93,5726867.79,5726867.79,4264947.15,1461920.64,Pending Approval,5
EXP-30137,2025-06-08,2025,Jun,CAR,Apayao,High-Value Crops & Seeds,Fruit Tree Saplings Batch,Direct DA Grant,3,1905.87,5717.61,5145.85,3583.56,1562.29,Completed,3
EXP-30138,2025-12-10,2025,Dec,CAR,Benguet,Agricultural Machinery,Four-Wheel Tractors,Direct DA Grant,2,1029866.86,2059733.72,1956747.03,1416599.86,540147.17,Completed,5
EXP-30139,2025-10-18,2025,Oct,CAR,Abra,Agricultural Machinery,Rice Transplanters,LGU Co-op Procurement,1,267412.34,267412.34,254041.72,194864.16,59177.56,Under Review,4
EXP-30140,2025-08-09,2025,Aug,CAR,Benguet,Fertilizers & Soil Health,Soil Conditioner Granules,LGU Co-op Procurement,2,604.29,1208.58,1208.58,851.9,356.68,Delivered,4
EXP-30141,2026-03-03,2026,Mar,CAR,Benguet,Agricultural Machinery,Combine Harvesters,Farmer Association,2,1207562.87,2415125.74,2173613.17,1420599.89,753013.28,Under Review,5
EXP-30142,2025-11-30,2025,Nov,CAR,Apayao,Fertilizers & Soil Health,Soil Conditioner Granules,LGU Co-op Procurement,3,866.16,2598.48,2338.63,1677.03,661.6,Completed,2
EXP-30143,2025-03-31,2025,Mar,CAR,Abra,Agricultural Machinery,Combine Harvesters,LGU Co-op Procurement,5,1323222.65,6616113.25,6285307.59,4026422.9,2258884.69,Under Review,5
EXP-30144,2026-01-20,2026,Jan,CAR,Mountain Province,Fertilizers & Soil Health,Organic Fertilizer (50kg),LGU Co-op Procurement,20,684.92,13698.4,13013.48,10153.4,2860.08,Completed,4
EXP-30145,2026-01-13,2026,Jan,CAR,Apayao,Fertilizers & Soil Health,Inorganic NPK Blend,Farmer Association,1,2090.03,2090.03,2090.03,1612.91,477.12,Completed,4
EXP-30146,2025-05-26,2025,May,CAR,Apayao,High-Value Crops & Seeds,High-Yield Corn Seeds,Direct DA Grant,2,2703.54,5407.08,5407.08,4120.8,1286.28,Completed,5
EXP-30147,2026-02-23,2026,Feb,CAR,Abra,High-Value Crops & Seeds,Fruit Tree Saplings Batch,Commercial Agri-Dealer,1,1884.53,1884.53,1790.3,1097.2,693.1,Completed,4
EXP-30148,2026-07-08,2026,Jul,CAR,Ifugao,Fertilizers & Soil Health,Bio-Inoculant Strains,LGU Co-op Procurement,1,626.03,626.03,626.03,488.38,137.65,Under Review,4
EXP-30149,2025-02-05,2025,Feb,CAR,Ifugao,Agricultural Machinery,Four-Wheel Tractors,Farmer Association,2,1217025.51,2434051.02,2434051.02,1644404.23,789646.79,Completed,4
EXP-30150,2026-06-23,2026,Jun,CAR,Benguet,High-Value Crops & Seeds,Fruit Tree Saplings Batch,LGU Co-op Procurement,3,2296.13,6888.39,6888.39,4624.54,2263.85,Pending Approval,4
EXP-30151,2025-07-28,2025,Jul,CAR,Kalinga,Post-Harvest Facilities,Hermetic Storage Cocoons,Commercial Agri-Dealer,1,28956.17,28956.17,28956.17,23474.12,5482.05,Completed,5
EXP-30152,2026-03-22,2026,Mar,CAR,Mountain Province,Fertilizers & Soil Health,Bio-Inoculant Strains,Farmer Association,1,640.27,640.27,608.26,471.4,136.86,Pending Approval,5
EXP-30153,2025-09-05,2025,Sep,CAR,Abra,Fertilizers & Soil Health,Organic Fertilizer (50kg),Farmer Association,1,702.2,702.2,702.2,543.04,159.16,Delivered,4
EXP-30154,2026-04-26,2026,Apr,CAR,Benguet,Agricultural Machinery,Power Tillers,LGU Co-op Procurement,1,88810.91,88810.91,79929.82,57696.26,22233.56,Completed,4
EXP-30155,2025-11-07,2025,Nov,Region I,Abra,Agricultural Machinery,Combine Harvesters,Direct DA Grant,2,1774587.38,3549174.76,3549174.76,2520814.36,1028360.4,Completed,3
EXP-30156,2026-04-07,2026,Apr,CAR,Benguet,High-Value Crops & Seeds,Fruit Tree Saplings Batch,LGU Co-op Procurement,5,1160.37,5801.85,5801.85,3510.33,2291.52,Under Review,4
EXP-30157,2025-09-23,2025,Sep,CAR,Mountain Province,High-Value Crops & Seeds,Certified Hybrid Rice Seeds,Farmer Association,1,2314.9,2314.9,2199.16,1386.84,812.32,Completed,5
EXP-30158,2025-01-25,2025,Jan,CAR,Ifugao,High-Value Crops & Seeds,High-Yield Corn Seeds,Farmer Association,1,1936.34,1936.34,1936.34,1572.09,364.25,Completed,5
EXP-30159,2026-06-16,2026,Jun,CAR,Benguet,Fertilizers & Soil Health,Soil Conditioner Granules,Direct DA Grant,1,1096.01,1096.01,1096.01,802.89,293.12,Delivered,5
EXP-30160,2026-01-17,2026,Jan,Region I,Kalinga,Post-Harvest Facilities,Multi-Crop Dryer Unit,LGU Co-op Procurement,1,759748.88,759748.88,759748.88,484375.05,275373.83,Completed,4
EXP-30161,2025-09-17,2025,Sep,CAR,Ifugao,High-Value Crops & Seeds,Fruit Tree Saplings Batch,LGU Co-op Procurement,2,2183.75,4367.5,4367.5,3219.97,1147.53,Completed,3
EXP-30162,2026-04-28,2026,Apr,CAR,Apayao,Fertilizers & Soil Health,Soil Conditioner Granules,LGU Co-op Procurement,1,837.14,837.14,837.14,679.79,157.35,Delivered,4
EXP-30163,2026-04-16,2026,Apr,Region III,Apayao,Agricultural Machinery,Power Tillers,Farmer Association,1,77216.15,77216.15,77216.15,62907.4,14308.75,Completed,5
EXP-30164,2026-01-30,2026,Jan,CAR,Ifugao,Fertilizers & Soil Health,Soil Conditioner Granules,Commercial Agri-Dealer,1,686.21,686.21,686.21,542.26,143.95,Completed,5
EXP-30165,2026-02-26,2026,Feb,CAR,Abra,Fertilizers & Soil Health,Inorganic NPK Blend,Farmer Association,20,2081.29,41625.8,39544.51,26470.68,13073.83,Completed,4
EXP-30166,2025-08-20,2025,Aug,Region III,Abra,Fertilizers & Soil Health,Bio-Inoculant Strains,Direct DA Grant,1,522.95,522.95,522.95,339.88,183.07,Completed,4
EXP-30167,2026-03-25,2026,Mar,CAR,Benguet,Fertilizers & Soil Health,Soil Conditioner Granules,Farmer Association,1,529.17,529.17,502.71,309.6,193.11,Delivered,5
EXP-30168,2026-01-01,2026,Jan,CAR,Kalinga,Post-Harvest Facilities,Rice Mill Processing Line,LGU Co-op Procurement,3,1585920.85,4757762.55,4757762.55,3036899.12,1720863.43,Delivered,5
EXP-30169,2026-07-04,2026,Jul,Region III,Apayao,Agricultural Machinery,Solar Irrigation Systems,LGU Co-op Procurement,3,564615.29,1693845.87,1693845.87,1380006.7,313839.17,Completed,5
EXP-30170,2025-08-05,2025,Aug,CAR,Apayao,Fertilizers & Soil Health,Inorganic NPK Blend,Direct DA Grant,1,2085.4,2085.4,2085.4,1468.86,616.54,Under Review,5
EXP-30171,2025-10-15,2025,Oct,CAR,Benguet,High-Value Crops & Seeds,Vegetable Seed Packs,LGU Co-op Procurement,1,274.05,274.05,274.05,170.16,103.89,Delivered,3
EXP-30172,2026-02-18,2026,Feb,CAR,Mountain Province,Post-Harvest Facilities,Rice Mill Processing Line,Direct DA Grant,5,1037596.97,5187984.85,4928585.61,3267156.91,1661428.7,Completed,5
EXP-30173,2025-05-29,2025,May,CAR,Benguet,High-Value Crops & Seeds,Certified Hybrid Rice Seeds,LGU Co-op Procurement,3,3163.28,9489.84,9489.84,6070.94,3418.9,Pending Approval,3
EXP-30174,2026-04-11,2026,Apr,CAR,Ifugao,Agricultural Machinery,Power Tillers,Commercial Agri-Dealer,5,118078.39,590391.95,590391.95,419938.47,170453.48,Delivered,4
EXP-30175,2026-05-30,2026,May,CAR,Kalinga,Agricultural Machinery,Combine Harvesters,LGU Co-op Procurement,1,1351569.37,1351569.37,1351569.37,1071754.58,279814.79,Completed,4
EXP-30176,2025-09-18,2025,Sep,CAR,Apayao,Post-Harvest Facilities,Rice Mill Processing Line,LGU Co-op Procurement,2,944219.19,1888438.38,1794016.46,1156939.4,637077.06,Delivered,5
EXP-30177,2025-04-22,2025,Apr,CAR,Mountain Province,High-Value Crops & Seeds,Fruit Tree Saplings Batch,LGU Co-op Procurement,5,1691.07,8455.35,8032.58,6291.03,1741.55,Delivered,4
EXP-30178,2025-03-11,2025,Mar,CAR,Mountain Province,Post-Harvest Facilities,Multi-Crop Dryer Unit,Direct DA Grant,1,512357.03,512357.03,486739.18,375610.76,111128.42,Delivered,5
EXP-30179,2026-02-09,2026,Feb,CAR,Kalinga,Agricultural Machinery,Solar Irrigation Systems,Farmer Association,1,313461.75,313461.75,313461.75,248367.58,65094.17,Completed,5
EXP-30180,2026-05-15,2026,May,CAR,Benguet,Fertilizers & Soil Health,Inorganic NPK Blend,LGU Co-op Procurement,2,1635.26,3270.52,3106.99,1879.87,1227.12,Completed,4
EXP-30181,2025-03-17,2025,Mar,CAR,Mountain Province,High-Value Crops & Seeds,High-Yield Corn Seeds,Commercial Agri-Dealer,5,2219.68,11098.4,11098.4,7570.9,3527.5,Completed,5
EXP-30182,2025-04-23,2025,Apr,CAR,Mountain Province,Fertilizers & Soil Health,Bio-Inoculant Strains,Farmer Association,3,644.96,1934.88,1934.88,1234.77,700.11,Completed,4
EXP-30183,2026-07-13,2026,Jul,CAR,Apayao,High-Value Crops & Seeds,Vegetable Seed Packs,Direct DA Grant,20,656.99,13139.8,13139.8,9518.75,3621.05,Delivered,4
EXP-30184,2026-07-17,2026,Jul,CAR,Ifugao,Post-Harvest Facilities,Cold Storage Module,LGU Co-op Procurement,1,2734910.44,2734910.44,2734910.44,1918761.8,816148.64,Under Review,4
EXP-30185,2025-09-17,2025,Sep,CAR,Mountain Province,Agricultural Machinery,Rice Transplanters,Farmer Association,3,331878.04,995634.12,995634.12,609927.11,385707.01,Completed,3
EXP-30186,2026-07-02,2026,Jul,CAR,Mountain Province,Agricultural Machinery,Solar Irrigation Systems,Farmer Association,1,265608.22,265608.22,265608.22,175470.01,90138.21,Completed,5
EXP-30187,2025-07-24,2025,Jul,CAR,Abra,Agricultural Machinery,Four-Wheel Tractors,LGU Co-op Procurement,1,1141299.84,1141299.84,1141299.84,912373.63,228926.21,Completed,5
EXP-30188,2026-02-03,2026,Feb,CAR,Ifugao,Agricultural Machinery,Combine Harvesters,LGU Co-op Procurement,2,2163394.43,4326788.86,3894109.97,2381235.53,1512874.44,Delivered,1
EXP-30189,2025-03-23,2025,Mar,CAR,Ifugao,Agricultural Machinery,Rice Transplanters,Direct DA Grant,1,188238.14,188238.14,188238.14,152161.91,36076.23,Completed,4
EXP-30190,2026-05-05,2026,May,CAR,Abra,Agricultural Machinery,Four-Wheel Tractors,Direct DA Grant,1,1166373.64,1166373.64,1049736.28,796769.94,252966.34,Completed,5
EXP-30191,2025-07-17,2025,Jul,CAR,Apayao,High-Value Crops & Seeds,High-Yield Corn Seeds,Commercial Agri-Dealer,10,2131.55,21315.5,20249.72,15130.29,5119.43,Delivered,5
EXP-30192,2025-12-10,2025,Dec,CAR,Kalinga,High-Value Crops & Seeds,High-Yield Corn Seeds,Commercial Agri-Dealer,2,3412.81,6825.62,6825.62,5276.08,1549.54,Delivered,4
EXP-30193,2026-01-11,2026,Jan,CAR,Apayao,Agricultural Machinery,Solar Irrigation Systems,LGU Co-op Procurement,1,554702.45,554702.45,554702.45,453024.23,101678.22,Completed,5
EXP-30194,2025-02-13,2025,Feb,CAR,Benguet,Fertilizers & Soil Health,Soil Conditioner Granules,Commercial Agri-Dealer,1,1058.84,1058.84,1058.84,727.87,330.97,Completed,5
EXP-30195,2025-01-08,2025,Jan,CAR,Mountain Province,Agricultural Machinery,Solar Irrigation Systems,LGU Co-op Procurement,1,515118.66,515118.66,515118.66,381903.01,133215.65,Completed,4
EXP-30196,2026-01-21,2026,Jan,CAR,Ifugao,Fertilizers & Soil Health,Bio-Inoculant Strains,Farmer Association,5,463.4,2317.0,2317.0,1648.66,668.34,Completed,4
EXP-30197,2025-09-17,2025,Sep,CAR,Abra,High-Value Crops & Seeds,High-Yield Corn Seeds,Commercial Agri-Dealer,5,1966.93,9834.65,9342.92,6644.18,2698.74,Completed,4
EXP-30198,2025-06-11,2025,Jun,Region III,Abra,Agricultural Machinery,Rice Transplanters,LGU Co-op Procurement,1,235497.94,235497.94,235497.94,170299.45,65198.49,Completed,5
EXP-30199,2025-08-15,2025,Aug,CAR,Abra,Agricultural Machinery,Power Tillers,Commercial Agri-Dealer,10,83719.18,837191.8,837191.8,642216.64,194975.16,Delivered,5
EXP-30200,2025-08-14,2025,Aug,CAR,Mountain Province,High-Value Crops & Seeds,Fruit Tree Saplings Batch,Commercial Agri-Dealer,1,1369.85,1369.85,1301.36,1017.29,284.07,Completed,5
EXP-30201,2025-12-04,2025,Dec,CAR,Mountain Province,High-Value Crops & Seeds,Certified Hybrid Rice Seeds,Commercial Agri-Dealer,2,2240.36,4480.72,4256.68,3308.99,947.69,Completed,4
EXP-30202,2025-03-07,2025,Mar,CAR,Benguet,Fertilizers & Soil Health,Soil Conditioner Granules,Direct DA Grant,1,548.75,548.75,493.88,321.01,172.87,Completed,5
EXP-30203,2026-06-17,2026,Jun,CAR,Abra,Agricultural Machinery,Power Tillers,Direct DA Grant,3,92664.51,277993.53,250194.18,162928.42,87265.76,In Transit,4
EXP-30204,2025-09-08,2025,Sep,CAR,Mountain Province,Agricultural Machinery,Combine Harvesters,LGU Co-op Procurement,2,1310989.47,2621978.94,2621978.94,2071898.23,550080.71,In Transit,5
EXP-30205,2025-10-08,2025,Oct,CAR,Benguet,Fertilizers & Soil Health,Inorganic NPK Blend,Commercial Agri-Dealer,1,2109.88,2109.88,1898.89,1261.41,637.48,In Transit,5
EXP-30206,2025-11-23,2025,Nov,CAR,Mountain Province,High-Value Crops & Seeds,Certified Hybrid Rice Seeds,Direct DA Grant,5,2018.08,10090.4,10090.4,7991.66,2098.74,Completed,5
EXP-30207,2025-10-13,2025,Oct,CAR,Benguet,Agricultural Machinery,Four-Wheel Tractors,Direct DA Grant,1,1128137.58,1128137.58,1128137.58,750654.08,377483.5,Completed,3
EXP-30208,2026-05-29,2026,May,CAR,Mountain Province,High-Value Crops & Seeds,High-Yield Corn Seeds,LGU Co-op Procurement,50,2480.81,124040.5,117838.47,84477.18,33361.29,Completed,5
EXP-30209,2026-05-09,2026,May,CAR,Kalinga,Post-Harvest Facilities,Hermetic Storage Cocoons,Direct DA Grant,1,34764.75,34764.75,34764.75,24594.06,10170.69,Delivered,4
EXP-30210,2026-04-25,2026,Apr,CAR,Abra,Fertilizers & Soil Health,Organic Fertilizer (50kg),Farmer Association,1,712.5,712.5,641.25,450.27,190.98,Completed,4
EXP-30211,2026-07-04,2026,Jul,CAR,Ifugao,Fertilizers & Soil Health,Organic Fertilizer (50kg),LGU Co-op Procurement,3,687.82,2063.46,2063.46,1344.39,719.07,Completed,5
EXP-30212,2025-12-13,2025,Dec,CAR,Kalinga,High-Value Crops & Seeds,Certified Hybrid Rice Seeds,LGU Co-op Procurement,2,1957.23,3914.46,3523.01,2116.07,1406.94,Under Review,5
EXP-30213,2025-12-28,2025,Dec,CAR,Ifugao,Post-Harvest Facilities,Multi-Crop Dryer Unit,Direct DA Grant,2,686485.67,1372971.34,1372971.34,958942.21,414029.13,Completed,3
EXP-30214,2025-07-09,2025,Jul,CAR,Mountain Province,High-Value Crops & Seeds,Fruit Tree Saplings Batch,LGU Co-op Procurement,1,983.64,983.64,934.46,678.28,256.18,Under Review,5
EXP-30215,2026-07-03,2026,Jul,CAR,Kalinga,Agricultural Machinery,Four-Wheel Tractors,LGU Co-op Procurement,1,879686.88,879686.88,879686.88,697001.39,182685.49,Pending Approval,5
EXP-30216,2026-07-12,2026,Jul,CAR,Kalinga,Agricultural Machinery,Solar Irrigation Systems,Direct DA Grant,5,505451.11,2527255.55,2400892.77,1576901.85,823990.92,Delivered,2
EXP-30217,2026-03-29,2026,Mar,CAR,Ifugao,Agricultural Machinery,Combine Harvesters,LGU Co-op Procurement,3,1202103.84,3606311.52,3425995.94,2086167.46,1339828.48,Delivered,4
EXP-30218,2026-02-24,2026,Feb,CAR,Benguet,Fertilizers & Soil Health,Bio-Inoculant Strains,Commercial Agri-Dealer,2,568.34,1136.68,1023.01,704.79,318.22,Completed,4
EXP-30219,2025-07-21,2025,Jul,CAR,Ifugao,Fertilizers & Soil Health,Bio-Inoculant Strains,LGU Co-op Procurement,2,569.41,1138.82,1138.82,712.29,426.53,Completed,3
EXP-30220,2026-01-22,2026,Jan,CAR,Kalinga,Fertilizers & Soil Health,Soil Conditioner Granules,Direct DA Grant,3,1074.01,3222.03,3222.03,2251.39,970.64,Completed,4
EXP-30221,2025-08-11,2025,Aug,CAR,Benguet,Fertilizers & Soil Health,Soil Conditioner Granules,Direct DA Grant,5,956.6,4783.0,4543.85,3156.09,1387.76,In Transit,4
EXP-30222,2025-12-30,2025,Dec,CAR,Benguet,High-Value Crops & Seeds,Vegetable Seed Packs,LGU Co-op Procurement,2,497.57,995.14,945.38,587.79,357.59,Completed,5
EXP-30223,2026-01-15,2026,Jan,CAR,Abra,High-Value Crops & Seeds,Vegetable Seed Packs,Farmer Association,1,531.42,531.42,504.85,307.88,196.97,Completed,5
EXP-30224,2026-02-23,2026,Feb,CAR,Apayao,Fertilizers & Soil Health,Bio-Inoculant Strains,Farmer Association,2,656.27,1312.54,1312.54,1032.14,280.4,Pending Approval,5
EXP-30225,2026-01-23,2026,Jan,Region I,Ifugao,Agricultural Machinery,Rice Transplanters,LGU Co-op Procurement,1,247117.94,247117.94,247117.94,200680.48,46437.46,Under Review,5
EXP-30226,2026-07-17,2026,Jul,CAR,Kalinga,Agricultural Machinery,Combine Harvesters,Direct DA Grant,2,1347061.85,2694123.7,2694123.7,2111669.38,582454.32,Completed,5
EXP-30227,2025-07-20,2025,Jul,CAR,Mountain Province,Post-Harvest Facilities,Multi-Crop Dryer Unit,Direct DA Grant,1,753438.67,753438.67,753438.67,612970.03,140468.64,Completed,5
EXP-30228,2025-12-31,2025,Dec,Region I,Apayao,High-Value Crops & Seeds,Vegetable Seed Packs,Commercial Agri-Dealer,1,711.2,711.2,675.64,510.77,164.87,Completed,2
EXP-30229,2025-12-25,2025,Dec,CAR,Benguet,Fertilizers & Soil Health,Organic Fertilizer (50kg),Direct DA Grant,1,661.21,661.21,661.21,487.82,173.39,Pending Approval,3
EXP-30230,2025-04-14,2025,Apr,CAR,Abra,Fertilizers & Soil Health,Soil Conditioner Granules,LGU Co-op Procurement,1,934.46,934.46,934.46,568.79,365.67,Completed,2
EXP-30231,2025-04-27,2025,Apr,Region III,Ifugao,Fertilizers & Soil Health,Inorganic NPK Blend,Farmer Association,5,1686.73,8433.65,8433.65,6526.9,1906.75,Completed,5
EXP-30232,2026-06-13,2026,Jun,CAR,Apayao,Post-Harvest Facilities,Cold Storage Module,Commercial Agri-Dealer,2,2965777.28,5931554.56,5338399.1,3894473.9,1443925.2,Completed,4
EXP-30233,2026-02-03,2026,Feb,CAR,Apayao,High-Value Crops & Seeds,Fruit Tree Saplings Batch,Commercial Agri-Dealer,2,1636.95,3273.9,2946.51,2403.65,542.86,Delivered,4
EXP-30234,2025-12-31,2025,Dec,CAR,Benguet,Fertilizers & Soil Health,Bio-Inoculant Strains,Commercial Agri-Dealer,5,349.17,1745.85,1745.85,1372.82,373.03,Completed,5
EXP-30235,2026-05-09,2026,May,CAR,Apayao,Agricultural Machinery,Rice Transplanters,Direct DA Grant,3,245368.69,736106.07,699300.77,526123.92,173176.85,Completed,4
EXP-30236,2026-07-01,2026,Jul,CAR,Mountain Province,Agricultural Machinery,Four-Wheel Tractors,Farmer Association,50,1355375.81,67768790.5,67768790.5,55490624.09,12278166.41,In Transit,4
EXP-30237,2026-07-03,2026,Jul,CAR,Abra,Agricultural Machinery,Power Tillers,LGU Co-op Procurement,5,125754.13,628770.65,565893.59,426688.03,139205.56,Completed,5
EXP-30238,2025-12-24,2025,Dec,Region I,Kalinga,Fertilizers & Soil Health,Soil Conditioner Granules,Farmer Association,5,577.7,2888.5,2599.65,1601.15,998.5,Delivered,5
EXP-30239,2025-06-11,2025,Jun,CAR,Ifugao,High-Value Crops & Seeds,Fruit Tree Saplings Batch,Commercial Agri-Dealer,1,1613.04,1613.04,1532.39,1144.25,388.14,In Transit,3
EXP-30240,2026-07-21,2026,Jul,CAR,Kalinga,Post-Harvest Facilities,Multi-Crop Dryer Unit,Direct DA Grant,5,741628.75,3708143.75,3708143.75,2403768.11,1304375.64,Completed,4
EXP-30241,2025-01-31,2025,Jan,CAR,Ifugao,Post-Harvest Facilities,Hermetic Storage Cocoons,LGU Co-op Procurement,2,41008.0,82016.0,77915.2,56256.69,21658.51,Completed,5
EXP-30242,2025-02-22,2025,Feb,CAR,Ifugao,High-Value Crops & Seeds,High-Yield Corn Seeds,LGU Co-op Procurement,1,2926.58,2926.58,2633.92,1997.94,635.98,In Transit,4
EXP-30243,2025-03-16,2025,Mar,CAR,Mountain Province,Agricultural Machinery,Four-Wheel Tractors,Commercial Agri-Dealer,1,1022310.76,1022310.76,1022310.76,623923.84,398386.92,Completed,5
EXP-30244,2026-01-25,2026,Jan,CAR,Abra,Agricultural Machinery,Four-Wheel Tractors,Farmer Association,10,857900.82,8579008.2,8150057.79,5123000.68,3027057.11,Completed,3
EXP-30245,2025-05-21,2025,May,CAR,Apayao,Fertilizers & Soil Health,Inorganic NPK Blend,Farmer Association,20,1515.05,30301.0,30301.0,22760.42,7540.58,Delivered,4
EXP-30246,2025-06-24,2025,Jun,CAR,Ifugao,Agricultural Machinery,Power Tillers,LGU Co-op Procurement,1,130040.9,130040.9,130040.9,81732.28,48308.62,Completed,5
EXP-30247,2025-10-20,2025,Oct,CAR,Apayao,Agricultural Machinery,Power Tillers,Commercial Agri-Dealer,1,99885.66,99885.66,89897.09,63351.64,26545.45,Completed,5
EXP-30248,2025-01-13,2025,Jan,CAR,Mountain Province,Fertilizers & Soil Health,Organic Fertilizer (50kg),Direct DA Grant,3,587.11,1761.33,1761.33,1393.82,367.51,Delivered,4
EXP-30249,2025-06-11,2025,Jun,CAR,Kalinga,Fertilizers & Soil Health,Soil Conditioner Granules,LGU Co-op Procurement,3,956.15,2868.45,2868.45,2128.0,740.45,Completed,3
EXP-30250,2025-09-09,2025,Sep,CAR,Kalinga,Agricultural Machinery,Power Tillers,Direct DA Grant,1,64647.36,64647.36,64647.36,42594.23,22053.13,Completed,5
EXP-30251,2026-02-02,2026,Feb,CAR,Kalinga,Fertilizers & Soil Health,Organic Fertilizer (50kg),Farmer Association,1,731.29,731.29,658.16,433.51,224.65,Completed,5
EXP-30252,2025-04-29,2025,Apr,CAR,Apayao,High-Value Crops & Seeds,Vegetable Seed Packs,LGU Co-op Procurement,1,370.89,370.89,333.8,242.53,91.27,Completed,5
EXP-30253,2026-01-26,2026,Jan,Region II,Ifugao,Agricultural Machinery,Power Tillers,Direct DA Grant,3,87344.3,262032.9,262032.9,194221.19,67811.71,Delivered,2
EXP-30254,2025-11-03,2025,Nov,CAR,Benguet,Agricultural Machinery,Combine Harvesters,Commercial Agri-Dealer,2,2029763.12,4059526.24,4059526.24,2620671.34,1438854.9,Delivered,3
EXP-30255,2025-08-14,2025,Aug,CAR,Kalinga,Fertilizers & Soil Health,Bio-Inoculant Strains,Farmer Association,3,326.87,980.61,980.61,801.99,178.62,Completed,2
EXP-30256,2026-06-24,2026,Jun,CAR,Apayao,High-Value Crops & Seeds,Certified Hybrid Rice Seeds,Commercial Agri-Dealer,1,1883.15,1883.15,1883.15,1387.75,495.4,Completed,4
EXP-30257,2025-12-26,2025,Dec,CAR,Mountain Province,Post-Harvest Facilities,Hermetic Storage Cocoons,Commercial Agri-Dealer,1,35223.91,35223.91,35223.91,28244.18,6979.73,Completed,4
EXP-30258,2025-01-05,2025,Jan,CAR,Kalinga,Fertilizers & Soil Health,Organic Fertilizer (50kg),LGU Co-op Procurement,1,601.45,601.45,511.23,366.31,144.92,Completed,5
EXP-30259,2026-03-22,2026,Mar,CAR,Ifugao,Fertilizers & Soil Health,Inorganic NPK Blend,Farmer Association,2,1298.34,2596.68,2596.68,2051.56,545.12,In Transit,1
EXP-30260,2025-11-29,2025,Nov,CAR,Benguet,Fertilizers & Soil Health,Bio-Inoculant Strains,Direct DA Grant,20,408.89,8177.8,8177.8,6618.41,1559.39,Completed,5
EXP-30261,2025-10-01,2025,Oct,CAR,Kalinga,Fertilizers & Soil Health,Bio-Inoculant Strains,LGU Co-op Procurement,1,396.28,396.28,396.28,310.08,86.2,Delivered,5
EXP-30262,2026-03-26,2026,Mar,CAR,Abra,Post-Harvest Facilities,Rice Mill Processing Line,Direct DA Grant,2,1003587.86,2007175.72,1906816.93,1247849.35,658967.58,Completed,4
EXP-30263,2025-04-03,2025,Apr,Region I,Benguet,Fertilizers & Soil Health,Organic Fertilizer (50kg),Farmer Association,3,775.93,2327.79,2327.79,1679.36,648.43,Completed,5
EXP-30264,2025-06-04,2025,Jun,CAR,Benguet,Agricultural Machinery,Combine Harvesters,Direct DA Grant,1,2094642.8,2094642.8,1885178.52,1194896.93,690281.59,Completed,4
EXP-30265,2026-02-08,2026,Feb,CAR,Kalinga,High-Value Crops & Seeds,Vegetable Seed Packs,Farmer Association,2,281.74,563.48,563.48,415.2,148.28,Completed,5
EXP-30266,2025-04-24,2025,Apr,CAR,Abra,Post-Harvest Facilities,Cold Storage Module,Direct DA Grant,1,2852830.36,2852830.36,2852830.36,1850310.43,1002519.93,Completed,3
EXP-30267,2025-09-13,2025,Sep,CAR,Apayao,Fertilizers & Soil Health,Bio-Inoculant Strains,Direct DA Grant,1,492.38,492.38,467.76,295.46,172.3,Delivered,4
EXP-30268,2025-03-25,2025,Mar,CAR,Mountain Province,Fertilizers & Soil Health,Soil Conditioner Granules,Direct DA Grant,1,643.12,643.12,643.12,469.89,173.23,Completed,5
EXP-30269,2026-02-25,2026,Feb,CAR,Apayao,Fertilizers & Soil Health,Bio-Inoculant Strains,LGU Co-op Procurement,5,664.9,3324.5,3324.5,2502.01,822.49,In Transit,5
EXP-30270,2025-09-05,2025,Sep,Region I,Abra,Agricultural Machinery,Power Tillers,Direct DA Grant,1,63005.69,63005.69,59855.41,35913.4,23942.01,Delivered,5
EXP-30271,2025-03-26,2025,Mar,CAR,Benguet,Fertilizers & Soil Health,Bio-Inoculant Strains,Commercial Agri-Dealer,1,697.23,697.23,697.23,465.9,231.33,Completed,4
EXP-30272,2025-11-02,2025,Nov,CAR,Benguet,Post-Harvest Facilities,Multi-Crop Dryer Unit,Farmer Association,5,806310.67,4031553.35,4031553.35,2747935.07,1283618.28,Pending Approval,4
EXP-30273,2025-08-01,2025,Aug,CAR,Benguet,Fertilizers & Soil Health,Soil Conditioner Granules,LGU Co-op Procurement,1,962.71,962.71,962.71,727.86,234.85,Completed,2
EXP-30274,2025-01-10,2025,Jan,CAR,Mountain Province,Fertilizers & Soil Health,Organic Fertilizer (50kg),Commercial Agri-Dealer,1,670.7,670.7,637.16,488.69,148.47,Completed,5
EXP-30275,2026-05-04,2026,May,CAR,Apayao,Fertilizers & Soil Health,Inorganic NPK Blend,LGU Co-op Procurement,3,1866.93,5600.79,5600.79,4495.3,1105.49,Completed,5
EXP-30276,2026-04-22,2026,Apr,CAR,Kalinga,Agricultural Machinery,Solar Irrigation Systems,Direct DA Grant,5,592483.91,2962419.55,2814298.57,2138733.2,675565.37,Completed,5
EXP-30277,2025-04-10,2025,Apr,CAR,Mountain Province,High-Value Crops & Seeds,Fruit Tree Saplings Batch,LGU Co-op Procurement,1,2341.17,2341.17,2224.11,1395.33,828.78,In Transit,5
EXP-30278,2025-11-11,2025,Nov,CAR,Benguet,Fertilizers & Soil Health,Inorganic NPK Blend,Farmer Association,20,1701.07,34021.4,34021.4,24191.09,9830.31,Completed,4
EXP-30279,2026-04-28,2026,Apr,CAR,Apayao,Post-Harvest Facilities,Rice Mill Processing Line,Commercial Agri-Dealer,5,975129.28,4875646.4,4875646.4,3257679.37,1617967.03,Completed,5
EXP-30280,2025-07-25,2025,Jul,CAR,Ifugao,High-Value Crops & Seeds,Vegetable Seed Packs,Farmer Association,50,717.87,35893.5,34098.82,22316.05,11782.77,Completed,5
EXP-30281,2025-10-10,2025,Oct,CAR,Benguet,Fertilizers & Soil Health,Inorganic NPK Blend,LGU Co-op Procurement,3,1467.45,4402.35,4402.35,2707.61,1694.74,Completed,4
EXP-30282,2025-07-16,2025,Jul,CAR,Benguet,Agricultural Machinery,Solar Irrigation Systems,Direct DA Grant,3,593717.34,1781152.02,1692094.42,1058509.99,633584.43,Completed,5
EXP-30283,2025-12-04,2025,Dec,CAR,Mountain Province,Post-Harvest Facilities,Multi-Crop Dryer Unit,Farmer Association,1,940184.37,940184.37,940184.37,601210.51,338973.86,Completed,4
EXP-30284,2026-04-19,2026,Apr,CAR,Abra,Fertilizers & Soil Health,Organic Fertilizer (50kg),LGU Co-op Procurement,1,555.94,555.94,555.94,358.68,197.26,Completed,4
EXP-30285,2025-01-22,2025,Jan,CAR,Ifugao,Agricultural Machinery,Combine Harvesters,Commercial Agri-Dealer,20,1275583.61,25511672.2,25511672.2,15823735.53,9687936.67,Delivered,5
EXP-30286,2025-05-14,2025,May,CAR,Benguet,Agricultural Machinery,Rice Transplanters,Direct DA Grant,3,240137.29,720411.87,720411.87,515574.55,204837.32,Completed,5
EXP-30287,2025-09-23,2025,Sep,CAR,Apayao,High-Value Crops & Seeds,Vegetable Seed Packs,Direct DA Grant,5,655.09,3275.45,3275.45,2388.68,886.77,Completed,5
EXP-30288,2025-03-09,2025,Mar,CAR,Apayao,Post-Harvest Facilities,Multi-Crop Dryer Unit,LGU Co-op Procurement,20,675127.12,13502542.4,13502542.4,10596205.94,2906336.46,Pending Approval,5
EXP-30289,2026-01-05,2026,Jan,CAR,Ifugao,High-Value Crops & Seeds,High-Yield Corn Seeds,Direct DA Grant,3,1985.25,5955.75,5360.18,3727.92,1632.26,Completed,1
EXP-30290,2025-02-12,2025,Feb,Region II,Ifugao,High-Value Crops & Seeds,High-Yield Corn Seeds,Direct DA Grant,1,3201.74,3201.74,3041.65,2372.61,669.04,Completed,5
EXP-30291,2025-10-23,2025,Oct,CAR,Apayao,Fertilizers & Soil Health,Inorganic NPK Blend,Commercial Agri-Dealer,2,1906.01,3812.02,3621.42,2237.5,1383.92,In Transit,3
EXP-30292,2026-05-19,2026,May,CAR,Mountain Province,Agricultural Machinery,Rice Transplanters,Direct DA Grant,1,252722.21,252722.21,214813.88,142664.14,72149.74,Completed,4
EXP-30293,2025-10-22,2025,Oct,CAR,Apayao,Agricultural Machinery,Solar Irrigation Systems,Commercial Agri-Dealer,5,570340.01,2851700.05,2851700.05,2204997.6,646702.45,Delivered,4
EXP-30294,2026-02-24,2026,Feb,CAR,Benguet,Fertilizers & Soil Health,Bio-Inoculant Strains,Direct DA Grant,1,721.33,721.33,685.26,455.23,230.03,Completed,5
EXP-30295,2025-03-29,2025,Mar,CAR,Mountain Province,Post-Harvest Facilities,Hermetic Storage Cocoons,Farmer Association,3,23431.14,70293.42,70293.42,48497.61,21795.81,Completed,4
EXP-30296,2025-01-21,2025,Jan,CAR,Ifugao,High-Value Crops & Seeds,Vegetable Seed Packs,Commercial Agri-Dealer,3,697.77,2093.31,2093.31,1389.16,704.15,Completed,5
EXP-30297,2025-10-04,2025,Oct,CAR,Kalinga,High-Value Crops & Seeds,High-Yield Corn Seeds,LGU Co-op Procurement,3,3457.11,10371.33,10371.33,8307.78,2063.55,Completed,5
EXP-30298,2025-04-07,2025,Apr,CAR,Mountain Province,Fertilizers & Soil Health,Organic Fertilizer (50kg),Commercial Agri-Dealer,2,576.73,1153.46,1153.46,741.27,412.19,In Transit,3
EXP-30299,2026-02-18,2026,Feb,CAR,Ifugao,Fertilizers & Soil Health,Inorganic NPK Blend,Commercial Agri-Dealer,2,1425.54,2851.08,2851.08,2163.47,687.61,Completed,4
EXP-30300,2026-03-26,2026,Mar,CAR,Benguet,Fertilizers & Soil Health,Soil Conditioner Granules,Commercial Agri-Dealer,1,860.45,860.45,860.45,519.89,340.56,Completed,5
EXP-30301,2025-04-25,2025,Apr,CAR,Benguet,Agricultural Machinery,Four-Wheel Tractors,LGU Co-op Procurement,1,948326.03,948326.03,948326.03,619845.32,328480.71,Under Review,4
EXP-30302,2026-05-24,2026,May,CAR,Abra,Fertilizers & Soil Health,Organic Fertilizer (50kg),LGU Co-op Procurement,2,593.02,1186.04,1126.74,850.09,276.65,Completed,3
EXP-30303,2025-04-03,2025,Apr,CAR,Apayao,Fertilizers & Soil Health,Organic Fertilizer (50kg),Direct DA Grant,2,713.48,1426.96,1284.26,894.62,389.64,Completed,3
EXP-30304,2025-01-07,2025,Jan,CAR,Kalinga,High-Value Crops & Seeds,Vegetable Seed Packs,Direct DA Grant,1,480.6,480.6,456.57,280.88,175.69,Delivered,4
EXP-30305,2026-01-15,2026,Jan,CAR,Abra,Post-Harvest Facilities,Cold Storage Module,Commercial Agri-Dealer,2,2502198.59,5004397.18,4754177.32,3711612.1,1042565.22,Completed,5
EXP-30306,2026-02-17,2026,Feb,CAR,Abra,Agricultural Machinery,Rice Transplanters,Commercial Agri-Dealer,2,230913.73,461827.46,461827.46,318726.82,143100.64,Completed,5
EXP-30307,2026-06-18,2026,Jun,CAR,Kalinga,Fertilizers & Soil Health,Bio-Inoculant Strains,Direct DA Grant,20,543.79,10875.8,10875.8,8076.69,2799.11,In Transit,5
EXP-30308,2025-08-09,2025,Aug,CAR,Mountain Province,Fertilizers & Soil Health,Organic Fertilizer (50kg),Farmer Association,1,600.87,600.87,570.83,418.9,151.93,Delivered,4
EXP-30309,2025-04-06,2025,Apr,CAR,Apayao,Agricultural Machinery,Combine Harvesters,Commercial Agri-Dealer,5,2031367.71,10156838.55,10156838.55,7506284.67,2650553.88,Completed,4
EXP-30310,2025-07-20,2025,Jul,CAR,Benguet,Fertilizers & Soil Health,Organic Fertilizer (50kg),Farmer Association,1,634.48,634.48,602.76,462.24,140.52,Delivered,5
EXP-30311,2025-04-02,2025,Apr,CAR,Kalinga,Agricultural Machinery,Solar Irrigation Systems,Farmer Association,1,386764.3,386764.3,386764.3,283571.94,103192.36,In Transit,5
EXP-30312,2026-03-21,2026,Mar,CAR,Apayao,High-Value Crops & Seeds,High-Yield Corn Seeds,Farmer Association,2,2572.42,5144.84,5144.84,3765.76,1379.08,Delivered,4
EXP-30313,2025-12-02,2025,Dec,CAR,Abra,Agricultural Machinery,Rice Transplanters,LGU Co-op Procurement,2,176730.12,353460.24,353460.24,286610.14,66850.1,Completed,4
EXP-30314,2025-08-10,2025,Aug,CAR,Mountain Province,Agricultural Machinery,Power Tillers,Commercial Agri-Dealer,2,126073.42,252146.84,252146.84,187606.33,64540.51,In Transit,5
EXP-30315,2025-12-06,2025,Dec,CAR,Mountain Province,High-Value Crops & Seeds,Fruit Tree Saplings Batch,Farmer Association,2,1426.19,2852.38,2852.38,1874.32,978.06,Completed,4
EXP-30316,2025-04-30,2025,Apr,CAR,Kalinga,Post-Harvest Facilities,Rice Mill Processing Line,Direct DA Grant,5,1156875.98,5784379.9,5205941.91,3496122.84,1709819.07,In Transit,4
EXP-30317,2025-11-27,2025,Nov,CAR,Benguet,High-Value Crops & Seeds,Certified Hybrid Rice Seeds,LGU Co-op Procurement,1,1614.34,1614.34,1372.19,921.92,450.27,Completed,5
EXP-30318,2025-12-17,2025,Dec,CAR,Mountain Province,Agricultural Machinery,Power Tillers,Commercial Agri-Dealer,20,85448.36,1708967.2,1538070.48,1210183.66,327886.82,Completed,5
EXP-30319,2025-06-15,2025,Jun,CAR,Apayao,Agricultural Machinery,Rice Transplanters,Farmer Association,1,291231.7,291231.7,291231.7,207520.02,83711.68,Completed,5
EXP-30320,2025-12-05,2025,Dec,CAR,Abra,Fertilizers & Soil Health,Organic Fertilizer (50kg),Commercial Agri-Dealer,3,687.25,2061.75,1958.66,1234.85,723.81,In Transit,5
EXP-30321,2026-06-24,2026,Jun,CAR,Apayao,Fertilizers & Soil Health,Bio-Inoculant Strains,Direct DA Grant,2,511.18,1022.36,1022.36,807.08,215.28,Completed,3
EXP-30322,2025-07-08,2025,Jul,CAR,Abra,High-Value Crops & Seeds,Vegetable Seed Packs,Direct DA Grant,1,725.0,725.0,652.5,482.17,170.33,Delivered,5
EXP-30323,2025-03-05,2025,Mar,CAR,Kalinga,High-Value Crops & Seeds,Certified Hybrid Rice Seeds,LGU Co-op Procurement,3,1804.91,5414.73,5414.73,4044.3,1370.43,Completed,4
EXP-30324,2026-01-10,2026,Jan,CAR,Apayao,Agricultural Machinery,Solar Irrigation Systems,Direct DA Grant,3,409205.35,1227616.05,1104854.45,818240.93,286613.52,Completed,4
EXP-30325,2026-03-14,2026,Mar,Region III,Apayao,Fertilizers & Soil Health,Soil Conditioner Granules,Farmer Association,2,566.44,1132.88,1076.24,661.5,414.74,In Transit,3
EXP-30326,2026-06-03,2026,Jun,CAR,Abra,Fertilizers & Soil Health,Bio-Inoculant Strains,Farmer Association,1,698.74,698.74,663.8,440.12,223.68,Completed,4
EXP-30327,2025-08-11,2025,Aug,CAR,Kalinga,Post-Harvest Facilities,Rice Mill Processing Line,Direct DA Grant,3,1743734.63,5231203.89,5231203.89,3538656.02,1692547.87,Delivered,3
EXP-30328,2026-05-09,2026,May,Region II,Apayao,Fertilizers & Soil Health,Inorganic NPK Blend,Direct DA Grant,1,1557.84,1557.84,1557.84,953.63,604.21,Completed,1
EXP-30329,2025-10-23,2025,Oct,CAR,Ifugao,Agricultural Machinery,Combine Harvesters,Direct DA Grant,1,1526253.92,1526253.92,1526253.92,959295.42,566958.5,Completed,2
EXP-30330,2025-03-27,2025,Mar,CAR,Apayao,Post-Harvest Facilities,Cold Storage Module,Commercial Agri-Dealer,5,1816761.26,9083806.3,9083806.3,5615628.17,3468178.13,Completed,4
EXP-30331,2026-03-29,2026,Mar,CAR,Mountain Province,Fertilizers & Soil Health,Inorganic NPK Blend,Direct DA Grant,1,1656.06,1656.06,1573.26,1038.67,534.59,Completed,5
EXP-30332,2026-03-15,2026,Mar,CAR,Abra,Agricultural Machinery,Rice Transplanters,Commercial Agri-Dealer,3,241686.28,725058.84,725058.84,541464.31,183594.53,Completed,5
EXP-30333,2026-06-09,2026,Jun,CAR,Abra,Post-Harvest Facilities,Multi-Crop Dryer Unit,Farmer Association,1,920209.6,920209.6,920209.6,647451.03,272758.57,Delivered,4
EXP-30334,2025-08-15,2025,Aug,CAR,Kalinga,High-Value Crops & Seeds,Fruit Tree Saplings Batch,Direct DA Grant,2,1358.0,2716.0,2580.2,1619.64,960.56,Completed,4
EXP-30335,2025-07-07,2025,Jul,Region I,Benguet,Fertilizers & Soil Health,Bio-Inoculant Strains,Farmer Association,20,481.25,9625.0,8662.5,6610.81,2051.69,Completed,5
EXP-30336,2026-02-16,2026,Feb,Region I,Mountain Province,Fertilizers & Soil Health,Inorganic NPK Blend,Farmer Association,1,2008.28,2008.28,1807.45,1470.15,337.3,Delivered,5
EXP-30337,2025-03-17,2025,Mar,CAR,Mountain Province,Fertilizers & Soil Health,Bio-Inoculant Strains,Farmer Association,1,557.95,557.95,474.26,287.19,187.07,Completed,5
EXP-30338,2026-06-09,2026,Jun,CAR,Abra,High-Value Crops & Seeds,High-Yield Corn Seeds,Direct DA Grant,2,3385.19,6770.38,6431.86,4074.27,2357.59,Completed,5
EXP-30339,2025-04-19,2025,Apr,CAR,Abra,Post-Harvest Facilities,Rice Mill Processing Line,Direct DA Grant,1,1047163.89,1047163.89,942447.5,662517.21,279930.29,Completed,5
EXP-30340,2026-05-26,2026,May,CAR,Benguet,Fertilizers & Soil Health,Bio-Inoculant Strains,Farmer Association,1,720.83,720.83,684.79,482.54,202.25,Completed,5
EXP-30341,2025-05-23,2025,May,CAR,Abra,Post-Harvest Facilities,Cold Storage Module,LGU Co-op Procurement,1,2592394.94,2592394.94,2462775.19,1628543.49,834231.7,Pending Approval,4
EXP-30342,2025-04-08,2025,Apr,CAR,Mountain Province,Agricultural Machinery,Solar Irrigation Systems,Commercial Agri-Dealer,1,503609.4,503609.4,478428.93,316639.07,161789.86,In Transit,5
EXP-30343,2025-05-19,2025,May,CAR,Mountain Province,Fertilizers & Soil Health,Bio-Inoculant Strains,LGU Co-op Procurement,1,647.75,647.75,615.36,445.81,169.55,Completed,4
EXP-30344,2025-08-21,2025,Aug,CAR,Benguet,Agricultural Machinery,Combine Harvesters,Commercial Agri-Dealer,1,1545083.75,1545083.75,1313321.19,980960.23,332360.96,Delivered,4
EXP-30345,2025-01-28,2025,Jan,CAR,Ifugao,High-Value Crops & Seeds,Vegetable Seed Packs,Farmer Association,2,579.8,1159.6,1159.6,928.66,230.94,Delivered,5
EXP-30346,2025-08-16,2025,Aug,CAR,Ifugao,High-Value Crops & Seeds,High-Yield Corn Seeds,LGU Co-op Procurement,1,3388.96,3388.96,3388.96,2266.86,1122.1,Pending Approval,5
EXP-30347,2026-04-05,2026,Apr,CAR,Ifugao,Agricultural Machinery,Rice Transplanters,Commercial Agri-Dealer,1,335726.11,335726.11,335726.11,213459.37,122266.74,Pending Approval,5
EXP-30348,2025-09-07,2025,Sep,Region II,Kalinga,Agricultural Machinery,Rice Transplanters,Farmer Association,2,330953.27,661906.54,661906.54,422946.6,238959.94,Delivered,5
EXP-30349,2025-04-15,2025,Apr,CAR,Ifugao,High-Value Crops & Seeds,High-Yield Corn Seeds,Commercial Agri-Dealer,5,3234.24,16171.2,16171.2,12397.52,3773.68,Completed,5
EXP-30350,2026-01-13,2026,Jan,CAR,Mountain Province,High-Value Crops & Seeds,Fruit Tree Saplings Batch,LGU Co-op Procurement,1,2212.61,2212.61,2101.98,1506.95,595.03,Completed,4
EXP-30351,2025-10-29,2025,Oct,CAR,Ifugao,High-Value Crops & Seeds,Fruit Tree Saplings Batch,Direct DA Grant,2,998.19,1996.38,1796.74,1214.0,582.74,In Transit,4
EXP-30352,2025-07-11,2025,Jul,CAR,Kalinga,Post-Harvest Facilities,Cold Storage Module,Commercial Agri-Dealer,10,2209043.66,22090436.6,22090436.6,14488373.14,7602063.46,Completed,5
EXP-30353,2025-07-16,2025,Jul,CAR,Ifugao,Agricultural Machinery,Rice Transplanters,Direct DA Grant,1,297773.34,297773.34,282884.67,202857.79,80026.88,Completed,5
EXP-30354,2026-03-21,2026,Mar,Region III,Apayao,Agricultural Machinery,Solar Irrigation Systems,Direct DA Grant,1,594248.52,594248.52,505111.24,350987.38,154123.86,Delivered,5
EXP-30355,2026-07-06,2026,Jul,Region II,Abra,Post-Harvest Facilities,Multi-Crop Dryer Unit,Direct DA Grant,2,576429.06,1152858.12,1152858.12,900591.42,252266.7,Delivered,5
EXP-30356,2026-06-13,2026,Jun,CAR,Mountain Province,Fertilizers & Soil Health,Organic Fertilizer (50kg),Farmer Association,2,438.11,876.22,876.22,687.83,188.39,In Transit,4
EXP-30357,2025-09-26,2025,Sep,CAR,Abra,Fertilizers & Soil Health,Organic Fertilizer (50kg),Commercial Agri-Dealer,1,491.91,491.91,467.31,288.26,179.05,Completed,5
EXP-30358,2026-03-24,2026,Mar,CAR,Benguet,High-Value Crops & Seeds,Fruit Tree Saplings Batch,Commercial Agri-Dealer,3,1755.72,5267.16,5267.16,3644.28,1622.88,Delivered,5
EXP-30359,2025-05-02,2025,May,CAR,Benguet,High-Value Crops & Seeds,Fruit Tree Saplings Batch,Direct DA Grant,2,1343.41,2686.82,2418.14,1962.8,455.34,Completed,5
EXP-30360,2026-04-08,2026,Apr,CAR,Apayao,Fertilizers & Soil Health,Soil Conditioner Granules,Direct DA Grant,1,889.43,889.43,800.49,507.82,292.67,Delivered,5
EXP-30361,2025-05-16,2025,May,CAR,Ifugao,Fertilizers & Soil Health,Bio-Inoculant Strains,LGU Co-op Procurement,1,418.05,418.05,397.15,242.68,154.47,Completed,5
EXP-30362,2026-04-03,2026,Apr,CAR,Kalinga,Fertilizers & Soil Health,Inorganic NPK Blend,LGU Co-op Procurement,2,1845.18,3690.36,3505.84,2739.41,766.43,Completed,4
EXP-30363,2026-05-09,2026,May,CAR,Abra,Agricultural Machinery,Power Tillers,Farmer Association,1,133204.86,133204.86,126544.62,89401.82,37142.8,Completed,3
EXP-30364,2026-03-23,2026,Mar,CAR,Benguet,Agricultural Machinery,Combine Harvesters,LGU Co-op Procurement,3,1912846.0,5738538.0,5738538.0,3738412.61,2000125.39,In Transit,5
EXP-30365,2025-07-12,2025,Jul,CAR,Ifugao,Fertilizers & Soil Health,Soil Conditioner Granules,Direct DA Grant,2,933.54,1867.08,1773.73,1453.53,320.2,Completed,5
EXP-30366,2025-03-24,2025,Mar,CAR,Kalinga,Post-Harvest Facilities,Multi-Crop Dryer Unit,Commercial Agri-Dealer,2,603608.21,1207216.42,1207216.42,766883.79,440332.63,Delivered,3
EXP-30367,2026-05-09,2026,May,CAR,Apayao,Fertilizers & Soil Health,Bio-Inoculant Strains,Commercial Agri-Dealer,1,662.23,662.23,662.23,446.24,215.99,In Transit,3
EXP-30368,2026-05-18,2026,May,Region II,Abra,Agricultural Machinery,Rice Transplanters,Direct DA Grant,2,335292.76,670585.52,670585.52,408162.74,262422.78,Delivered,3
EXP-30369,2025-12-30,2025,Dec,Region II,Apayao,Fertilizers & Soil Health,Bio-Inoculant Strains,Commercial Agri-Dealer,2,318.12,636.24,636.24,518.05,118.19,Completed,4
EXP-30370,2025-01-12,2025,Jan,Region III,Kalinga,Fertilizers & Soil Health,Bio-Inoculant Strains,Farmer Association,1,662.54,662.54,662.54,516.65,145.89,Completed,4
EXP-30371,2026-02-04,2026,Feb,CAR,Ifugao,Fertilizers & Soil Health,Bio-Inoculant Strains,Farmer Association,2,323.08,646.16,646.16,435.23,210.93,Completed,4
EXP-30372,2025-03-05,2025,Mar,Region III,Apayao,Agricultural Machinery,Solar Irrigation Systems,LGU Co-op Procurement,3,441595.19,1324785.57,1324785.57,913701.26,411084.31,Completed,4
EXP-30373,2026-03-03,2026,Mar,CAR,Benguet,High-Value Crops & Seeds,Certified Hybrid Rice Seeds,LGU Co-op Procurement,1,2086.19,2086.19,2086.19,1307.76,778.43,In Transit,4
EXP-30374,2025-05-28,2025,May,CAR,Mountain Province,High-Value Crops & Seeds,Fruit Tree Saplings Batch,Direct DA Grant,1,979.51,979.51,930.53,667.87,262.66,Pending Approval,5
EXP-30375,2025-05-15,2025,May,CAR,Benguet,Agricultural Machinery,Rice Transplanters,Farmer Association,3,308763.62,926290.86,926290.86,732272.14,194018.72,Delivered,5
EXP-30376,2025-05-10,2025,May,CAR,Benguet,High-Value Crops & Seeds,Fruit Tree Saplings Batch,Commercial Agri-Dealer,5,1759.19,8795.95,8795.95,7085.8,1710.15,Completed,4
EXP-30377,2026-02-14,2026,Feb,CAR,Ifugao,Fertilizers & Soil Health,Soil Conditioner Granules,Commercial Agri-Dealer,5,528.1,2640.5,2244.42,1491.85,752.57,Completed,3
EXP-30378,2025-04-18,2025,Apr,CAR,Apayao,Agricultural Machinery,Combine Harvesters,LGU Co-op Procurement,3,2179151.56,6537454.68,6210581.95,4169489.49,2041092.46,Delivered,4
EXP-30379,2025-11-12,2025,Nov,CAR,Abra,Agricultural Machinery,Solar Irrigation Systems,Direct DA Grant,3,346572.94,1039718.82,1039718.82,782199.13,257519.69,Delivered,5
EXP-30380,2025-09-03,2025,Sep,CAR,Apayao,Agricultural Machinery,Four-Wheel Tractors,Farmer Association,1,1394612.48,1394612.48,1324881.86,894414.63,430467.23,Completed,5
EXP-30381,2025-07-20,2025,Jul,CAR,Ifugao,High-Value Crops & Seeds,Certified Hybrid Rice Seeds,LGU Co-op Procurement,1,1939.61,1939.61,1842.63,1278.43,564.2,Completed,4
EXP-30382,2025-03-19,2025,Mar,CAR,Apayao,Fertilizers & Soil Health,Bio-Inoculant Strains,Direct DA Grant,2,700.67,1401.34,1401.34,995.04,406.3,Delivered,5
EXP-30383,2025-05-08,2025,May,CAR,Kalinga,Post-Harvest Facilities,Cold Storage Module,Direct DA Grant,3,1457906.63,4373719.89,4373719.89,3129849.12,1243870.77,Completed,4
EXP-30384,2025-05-28,2025,May,CAR,Kalinga,Post-Harvest Facilities,Hermetic Storage Cocoons,LGU Co-op Procurement,3,22609.07,67827.21,67827.21,54488.52,13338.69,Completed,5
EXP-30385,2026-01-31,2026,Jan,CAR,Abra,Fertilizers & Soil Health,Organic Fertilizer (50kg),Commercial Agri-Dealer,1,776.77,776.77,776.77,605.07,171.7,Completed,5
EXP-30386,2026-01-07,2026,Jan,CAR,Abra,High-Value Crops & Seeds,Fruit Tree Saplings Batch,LGU Co-op Procurement,1,2125.7,2125.7,2125.7,1608.45,517.25,Completed,5
EXP-30387,2025-09-08,2025,Sep,CAR,Kalinga,High-Value Crops & Seeds,Certified Hybrid Rice Seeds,Commercial Agri-Dealer,1,2374.58,2374.58,2374.58,1623.25,751.33,Completed,5
EXP-30388,2026-07-20,2026,Jul,CAR,Apayao,Fertilizers & Soil Health,Organic Fertilizer (50kg),Direct DA Grant,1,439.44,439.44,395.5,277.66,117.84,Completed,4
EXP-30389,2025-11-22,2025,Nov,CAR,Ifugao,Fertilizers & Soil Health,Soil Conditioner Granules,Farmer Association,2,593.25,1186.5,1186.5,862.9,323.6,Delivered,3
EXP-30390,2025-04-12,2025,Apr,CAR,Kalinga,Agricultural Machinery,Combine Harvesters,Commercial Agri-Dealer,1,1386639.94,1386639.94,1386639.94,967136.18,419503.76,Completed,5
EXP-30391,2025-01-26,2025,Jan,CAR,Ifugao,Agricultural Machinery,Power Tillers,Commercial Agri-Dealer,1,103309.95,103309.95,103309.95,64383.42,38926.53,Completed,4
EXP-30392,2026-02-15,2026,Feb,CAR,Apayao,Post-Harvest Facilities,Cold Storage Module,Commercial Agri-Dealer,3,2096633.9,6289901.7,6289901.7,4199827.74,2090073.96,In Transit,4
EXP-30393,2026-01-11,2026,Jan,CAR,Benguet,Agricultural Machinery,Power Tillers,LGU Co-op Procurement,3,139725.25,419175.75,398216.96,268480.51,129736.45,Delivered,3
EXP-30394,2025-09-26,2025,Sep,CAR,Mountain Province,High-Value Crops & Seeds,High-Yield Corn Seeds,Farmer Association,20,2406.04,48120.8,45714.76,36788.56,8926.2,Under Review,5
EXP-30395,2026-05-13,2026,May,CAR,Mountain Province,Fertilizers & Soil Health,Bio-Inoculant Strains,LGU Co-op Procurement,5,455.53,2277.65,2277.65,1405.03,872.62,Completed,5
EXP-30396,2026-02-18,2026,Feb,CAR,Kalinga,Post-Harvest Facilities,Multi-Crop Dryer Unit,Farmer Association,5,507573.09,2537865.45,2537865.45,1738946.35,798919.1,Completed,5
EXP-30397,2025-08-05,2025,Aug,Region II,Kalinga,Post-Harvest Facilities,Cold Storage Module,Farmer Association,1,1443639.78,1443639.78,1443639.78,949544.72,494095.06,Completed,5
EXP-30398,2025-07-07,2025,Jul,CAR,Apayao,Agricultural Machinery,Four-Wheel Tractors,Commercial Agri-Dealer,3,1233978.0,3701934.0,3701934.0,2255337.01,1446596.99,Completed,5
EXP-30399,2025-10-19,2025,Oct,Region II,Kalinga,Fertilizers & Soil Health,Bio-Inoculant Strains,Commercial Agri-Dealer,2,605.28,1210.56,1210.56,772.17,438.39,Completed,4
EXP-30400,2026-06-13,2026,Jun,CAR,Benguet,Fertilizers & Soil Health,Inorganic NPK Blend,Farmer Association,2,1930.65,3861.3,3668.24,2265.66,1402.58,In Transit,4
EXP-30401,2025-09-12,2025,Sep,Region I,Ifugao,Post-Harvest Facilities,Multi-Crop Dryer Unit,Commercial Agri-Dealer,50,611549.85,30577492.5,30577492.5,20997867.74,9579624.76,Completed,4
EXP-30402,2025-12-23,2025,Dec,CAR,Abra,Agricultural Machinery,Rice Transplanters,Farmer Association,5,246255.59,1231277.95,1046586.26,633032.46,413553.8,In Transit,5
EXP-30403,2025-04-27,2025,Apr,CAR,Apayao,Fertilizers & Soil Health,Soil Conditioner Granules,Direct DA Grant,1,516.88,516.88,516.88,331.65,185.23,Under Review,4
EXP-30404,2026-01-13,2026,Jan,CAR,Ifugao,Fertilizers & Soil Health,Bio-Inoculant Strains,LGU Co-op Procurement,1,564.6,564.6,536.37,387.28,149.09,Delivered,4
EXP-30405,2026-07-21,2026,Jul,Region II,Mountain Province,Agricultural Machinery,Solar Irrigation Systems,Direct DA Grant,1,395293.73,395293.73,395293.73,239004.33,156289.4,Delivered,5
EXP-30406,2025-11-26,2025,Nov,CAR,Ifugao,Fertilizers & Soil Health,Inorganic NPK Blend,Commercial Agri-Dealer,2,1188.12,2376.24,2376.24,1522.17,854.07,Completed,5
EXP-30407,2025-12-15,2025,Dec,Region II,Benguet,Fertilizers & Soil Health,Soil Conditioner Granules,Farmer Association,1,689.43,689.43,689.43,414.77,274.66,Completed,3
EXP-30408,2025-11-30,2025,Nov,CAR,Abra,Post-Harvest Facilities,Multi-Crop Dryer Unit,Direct DA Grant,3,908771.5,2726314.5,2589998.77,2068393.82,521604.95,Completed,4
EXP-30409,2026-01-04,2026,Jan,CAR,Ifugao,Agricultural Machinery,Solar Irrigation Systems,Commercial Agri-Dealer,3,594411.03,1783233.09,1694071.44,1270083.98,423987.46,Delivered,4
EXP-30410,2025-01-25,2025,Jan,CAR,Ifugao,Agricultural Machinery,Power Tillers,Commercial Agri-Dealer,1,67291.25,67291.25,63926.69,40745.08,23181.61,Delivered,5
EXP-30411,2026-04-13,2026,Apr,CAR,Mountain Province,Fertilizers & Soil Health,Soil Conditioner Granules,Direct DA Grant,1,623.96,623.96,530.37,388.16,142.21,Completed,5
EXP-30412,2026-01-02,2026,Jan,CAR,Apayao,Agricultural Machinery,Rice Transplanters,Commercial Agri-Dealer,2,259385.78,518771.56,466894.4,287607.74,179286.66,Delivered,1
EXP-30413,2025-11-05,2025,Nov,CAR,Mountain Province,High-Value Crops & Seeds,High-Yield Corn Seeds,LGU Co-op Procurement,1,3461.25,3461.25,3461.25,2388.71,1072.54,Completed,4
EXP-30414,2025-10-16,2025,Oct,CAR,Benguet,High-Value Crops & Seeds,Vegetable Seed Packs,LGU Co-op Procurement,1,287.39,287.39,244.28,194.41,49.87,Completed,5
EXP-30415,2025-11-06,2025,Nov,CAR,Mountain Province,Agricultural Machinery,Solar Irrigation Systems,Farmer Association,1,486409.62,486409.62,486409.62,308832.21,177577.41,Completed,5
EXP-30416,2025-03-05,2025,Mar,CAR,Abra,High-Value Crops & Seeds,Vegetable Seed Packs,Commercial Agri-Dealer,1,480.11,480.11,480.11,348.86,131.25,Completed,4
EXP-30417,2026-04-11,2026,Apr,CAR,Abra,Agricultural Machinery,Combine Harvesters,Direct DA Grant,3,1554831.86,4664495.58,4664495.58,3066699.37,1597796.21,Delivered,4
EXP-30418,2025-04-22,2025,Apr,CAR,Abra,Agricultural Machinery,Four-Wheel Tractors,LGU Co-op Procurement,1,893227.49,893227.49,893227.49,653704.83,239522.66,Completed,5
EXP-30419,2025-09-06,2025,Sep,Region I,Abra,Agricultural Machinery,Power Tillers,Farmer Association,1,85495.17,85495.17,85495.17,62090.62,23404.55,Completed,5
EXP-30420,2025-02-04,2025,Feb,CAR,Apayao,Post-Harvest Facilities,Rice Mill Processing Line,Commercial Agri-Dealer,2,1111759.74,2223519.48,2223519.48,1621791.97,601727.51,Completed,4
EXP-30421,2026-05-14,2026,May,CAR,Apayao,Agricultural Machinery,Rice Transplanters,Direct DA Grant,1,186157.03,186157.03,186157.03,121804.14,64352.89,Completed,5
EXP-30422,2025-02-17,2025,Feb,CAR,Kalinga,Agricultural Machinery,Rice Transplanters,Commercial Agri-Dealer,3,304534.2,913602.6,913602.6,551097.86,362504.74,Completed,3
EXP-30423,2025-05-17,2025,May,CAR,Ifugao,Agricultural Machinery,Four-Wheel Tractors,Commercial Agri-Dealer,1,814096.49,814096.49,732686.84,513521.22,219165.62,Delivered,3
EXP-30424,2025-11-26,2025,Nov,CAR,Kalinga,Agricultural Machinery,Four-Wheel Tractors,Direct DA Grant,1,1415826.68,1415826.68,1415826.68,1129015.39,286811.29,Completed,5
EXP-30425,2025-09-25,2025,Sep,CAR,Kalinga,Fertilizers & Soil Health,Soil Conditioner Granules,LGU Co-op Procurement,3,1030.63,3091.89,3091.89,2134.49,957.4,Completed,3
EXP-30426,2025-03-30,2025,Mar,CAR,Ifugao,Agricultural Machinery,Solar Irrigation Systems,LGU Co-op Procurement,1,387744.37,387744.37,368357.15,280116.52,88240.63,Completed,5
EXP-30427,2025-07-11,2025,Jul,CAR,Abra,High-Value Crops & Seeds,High-Yield Corn Seeds,Direct DA Grant,1,2610.65,2610.65,2610.65,2016.32,594.33,Completed,4
EXP-30428,2025-09-27,2025,Sep,CAR,Benguet,Agricultural Machinery,Solar Irrigation Systems,Farmer Association,1,381836.75,381836.75,381836.75,269942.62,111894.13,Completed,5
EXP-30429,2025-09-30,2025,Sep,CAR,Apayao,Fertilizers & Soil Health,Organic Fertilizer (50kg),Direct DA Grant,3,792.09,2376.27,2376.27,1902.44,473.83,Completed,5
EXP-30430,2025-06-01,2025,Jun,CAR,Benguet,Agricultural Machinery,Combine Harvesters,Direct DA Grant,1,1506047.17,1506047.17,1506047.17,905331.22,600715.95,Delivered,5
EXP-30431,2025-11-24,2025,Nov,CAR,Mountain Province,Post-Harvest Facilities,Rice Mill Processing Line,Commercial Agri-Dealer,5,1147273.57,5736367.85,5736367.85,4331582.99,1404784.86,Delivered,5
EXP-30432,2026-06-03,2026,Jun,CAR,Apayao,High-Value Crops & Seeds,Vegetable Seed Packs,LGU Co-op Procurement,1,369.74,369.74,369.74,288.59,81.15,Completed,4
EXP-30433,2026-01-18,2026,Jan,CAR,Ifugao,Fertilizers & Soil Health,Soil Conditioner Granules,Farmer Association,5,1080.1,5400.5,5130.47,3197.25,1933.22,Delivered,5
EXP-30434,2025-01-24,2025,Jan,CAR,Apayao,Agricultural Machinery,Rice Transplanters,Farmer Association,5,231555.61,1157778.05,1157778.05,939550.38,218227.67,Delivered,4
EXP-30435,2025-12-27,2025,Dec,CAR,Mountain Province,Agricultural Machinery,Power Tillers,LGU Co-op Procurement,1,71140.33,71140.33,71140.33,57955.99,13184.34,Completed,5
EXP-30436,2026-05-17,2026,May,CAR,Mountain Province,Fertilizers & Soil Health,Bio-Inoculant Strains,Direct DA Grant,2,527.48,1054.96,1054.96,861.06,193.9,Delivered,4
EXP-30437,2025-04-03,2025,Apr,Region III,Abra,Fertilizers & Soil Health,Organic Fertilizer (50kg),LGU Co-op Procurement,1,753.28,753.28,715.62,531.51,184.11,Completed,3
EXP-30438,2026-04-27,2026,Apr,CAR,Abra,High-Value Crops & Seeds,Certified Hybrid Rice Seeds,Direct DA Grant,2,3192.75,6385.5,5746.95,3884.38,1862.57,Completed,5
EXP-30439,2025-09-22,2025,Sep,CAR,Mountain Province,Fertilizers & Soil Health,Inorganic NPK Blend,Commercial Agri-Dealer,3,2028.27,6084.81,6084.81,3812.01,2272.8,Under Review,5
EXP-30440,2025-08-04,2025,Aug,CAR,Abra,Fertilizers & Soil Health,Organic Fertilizer (50kg),Farmer Association,1,556.97,556.97,529.12,401.14,127.98,Pending Approval,5
EXP-30441,2026-04-17,2026,Apr,CAR,Kalinga,Agricultural Machinery,Power Tillers,Commercial Agri-Dealer,2,66493.14,132986.28,126336.97,94883.24,31453.73,Delivered,4
EXP-30442,2025-03-12,2025,Mar,CAR,Abra,Fertilizers & Soil Health,Inorganic NPK Blend,Commercial Agri-Dealer,1,1718.67,1718.67,1632.74,1298.08,334.66,Completed,5
EXP-30443,2026-06-05,2026,Jun,CAR,Benguet,Agricultural Machinery,Solar Irrigation Systems,LGU Co-op Procurement,1,583914.79,583914.79,583914.79,466495.23,117419.56,Completed,5
EXP-30444,2026-03-07,2026,Mar,CAR,Ifugao,Agricultural Machinery,Four-Wheel Tractors,Commercial Agri-Dealer,2,1003952.75,2007905.5,2007905.5,1591664.85,416240.65,Completed,5
EXP-30445,2026-06-27,2026,Jun,CAR,Mountain Province,Fertilizers & Soil Health,Inorganic NPK Blend,Commercial Agri-Dealer,1,1427.42,1427.42,1427.42,908.04,519.38,Delivered,5
EXP-30446,2026-04-27,2026,Apr,CAR,Abra,Post-Harvest Facilities,Multi-Crop Dryer Unit,Direct DA Grant,5,471369.8,2356849.0,2356849.0,1503228.54,853620.46,Completed,5
EXP-30447,2025-02-23,2025,Feb,CAR,Ifugao,Agricultural Machinery,Solar Irrigation Systems,Farmer Association,10,519304.9,5193049.0,4673744.1,3647004.18,1026739.92,Completed,5
EXP-30448,2026-03-28,2026,Mar,CAR,Kalinga,High-Value Crops & Seeds,Fruit Tree Saplings Batch,LGU Co-op Procurement,3,1071.8,3215.4,3215.4,2148.75,1066.65,Delivered,4
EXP-30449,2026-03-14,2026,Mar,CAR,Apayao,Agricultural Machinery,Rice Transplanters,Commercial Agri-Dealer,1,167489.3,167489.3,167489.3,101960.54,65528.76,Under Review,5
EXP-30450,2026-07-02,2026,Jul,CAR,Mountain Province,Agricultural Machinery,Combine Harvesters,LGU Co-op Procurement,1,2147779.7,2147779.7,2040390.72,1273020.5,767370.22,Completed,4
EXP-30451,2026-02-17,2026,Feb,CAR,Benguet,Agricultural Machinery,Four-Wheel Tractors,Direct DA Grant,3,1171776.65,3515329.95,3339563.45,2515504.49,824058.96,Completed,4
EXP-30452,2025-04-13,2025,Apr,CAR,Apayao,High-Value Crops & Seeds,High-Yield Corn Seeds,Commercial Agri-Dealer,5,2992.93,14964.65,14964.65,9414.25,5550.4,Completed,4
EXP-30453,2025-02-25,2025,Feb,CAR,Apayao,Fertilizers & Soil Health,Soil Conditioner Granules,Commercial Agri-Dealer,5,753.75,3768.75,3768.75,2650.14,1118.61,Completed,3
EXP-30454,2025-09-28,2025,Sep,CAR,Kalinga,Agricultural Machinery,Solar Irrigation Systems,Direct DA Grant,3,258872.01,776616.03,776616.03,475493.25,301122.78,Completed,5
EXP-30455,2026-02-28,2026,Feb,CAR,Mountain Province,Agricultural Machinery,Four-Wheel Tractors,Farmer Association,10,862831.65,8628316.5,8628316.5,6095467.7,2532848.8,Under Review,5
EXP-30456,2026-01-03,2026,Jan,CAR,Kalinga,Fertilizers & Soil Health,Inorganic NPK Blend,LGU Co-op Procurement,2,1915.72,3831.44,3448.3,2489.25,959.05,Completed,3
EXP-30457,2025-03-23,2025,Mar,CAR,Benguet,Agricultural Machinery,Four-Wheel Tractors,Commercial Agri-Dealer,1,880434.44,880434.44,880434.44,641209.94,239224.5,Completed,5
EXP-30458,2025-09-04,2025,Sep,CAR,Kalinga,High-Value Crops & Seeds,Fruit Tree Saplings Batch,Direct DA Grant,3,1628.55,4885.65,4885.65,3602.35,1283.3,Under Review,4
EXP-30459,2025-06-26,2025,Jun,CAR,Kalinga,Fertilizers & Soil Health,Bio-Inoculant Strains,LGU Co-op Procurement,5,495.16,2475.8,2475.8,1917.92,557.88,Delivered,4
EXP-30460,2025-07-08,2025,Jul,CAR,Kalinga,High-Value Crops & Seeds,Certified Hybrid Rice Seeds,LGU Co-op Procurement,2,1587.15,3174.3,3015.59,2108.13,907.46,Delivered,5
EXP-30461,2025-08-21,2025,Aug,CAR,Benguet,Agricultural Machinery,Rice Transplanters,Direct DA Grant,1,190812.88,190812.88,181272.24,128009.43,53262.81,Completed,4
EXP-30462,2025-10-13,2025,Oct,CAR,Apayao,Agricultural Machinery,Rice Transplanters,Farmer Association,3,255009.87,765029.61,765029.61,534204.74,230824.87,Completed,5
EXP-30463,2026-04-02,2026,Apr,CAR,Benguet,Fertilizers & Soil Health,Organic Fertilizer (50kg),Commercial Agri-Dealer,5,698.49,3492.45,3492.45,2213.14,1279.31,Delivered,4
EXP-30464,2025-03-19,2025,Mar,CAR,Apayao,Fertilizers & Soil Health,Inorganic NPK Blend,Commercial Agri-Dealer,2,2130.4,4260.8,4260.8,2723.72,1537.08,Delivered,5
EXP-30465,2025-03-12,2025,Mar,CAR,Benguet,Fertilizers & Soil Health,Bio-Inoculant Strains,Commercial Agri-Dealer,5,453.0,2265.0,2265.0,1746.08,518.92,Completed,5
EXP-30466,2026-06-19,2026,Jun,CAR,Kalinga,High-Value Crops & Seeds,Certified Hybrid Rice Seeds,LGU Co-op Procurement,1,2580.05,2580.05,2580.05,1571.58,1008.47,In Transit,4
EXP-30467,2026-07-01,2026,Jul,CAR,Abra,Fertilizers & Soil Health,Bio-Inoculant Strains,Direct DA Grant,10,623.66,6236.6,6236.6,4097.19,2139.41,Completed,5
EXP-30468,2026-05-31,2026,May,Region I,Apayao,Agricultural Machinery,Rice Transplanters,LGU Co-op Procurement,2,225947.48,451894.96,384110.72,291954.43,92156.29,Completed,5
EXP-30469,2025-09-24,2025,Sep,CAR,Ifugao,High-Value Crops & Seeds,Vegetable Seed Packs,Farmer Association,2,386.85,773.7,773.7,487.43,286.27,Completed,4
EXP-30470,2026-04-05,2026,Apr,CAR,Ifugao,Fertilizers & Soil Health,Soil Conditioner Granules,Commercial Agri-Dealer,1,806.4,806.4,806.4,545.4,261.0,Completed,4
EXP-30471,2025-10-21,2025,Oct,CAR,Benguet,Agricultural Machinery,Solar Irrigation Systems,Farmer Association,5,360599.0,1802995.0,1802995.0,1101495.67,701499.33,Completed,4
EXP-30472,2025-09-05,2025,Sep,CAR,Abra,Agricultural Machinery,Four-Wheel Tractors,Farmer Association,2,965626.85,1931253.7,1931253.7,1190573.65,740680.05,Completed,5
EXP-30473,2025-04-20,2025,Apr,CAR,Ifugao,High-Value Crops & Seeds,High-Yield Corn Seeds,Commercial Agri-Dealer,2,1923.89,3847.78,3847.78,2339.53,1508.25,Completed,5
EXP-30474,2025-08-20,2025,Aug,CAR,Apayao,Post-Harvest Facilities,Cold Storage Module,LGU Co-op Procurement,2,1672335.08,3344670.16,3344670.16,2337246.39,1007423.77,Completed,5
EXP-30475,2026-06-26,2026,Jun,CAR,Abra,Fertilizers & Soil Health,Inorganic NPK Blend,Farmer Association,50,1544.67,77233.5,69510.15,50340.69,19169.46,Completed,4
EXP-30476,2025-07-29,2025,Jul,Region III,Apayao,Fertilizers & Soil Health,Bio-Inoculant Strains,LGU Co-op Procurement,1,390.66,390.66,390.66,242.62,148.04,Under Review,4
EXP-30477,2026-02-18,2026,Feb,CAR,Ifugao,Agricultural Machinery,Combine Harvesters,Farmer Association,5,1543275.49,7716377.45,7716377.45,5503654.38,2212723.07,Pending Approval,5
EXP-30478,2025-09-15,2025,Sep,CAR,Abra,Agricultural Machinery,Rice Transplanters,Direct DA Grant,1,320190.38,320190.38,320190.38,244676.53,75513.85,Completed,5
EXP-30479,2025-06-18,2025,Jun,CAR,Benguet,Agricultural Machinery,Rice Transplanters,Farmer Association,2,318994.17,637988.34,606088.92,417305.6,188783.32,Completed,5
EXP-30480,2025-01-11,2025,Jan,CAR,Benguet,High-Value Crops & Seeds,Certified Hybrid Rice Seeds,Direct DA Grant,1,1568.57,1568.57,1568.57,992.2,576.37,Completed,5
EXP-30481,2025-07-08,2025,Jul,CAR,Kalinga,Post-Harvest Facilities,Rice Mill Processing Line,Direct DA Grant,1,1387145.14,1387145.14,1387145.14,968340.53,418804.61,Completed,5
EXP-30482,2025-10-11,2025,Oct,CAR,Apayao,High-Value Crops & Seeds,Certified Hybrid Rice Seeds,LGU Co-op Procurement,1,3160.84,3160.84,3160.84,2235.93,924.91,Completed,4
EXP-30483,2025-03-12,2025,Mar,CAR,Kalinga,High-Value Crops & Seeds,Fruit Tree Saplings Batch,LGU Co-op Procurement,50,2370.23,118511.5,118511.5,77249.28,41262.22,Completed,5
EXP-30484,2025-01-04,2025,Jan,CAR,Benguet,Post-Harvest Facilities,Rice Mill Processing Line,Direct DA Grant,20,1531792.35,30635847.0,30635847.0,23785819.8,6850027.2,Completed,3
EXP-30485,2025-03-04,2025,Mar,CAR,Ifugao,High-Value Crops & Seeds,High-Yield Corn Seeds,Farmer Association,1,3312.38,3312.38,3146.76,2195.83,950.93,Completed,5
EXP-30486,2026-05-28,2026,May,CAR,Mountain Province,Agricultural Machinery,Rice Transplanters,Direct DA Grant,20,173647.68,3472953.6,3125658.24,2272314.58,853343.66,Completed,4
EXP-30487,2025-05-12,2025,May,Region II,Mountain Province,High-Value Crops & Seeds,Certified Hybrid Rice Seeds,Commercial Agri-Dealer,1,2495.0,2495.0,2245.5,1412.04,833.46,Pending Approval,5
EXP-30488,2026-01-15,2026,Jan,CAR,Ifugao,Fertilizers & Soil Health,Organic Fertilizer (50kg),Commercial Agri-Dealer,5,759.01,3795.05,3795.05,2673.7,1121.35,Delivered,5
EXP-30489,2026-05-18,2026,May,CAR,Mountain Province,Fertilizers & Soil Health,Soil Conditioner Granules,Commercial Agri-Dealer,2,884.8,1769.6,1592.64,1027.06,565.58,In Transit,5
EXP-30490,2025-05-25,2025,May,CAR,Ifugao,Fertilizers & Soil Health,Organic Fertilizer (50kg),Direct DA Grant,2,692.87,1385.74,1385.74,987.9,397.84,Completed,5
EXP-30491,2025-04-27,2025,Apr,CAR,Kalinga,Fertilizers & Soil Health,Inorganic NPK Blend,LGU Co-op Procurement,1,2002.6,2002.6,2002.6,1346.61,655.99,Delivered,1
EXP-30492,2026-02-09,2026,Feb,CAR,Abra,Agricultural Machinery,Solar Irrigation Systems,Direct DA Grant,2,586495.09,1172990.18,1114340.67,688023.9,426316.77,Completed,5
EXP-30493,2025-10-23,2025,Oct,CAR,Mountain Province,Fertilizers & Soil Health,Bio-Inoculant Strains,Direct DA Grant,2,430.61,861.22,861.22,632.21,229.01,Pending Approval,5
EXP-30494,2025-04-05,2025,Apr,CAR,Mountain Province,Post-Harvest Facilities,Multi-Crop Dryer Unit,Farmer Association,2,842594.94,1685189.88,1516670.89,929100.56,587570.33,Completed,3
EXP-30495,2026-06-01,2026,Jun,CAR,Kalinga,Agricultural Machinery,Rice Transplanters,Commercial Agri-Dealer,20,214865.78,4297315.6,4082449.82,3086251.77,996198.05,Completed,5
EXP-30496,2025-08-25,2025,Aug,CAR,Mountain Province,Fertilizers & Soil Health,Bio-Inoculant Strains,Direct DA Grant,1,333.45,333.45,300.11,211.24,88.87,Completed,4
EXP-30497,2026-05-24,2026,May,Region II,Abra,High-Value Crops & Seeds,Vegetable Seed Packs,LGU Co-op Procurement,2,623.84,1247.68,1185.3,956.92,228.38,Completed,4
EXP-30498,2026-06-13,2026,Jun,CAR,Kalinga,Agricultural Machinery,Rice Transplanters,Direct DA Grant,2,207502.24,415004.48,415004.48,286038.5,128965.98,Completed,4
EXP-30499,2025-10-12,2025,Oct,CAR,Apayao,Agricultural Machinery,Combine Harvesters,Farmer Association,1,1303756.34,1303756.34,1303756.34,973854.77,329901.57,In Transit,5
EXP-30500,2025-12-01,2025,Dec,CAR,Benguet,Agricultural Machinery,Four-Wheel Tractors,Farmer Association,2,1347245.88,2694491.76,2559767.17,1860509.32,699257.85,Completed,5
EXP-30501,2026-06-06,2026,Jun,CAR,Benguet,Agricultural Machinery,Combine Harvesters,Commercial Agri-Dealer,1,1385408.85,1385408.85,1385408.85,1088731.12,296677.73,Completed,4
EXP-30502,2026-03-04,2026,Mar,CAR,Abra,Fertilizers & Soil Health,Bio-Inoculant Strains,LGU Co-op Procurement,1,623.11,623.11,623.11,436.64,186.47,Completed,4
EXP-30503,2026-01-24,2026,Jan,CAR,Benguet,Fertilizers & Soil Health,Inorganic NPK Blend,Commercial Agri-Dealer,20,2085.11,41702.2,41702.2,27966.3,13735.9,Completed,4
EXP-30504,2025-11-07,2025,Nov,Region III,Apayao,Agricultural Machinery,Four-Wheel Tractors,Farmer Association,1,1047431.23,1047431.23,1047431.23,702366.94,345064.29,Completed,4
EXP-30505,2026-04-08,2026,Apr,Region II,Benguet,Fertilizers & Soil Health,Inorganic NPK Blend,LGU Co-op Procurement,2,1964.96,3929.92,3929.92,3092.8,837.12,Completed,4
EXP-30506,2025-11-10,2025,Nov,CAR,Benguet,Agricultural Machinery,Rice Transplanters,LGU Co-op Procurement,1,318324.4,318324.4,302408.18,212070.51,90337.67,Under Review,5
EXP-30507,2025-11-28,2025,Nov,CAR,Abra,Fertilizers & Soil Health,Organic Fertilizer (50kg),Commercial Agri-Dealer,2,679.11,1358.22,1358.22,901.51,456.71,Completed,4
EXP-30508,2025-10-04,2025,Oct,CAR,Mountain Province,Fertilizers & Soil Health,Soil Conditioner Granules,Farmer Association,2,1110.11,2220.22,2220.22,1480.27,739.95,Completed,4
EXP-30509,2025-11-20,2025,Nov,CAR,Abra,High-Value Crops & Seeds,Certified Hybrid Rice Seeds,Direct DA Grant,3,2111.45,6334.35,6334.35,3885.49,2448.86,Completed,5
EXP-30510,2025-06-20,2025,Jun,CAR,Kalinga,Post-Harvest Facilities,Cold Storage Module,Commercial Agri-Dealer,5,1747370.34,8736851.7,8736851.7,6099998.21,2636853.49,Completed,5
EXP-30511,2026-05-08,2026,May,CAR,Benguet,High-Value Crops & Seeds,Fruit Tree Saplings Batch,Direct DA Grant,1,1578.54,1578.54,1578.54,1144.83,433.71,Completed,4
EXP-30512,2025-04-27,2025,Apr,CAR,Kalinga,Fertilizers & Soil Health,Inorganic NPK Blend,Direct DA Grant,2,1885.91,3771.82,3771.82,2635.89,1135.93,Completed,4
EXP-30513,2026-04-09,2026,Apr,CAR,Mountain Province,Fertilizers & Soil Health,Bio-Inoculant Strains,LGU Co-op Procurement,2,434.08,868.16,868.16,578.98,289.18,In Transit,4
EXP-30514,2025-12-01,2025,Dec,Region I,Kalinga,High-Value Crops & Seeds,Certified Hybrid Rice Seeds,LGU Co-op Procurement,3,2349.23,7047.69,7047.69,5479.51,1568.18,Completed,5
EXP-30515,2026-04-24,2026,Apr,Region III,Mountain Province,Agricultural Machinery,Rice Transplanters,LGU Co-op Procurement,50,236402.11,11820105.5,11820105.5,7360470.27,4459635.23,Completed,5
EXP-30516,2026-01-10,2026,Jan,CAR,Benguet,Fertilizers & Soil Health,Bio-Inoculant Strains,Commercial Agri-Dealer,2,672.68,1345.36,1345.36,840.48,504.88,Completed,5
EXP-30517,2026-07-04,2026,Jul,CAR,Abra,Fertilizers & Soil Health,Soil Conditioner Granules,LGU Co-op Procurement,5,927.26,4636.3,4404.48,2751.7,1652.78,Delivered,5
EXP-30518,2025-01-03,2025,Jan,CAR,Kalinga,High-Value Crops & Seeds,Certified Hybrid Rice Seeds,LGU Co-op Procurement,1,3082.14,3082.14,2928.03,2224.05,703.98,Pending Approval,5
EXP-30519,2025-04-21,2025,Apr,CAR,Benguet,High-Value Crops & Seeds,Certified Hybrid Rice Seeds,Commercial Agri-Dealer,2,2374.19,4748.38,4748.38,3651.19,1097.19,Completed,5
EXP-30520,2025-05-06,2025,May,CAR,Apayao,High-Value Crops & Seeds,Fruit Tree Saplings Batch,Farmer Association,5,2202.56,11012.8,11012.8,8507.83,2504.97,Completed,5
EXP-30521,2026-01-22,2026,Jan,CAR,Apayao,Fertilizers & Soil Health,Inorganic NPK Blend,LGU Co-op Procurement,3,1998.58,5995.74,5695.95,3802.19,1893.76,Delivered,5
EXP-30522,2026-02-25,2026,Feb,CAR,Mountain Province,Agricultural Machinery,Power Tillers,LGU Co-op Procurement,2,95923.02,191846.04,191846.04,143418.02,48428.02,Completed,4
EXP-30523,2026-04-01,2026,Apr,CAR,Kalinga,Agricultural Machinery,Power Tillers,Farmer Association,1,113732.82,113732.82,113732.82,84029.32,29703.5,Completed,4
EXP-30524,2026-05-13,2026,May,CAR,Ifugao,Fertilizers & Soil Health,Soil Conditioner Granules,LGU Co-op Procurement,3,907.77,2723.31,2587.14,1966.33,620.81,Completed,3
EXP-30525,2026-03-01,2026,Mar,CAR,Abra,High-Value Crops & Seeds,Fruit Tree Saplings Batch,Commercial Agri-Dealer,1,1693.26,1693.26,1693.26,1387.85,305.41,Pending Approval,2
EXP-30526,2026-06-25,2026,Jun,CAR,Apayao,High-Value Crops & Seeds,Vegetable Seed Packs,Commercial Agri-Dealer,3,711.12,2133.36,2026.69,1614.23,412.46,Delivered,5
EXP-30527,2025-03-14,2025,Mar,CAR,Mountain Province,Post-Harvest Facilities,Multi-Crop Dryer Unit,LGU Co-op Procurement,2,488705.78,977411.56,977411.56,657099.66,320311.9,Delivered,5
EXP-30528,2025-03-23,2025,Mar,CAR,Abra,High-Value Crops & Seeds,Fruit Tree Saplings Batch,Direct DA Grant,2,1943.81,3887.62,3304.48,2200.74,1103.74,Completed,2
EXP-30529,2025-04-15,2025,Apr,CAR,Apayao,Agricultural Machinery,Combine Harvesters,Farmer Association,2,1417728.9,2835457.8,2835457.8,2002928.85,832528.95,Completed,5
EXP-30530,2025-08-31,2025,Aug,CAR,Kalinga,Agricultural Machinery,Four-Wheel Tractors,LGU Co-op Procurement,5,1045544.34,5227721.7,5227721.7,4185100.92,1042620.78,Completed,1
EXP-30531,2025-10-24,2025,Oct,Region II,Abra,Fertilizers & Soil Health,Bio-Inoculant Strains,LGU Co-op Procurement,2,674.87,1349.74,1349.74,1070.78,278.96,Under Review,5
EXP-30532,2025-10-03,2025,Oct,CAR,Mountain Province,Fertilizers & Soil Health,Soil Conditioner Granules,Commercial Agri-Dealer,2,633.16,1266.32,1266.32,779.58,486.74,Completed,5
EXP-30533,2025-11-21,2025,Nov,CAR,Ifugao,Agricultural Machinery,Combine Harvesters,LGU Co-op Procurement,5,1933642.84,9668214.2,9668214.2,5985516.48,3682697.72,Completed,5
EXP-30534,2025-03-07,2025,Mar,CAR,Abra,High-Value Crops & Seeds,Fruit Tree Saplings Batch,Commercial Agri-Dealer,1,892.98,892.98,892.98,569.62,323.36,Completed,5
EXP-30535,2026-07-15,2026,Jul,CAR,Apayao,Agricultural Machinery,Solar Irrigation Systems,Farmer Association,2,252394.26,504788.52,479549.09,311601.89,167947.2,Completed,5
EXP-30536,2025-05-03,2025,May,CAR,Kalinga,Post-Harvest Facilities,Rice Mill Processing Line,LGU Co-op Procurement,2,1275929.15,2551858.3,2551858.3,1575074.23,976784.07,Completed,3
EXP-30537,2025-03-10,2025,Mar,CAR,Kalinga,Post-Harvest Facilities,Multi-Crop Dryer Unit,LGU Co-op Procurement,2,762056.71,1524113.42,1371702.08,904932.15,466769.93,Completed,5
EXP-30538,2025-06-06,2025,Jun,CAR,Mountain Province,High-Value Crops & Seeds,Fruit Tree Saplings Batch,LGU Co-op Procurement,1,1865.48,1865.48,1772.21,1154.96,617.25,Completed,5
EXP-30539,2026-03-05,2026,Mar,CAR,Ifugao,Fertilizers & Soil Health,Inorganic NPK Blend,Direct DA Grant,5,1396.59,6982.95,5935.51,3837.4,2098.11,Pending Approval,3
EXP-30540,2025-04-08,2025,Apr,Region III,Benguet,High-Value Crops & Seeds,High-Yield Corn Seeds,Direct DA Grant,1,3776.98,3776.98,3776.98,2876.39,900.59,In Transit,5
EXP-30541,2026-01-21,2026,Jan,Region I,Abra,Post-Harvest Facilities,Cold Storage Module,Direct DA Grant,3,2126211.22,6378633.66,5740770.29,3618416.14,2122354.15,Delivered,4
EXP-30542,2025-02-16,2025,Feb,CAR,Benguet,Post-Harvest Facilities,Cold Storage Module,LGU Co-op Procurement,2,1750610.66,3501221.32,3501221.32,2571475.97,929745.35,Delivered,5
EXP-30543,2026-03-30,2026,Mar,CAR,Benguet,Fertilizers & Soil Health,Bio-Inoculant Strains,Direct DA Grant,2,748.3,1496.6,1421.77,988.21,433.56,In Transit,5
EXP-30544,2026-03-26,2026,Mar,CAR,Mountain Province,Agricultural Machinery,Rice Transplanters,LGU Co-op Procurement,1,233476.59,233476.59,233476.59,140942.29,92534.3,Completed,4
EXP-30545,2026-06-26,2026,Jun,CAR,Benguet,Fertilizers & Soil Health,Organic Fertilizer (50kg),Farmer Association,1,831.59,831.59,790.01,589.47,200.54,Delivered,3
EXP-30546,2025-01-26,2025,Jan,CAR,Benguet,Fertilizers & Soil Health,Bio-Inoculant Strains,Direct DA Grant,1,533.11,533.11,533.11,404.08,129.03,Completed,4
EXP-30547,2026-06-22,2026,Jun,Region II,Kalinga,Agricultural Machinery,Power Tillers,Commercial Agri-Dealer,1,95214.43,95214.43,95214.43,69647.37,25567.06,Completed,4
EXP-30548,2025-04-27,2025,Apr,CAR,Apayao,High-Value Crops & Seeds,Fruit Tree Saplings Batch,LGU Co-op Procurement,2,1993.54,3987.08,3987.08,2506.87,1480.21,Under Review,5
EXP-30549,2026-03-01,2026,Mar,CAR,Mountain Province,Fertilizers & Soil Health,Inorganic NPK Blend,Commercial Agri-Dealer,1,1189.85,1189.85,1189.85,931.63,258.22,Under Review,4
EXP-30550,2026-07-17,2026,Jul,CAR,Abra,Agricultural Machinery,Rice Transplanters,LGU Co-op Procurement,2,335987.12,671974.24,671974.24,447889.02,224085.22,In Transit,3
EXP-30551,2025-07-05,2025,Jul,CAR,Abra,Fertilizers & Soil Health,Inorganic NPK Blend,LGU Co-op Procurement,1,1520.26,1520.26,1368.23,928.93,439.3,Pending Approval,5
EXP-30552,2025-05-13,2025,May,CAR,Apayao,Post-Harvest Facilities,Multi-Crop Dryer Unit,LGU Co-op Procurement,3,808780.69,2426342.07,2305024.97,1694631.03,610393.94,Completed,5
EXP-30553,2025-01-24,2025,Jan,CAR,Ifugao,Fertilizers & Soil Health,Soil Conditioner Granules,Direct DA Grant,5,1197.2,5986.0,5686.7,4206.78,1479.92,Completed,3
EXP-30554,2025-07-11,2025,Jul,CAR,Apayao,High-Value Crops & Seeds,Vegetable Seed Packs,LGU Co-op Procurement,1,436.18,436.18,414.37,323.87,90.5,Delivered,4
EXP-30555,2026-03-13,2026,Mar,CAR,Benguet,High-Value Crops & Seeds,High-Yield Corn Seeds,LGU Co-op Procurement,2,3598.05,7196.1,7196.1,4500.92,2695.18,Completed,5
EXP-30556,2026-06-24,2026,Jun,CAR,Apayao,Post-Harvest Facilities,Hermetic Storage Cocoons,LGU Co-op Procurement,1,35675.44,35675.44,35675.44,27791.75,7883.69,Pending Approval,5
EXP-30557,2025-03-26,2025,Mar,Region III,Mountain Province,Post-Harvest Facilities,Hermetic Storage Cocoons,Farmer Association,1,32023.3,32023.3,27219.81,17969.95,9249.86,Completed,5
EXP-30558,2025-05-10,2025,May,CAR,Kalinga,High-Value Crops & Seeds,Vegetable Seed Packs,Farmer Association,3,762.75,2288.25,2173.84,1310.66,863.18,Completed,5
EXP-30559,2026-06-21,2026,Jun,CAR,Kalinga,Fertilizers & Soil Health,Soil Conditioner Granules,Farmer Association,1,647.13,647.13,614.77,441.43,173.34,Delivered,5
EXP-30560,2025-10-18,2025,Oct,CAR,Ifugao,Fertilizers & Soil Health,Organic Fertilizer (50kg),Commercial Agri-Dealer,1,663.22,663.22,663.22,415.36,247.86,Completed,4
EXP-30561,2025-06-10,2025,Jun,CAR,Apayao,Agricultural Machinery,Rice Transplanters,LGU Co-op Procurement,5,283853.16,1419265.8,1419265.8,944261.73,475004.07,Under Review,4
EXP-30562,2025-06-21,2025,Jun,CAR,Ifugao,Agricultural Machinery,Rice Transplanters,LGU Co-op Procurement,2,153184.05,306368.1,260412.88,207973.79,52439.09,Completed,4
EXP-30563,2025-11-01,2025,Nov,CAR,Apayao,Fertilizers & Soil Health,Soil Conditioner Granules,Direct DA Grant,1,915.5,915.5,915.5,581.7,333.8,Completed,5
EXP-30564,2025-06-02,2025,Jun,CAR,Kalinga,Agricultural Machinery,Four-Wheel Tractors,Direct DA Grant,1,1053041.0,1053041.0,1053041.0,767211.03,285829.97,In Transit,5
EXP-30565,2026-05-03,2026,May,CAR,Kalinga,Fertilizers & Soil Health,Organic Fertilizer (50kg),Direct DA Grant,3,820.54,2461.62,2215.46,1772.01,443.45,Completed,5
EXP-30566,2026-06-07,2026,Jun,CAR,Benguet,Fertilizers & Soil Health,Inorganic NPK Blend,Farmer Association,2,1287.59,2575.18,2575.18,1935.78,639.4,Completed,5
EXP-30567,2025-01-21,2025,Jan,CAR,Abra,Post-Harvest Facilities,Rice Mill Processing Line,Farmer Association,1,1114206.56,1114206.56,1114206.56,736166.01,378040.55,Delivered,5
EXP-30568,2025-04-13,2025,Apr,CAR,Abra,Fertilizers & Soil Health,Organic Fertilizer (50kg),LGU Co-op Procurement,10,825.39,8253.9,8253.9,5792.37,2461.53,Completed,4
EXP-30569,2026-06-27,2026,Jun,CAR,Apayao,Fertilizers & Soil Health,Bio-Inoculant Strains,Direct DA Grant,1,426.81,426.81,426.81,278.09,148.72,Completed,4
EXP-30570,2025-07-06,2025,Jul,CAR,Ifugao,Post-Harvest Facilities,Cold Storage Module,LGU Co-op Procurement,10,1429004.8,14290048.0,14290048.0,9999975.79,4290072.21,Completed,5
EXP-30571,2025-08-23,2025,Aug,CAR,Benguet,Post-Harvest Facilities,Hermetic Storage Cocoons,Commercial Agri-Dealer,2,40958.84,81917.68,77821.8,48664.64,29157.16,In Transit,5
EXP-30572,2025-12-30,2025,Dec,CAR,Benguet,Agricultural Machinery,Solar Irrigation Systems,LGU Co-op Procurement,10,393674.55,3936745.5,3739908.22,2903671.09,836237.13,Completed,3
EXP-30573,2025-08-17,2025,Aug,CAR,Ifugao,High-Value Crops & Seeds,High-Yield Corn Seeds,Direct DA Grant,2,2824.52,5649.04,5366.59,4337.07,1029.52,Delivered,5
EXP-30574,2025-03-16,2025,Mar,CAR,Ifugao,Agricultural Machinery,Power Tillers,LGU Co-op Procurement,50,119650.27,5982513.5,5683387.83,4027053.11,1656334.72,Delivered,3
EXP-30575,2026-06-05,2026,Jun,CAR,Abra,Agricultural Machinery,Combine Harvesters,LGU Co-op Procurement,1,1255926.35,1255926.35,1255926.35,926478.11,329448.24,In Transit,5
EXP-30576,2026-01-31,2026,Jan,CAR,Mountain Province,Agricultural Machinery,Power Tillers,Farmer Association,3,86532.63,259597.89,259597.89,184263.6,75334.29,Completed,5
EXP-30577,2025-11-22,2025,Nov,CAR,Benguet,Agricultural Machinery,Combine Harvesters,Farmer Association,3,1345628.65,4036885.95,3835041.65,2961434.69,873606.96,Completed,4
EXP-30578,2025-11-09,2025,Nov,CAR,Benguet,Post-Harvest Facilities,Rice Mill Processing Line,LGU Co-op Procurement,2,1518116.05,3036232.1,2732608.89,2030481.75,702127.14,Completed,5
EXP-30579,2026-04-11,2026,Apr,Region I,Kalinga,High-Value Crops & Seeds,Fruit Tree Saplings Batch,LGU Co-op Procurement,1,1644.08,1644.08,1644.08,1113.3,530.78,Completed,4
EXP-30580,2025-10-09,2025,Oct,CAR,Mountain Province,Agricultural Machinery,Rice Transplanters,LGU Co-op Procurement,2,222321.46,444642.92,422410.77,288693.41,133717.36,Pending Approval,4
EXP-30581,2025-04-22,2025,Apr,CAR,Ifugao,Fertilizers & Soil Health,Inorganic NPK Blend,Farmer Association,2,2102.48,4204.96,4204.96,2873.31,1331.65,Delivered,3
EXP-30582,2026-03-31,2026,Mar,CAR,Kalinga,Agricultural Machinery,Rice Transplanters,Farmer Association,2,295842.19,591684.38,591684.38,377035.88,214648.5,Completed,4
EXP-30583,2025-02-08,2025,Feb,CAR,Kalinga,Agricultural Machinery,Combine Harvesters,LGU Co-op Procurement,2,1218081.09,2436162.18,2436162.18,1793766.12,642396.06,Completed,5
EXP-30584,2025-01-22,2025,Jan,CAR,Benguet,Agricultural Machinery,Four-Wheel Tractors,Direct DA Grant,10,1123427.54,11234275.4,11234275.4,8874880.93,2359394.47,Under Review,4
EXP-30585,2026-01-02,2026,Jan,CAR,Abra,Agricultural Machinery,Four-Wheel Tractors,Farmer Association,20,1384878.16,27697563.2,26312685.04,19387872.61,6924812.43,Completed,4
EXP-30586,2026-04-25,2026,Apr,CAR,Abra,High-Value Crops & Seeds,Vegetable Seed Packs,Farmer Association,2,461.17,922.34,922.34,574.2,348.14,Delivered,2
EXP-30587,2026-04-08,2026,Apr,CAR,Apayao,Fertilizers & Soil Health,Soil Conditioner Granules,Commercial Agri-Dealer,1,988.84,988.84,939.4,708.75,230.65,Delivered,5
EXP-30588,2026-07-15,2026,Jul,CAR,Abra,Agricultural Machinery,Power Tillers,LGU Co-op Procurement,1,90095.24,90095.24,90095.24,70088.32,20006.92,Delivered,5
EXP-30589,2025-01-09,2025,Jan,CAR,Benguet,Fertilizers & Soil Health,Organic Fertilizer (50kg),Direct DA Grant,2,725.59,1451.18,1378.62,836.06,542.56,Completed,5
EXP-30590,2026-01-27,2026,Jan,CAR,Abra,Agricultural Machinery,Four-Wheel Tractors,LGU Co-op Procurement,3,1020791.47,3062374.41,2756136.97,1797681.88,958455.09,Completed,5
EXP-30591,2025-12-26,2025,Dec,CAR,Mountain Province,Fertilizers & Soil Health,Inorganic NPK Blend,Farmer Association,1,1606.78,1606.78,1606.78,1192.15,414.63,In Transit,3
EXP-30592,2026-04-22,2026,Apr,CAR,Benguet,Post-Harvest Facilities,Multi-Crop Dryer Unit,LGU Co-op Procurement,50,584125.18,29206259.0,29206259.0,17588744.44,11617514.56,Completed,5
EXP-30593,2026-04-02,2026,Apr,CAR,Apayao,Fertilizers & Soil Health,Organic Fertilizer (50kg),Direct DA Grant,1,540.04,540.04,513.04,410.09,102.95,Completed,4
EXP-30594,2025-08-11,2025,Aug,CAR,Mountain Province,Fertilizers & Soil Health,Organic Fertilizer (50kg),Direct DA Grant,3,773.59,2320.77,2320.77,1870.11,450.66,Delivered,4
EXP-30595,2025-08-28,2025,Aug,CAR,Mountain Province,Agricultural Machinery,Power Tillers,LGU Co-op Procurement,3,73893.73,221681.19,210597.13,167688.59,42908.54,Delivered,5
EXP-30596,2026-01-17,2026,Jan,CAR,Mountain Province,High-Value Crops & Seeds,Fruit Tree Saplings Batch,Farmer Association,3,2075.27,6225.81,5291.94,3498.69,1793.25,Completed,3
EXP-30597,2025-09-11,2025,Sep,CAR,Mountain Province,Agricultural Machinery,Solar Irrigation Systems,Direct DA Grant,3,586076.33,1758228.99,1758228.99,1064063.01,694165.98,Delivered,5
EXP-30598,2026-03-20,2026,Mar,CAR,Apayao,Post-Harvest Facilities,Multi-Crop Dryer Unit,LGU Co-op Procurement,1,512807.81,512807.81,461527.03,355599.31,105927.72,Pending Approval,5
EXP-30599,2025-06-12,2025,Jun,CAR,Mountain Province,Fertilizers & Soil Health,Soil Conditioner Granules,LGU Co-op Procurement,1,805.25,805.25,724.73,557.1,167.63,Delivered,5
EXP-30600,2026-05-16,2026,May,CAR,Mountain Province,High-Value Crops & Seeds,Vegetable Seed Packs,Farmer Association,1,616.22,616.22,523.79,415.01,108.78,Completed,4
EXP-30601,2025-11-30,2025,Nov,CAR,Ifugao,Fertilizers & Soil Health,Inorganic NPK Blend,Commercial Agri-Dealer,2,2199.41,4398.82,4398.82,2918.16,1480.66,Completed,5
EXP-30602,2025-01-23,2025,Jan,CAR,Abra,Post-Harvest Facilities,Hermetic Storage Cocoons,Farmer Association,3,16874.39,50623.17,50623.17,38005.06,12618.11,In Transit,3
EXP-30603,2026-05-27,2026,May,CAR,Apayao,Agricultural Machinery,Solar Irrigation Systems,LGU Co-op Procurement,1,374813.12,374813.12,337331.81,256300.25,81031.56,Pending Approval,4
EXP-30604,2025-10-17,2025,Oct,CAR,Apayao,High-Value Crops & Seeds,Certified Hybrid Rice Seeds,Farmer Association,2,1699.01,3398.02,3398.02,2481.74,916.28,Completed,5
EXP-30605,2025-07-19,2025,Jul,CAR,Apayao,Agricultural Machinery,Solar Irrigation Systems,Commercial Agri-Dealer,2,384263.16,768526.32,730100.0,535042.4,195057.6,Completed,2
EXP-30606,2025-10-20,2025,Oct,CAR,Abra,Post-Harvest Facilities,Hermetic Storage Cocoons,Farmer Association,1,15775.17,15775.17,14986.41,9655.12,5331.29,Completed,5
EXP-30607,2026-03-23,2026,Mar,CAR,Abra,Agricultural Machinery,Solar Irrigation Systems,Commercial Agri-Dealer,5,570298.59,2851492.95,2708918.3,1656539.38,1052378.92,Completed,3
EXP-30608,2026-06-27,2026,Jun,CAR,Kalinga,High-Value Crops & Seeds,Vegetable Seed Packs,Direct DA Grant,3,545.4,1636.2,1554.39,1093.94,460.45,Under Review,4
EXP-30609,2026-06-15,2026,Jun,Region II,Apayao,Agricultural Machinery,Power Tillers,Commercial Agri-Dealer,1,128669.55,128669.55,128669.55,86432.91,42236.64,Delivered,3
EXP-30610,2025-12-25,2025,Dec,Region II,Abra,High-Value Crops & Seeds,Fruit Tree Saplings Batch,Direct DA Grant,5,1120.45,5602.25,4761.91,3138.54,1623.37,Completed,5
EXP-30611,2025-04-02,2025,Apr,CAR,Mountain Province,High-Value Crops & Seeds,Certified Hybrid Rice Seeds,Direct DA Grant,2,2387.11,4774.22,4774.22,3663.84,1110.38,Completed,4
EXP-30612,2026-05-24,2026,May,CAR,Abra,Agricultural Machinery,Power Tillers,Commercial Agri-Dealer,5,75194.62,375973.1,375973.1,279844.41,96128.69,Completed,5
EXP-30613,2025-08-16,2025,Aug,CAR,Benguet,High-Value Crops & Seeds,High-Yield Corn Seeds,Direct DA Grant,10,3213.61,32136.1,32136.1,21901.01,10235.09,Under Review,3
EXP-30614,2025-07-21,2025,Jul,CAR,Abra,High-Value Crops & Seeds,High-Yield Corn Seeds,Farmer Association,3,2479.39,7438.17,7438.17,4871.82,2566.35,Delivered,4
EXP-30615,2026-01-04,2026,Jan,CAR,Abra,High-Value Crops & Seeds,Fruit Tree Saplings Batch,Commercial Agri-Dealer,1,2345.41,2345.41,2228.14,1778.99,449.15,Completed,4
EXP-30616,2025-07-21,2025,Jul,CAR,Apayao,Agricultural Machinery,Solar Irrigation Systems,Direct DA Grant,10,437900.7,4379007.0,4379007.0,3465104.11,913902.89,Completed,5
EXP-30617,2025-01-22,2025,Jan,CAR,Kalinga,High-Value Crops & Seeds,Certified Hybrid Rice Seeds,Commercial Agri-Dealer,2,2131.16,4262.32,4049.2,2530.39,1518.81,Completed,4
EXP-30618,2026-07-02,2026,Jul,CAR,Abra,Agricultural Machinery,Combine Harvesters,Direct DA Grant,3,1545656.94,4636970.82,4636970.82,3616435.93,1020534.89,Delivered,5
EXP-30619,2025-05-08,2025,May,CAR,Mountain Province,High-Value Crops & Seeds,Certified Hybrid Rice Seeds,Commercial Agri-Dealer,2,1645.18,3290.36,3125.84,2421.62,704.22,Completed,5
EXP-30620,2025-05-18,2025,May,CAR,Apayao,Agricultural Machinery,Four-Wheel Tractors,LGU Co-op Procurement,1,1401286.38,1401286.38,1261157.74,845652.14,415505.6,Completed,5
EXP-30621,2025-05-13,2025,May,CAR,Kalinga,Agricultural Machinery,Rice Transplanters,Commercial Agri-Dealer,5,221800.15,1109000.75,1109000.75,859600.14,249400.61,Under Review,5
EXP-30622,2025-10-13,2025,Oct,CAR,Kalinga,Agricultural Machinery,Solar Irrigation Systems,LGU Co-op Procurement,1,336221.89,336221.89,336221.89,265253.48,70968.41,Completed,5
EXP-30623,2025-11-17,2025,Nov,CAR,Apayao,Agricultural Machinery,Combine Harvesters,Commercial Agri-Dealer,2,1217645.16,2435290.32,2435290.32,1675952.36,759337.96,Completed,4
EXP-30624,2026-03-07,2026,Mar,CAR,Apayao,Agricultural Machinery,Rice Transplanters,Farmer Association,3,298176.64,894529.92,894529.92,695898.55,198631.37,Delivered,5
EXP-30625,2026-01-28,2026,Jan,CAR,Kalinga,Fertilizers & Soil Health,Inorganic NPK Blend,Farmer Association,10,1999.76,19997.6,19997.6,14908.66,5088.94,Delivered,4
EXP-30626,2025-10-26,2025,Oct,Region II,Benguet,Agricultural Machinery,Combine Harvesters,LGU Co-op Procurement,1,1905356.37,1905356.37,1905356.37,1391074.49,514281.88,Completed,4
EXP-30627,2025-08-02,2025,Aug,CAR,Benguet,Fertilizers & Soil Health,Organic Fertilizer (50kg),Farmer Association,5,647.36,3236.8,3236.8,1945.0,1291.8,Completed,4
EXP-30628,2026-02-06,2026,Feb,CAR,Abra,Post-Harvest Facilities,Rice Mill Processing Line,LGU Co-op Procurement,1,1741525.26,1741525.26,1741525.26,1263374.15,478151.11,Pending Approval,4
EXP-30629,2026-03-17,2026,Mar,CAR,Abra,High-Value Crops & Seeds,High-Yield Corn Seeds,LGU Co-op Procurement,1,2915.76,2915.76,2915.76,1750.37,1165.39,Completed,1
EXP-30630,2025-03-01,2025,Mar,CAR,Kalinga,Agricultural Machinery,Four-Wheel Tractors,Farmer Association,1,911824.62,911824.62,911824.62,706139.61,205685.01,Completed,3
EXP-30631,2026-07-02,2026,Jul,CAR,Mountain Province,Agricultural Machinery,Solar Irrigation Systems,Direct DA Grant,1,532340.05,532340.05,505723.05,393195.22,112527.83,Completed,4
EXP-30632,2025-10-04,2025,Oct,CAR,Mountain Province,Fertilizers & Soil Health,Soil Conditioner Granules,LGU Co-op Procurement,2,692.09,1384.18,1314.97,1061.27,253.7,Completed,5
EXP-30633,2025-03-06,2025,Mar,Region I,Benguet,Agricultural Machinery,Power Tillers,Direct DA Grant,1,97390.99,97390.99,82782.34,55366.97,27415.37,Completed,4
EXP-30634,2025-04-09,2025,Apr,CAR,Benguet,Fertilizers & Soil Health,Soil Conditioner Granules,LGU Co-op Procurement,3,1059.78,3179.34,3179.34,2141.02,1038.32,Completed,5
EXP-30635,2025-01-20,2025,Jan,CAR,Abra,High-Value Crops & Seeds,High-Yield Corn Seeds,Farmer Association,1,2061.76,2061.76,1855.58,1464.22,391.36,Completed,2
EXP-30636,2025-10-05,2025,Oct,CAR,Apayao,Agricultural Machinery,Rice Transplanters,Farmer Association,2,161985.03,323970.06,323970.06,262961.02,61009.04,Under Review,3
EXP-30637,2025-04-24,2025,Apr,CAR,Abra,Fertilizers & Soil Health,Inorganic NPK Blend,LGU Co-op Procurement,1,1781.03,1781.03,1513.88,1212.99,300.89,Completed,3
EXP-30638,2025-04-25,2025,Apr,CAR,Abra,High-Value Crops & Seeds,Vegetable Seed Packs,Commercial Agri-Dealer,2,496.87,993.74,993.74,645.82,347.92,Completed,5
EXP-30639,2026-02-18,2026,Feb,CAR,Apayao,Post-Harvest Facilities,Hermetic Storage Cocoons,Farmer Association,1,34016.68,34016.68,30615.01,24819.85,5795.16,Completed,5
EXP-30640,2025-05-24,2025,May,CAR,Benguet,Agricultural Machinery,Power Tillers,LGU Co-op Procurement,1,100245.81,100245.81,95233.52,64268.25,30965.27,Completed,5
EXP-30641,2026-01-13,2026,Jan,CAR,Benguet,Agricultural Machinery,Four-Wheel Tractors,Farmer Association,1,806845.57,806845.57,806845.57,635778.27,171067.3,Completed,5
EXP-30642,2026-03-26,2026,Mar,Region III,Mountain Province,High-Value Crops & Seeds,Certified Hybrid Rice Seeds,LGU Co-op Procurement,10,3031.29,30312.9,30312.9,21467.06,8845.84,In Transit,5
EXP-30643,2025-10-08,2025,Oct,CAR,Mountain Province,Agricultural Machinery,Combine Harvesters,Direct DA Grant,2,2058841.58,4117683.16,3911799.0,3005667.98,906131.02,In Transit,5
EXP-30644,2025-05-19,2025,May,CAR,Mountain Province,Post-Harvest Facilities,Multi-Crop Dryer Unit,Farmer Association,1,595933.59,595933.59,595933.59,476975.43,118958.16,In Transit,5
EXP-30645,2026-03-12,2026,Mar,CAR,Apayao,Fertilizers & Soil Health,Soil Conditioner Granules,Direct DA Grant,3,884.6,2653.8,2653.8,1756.8,897.0,Completed,5
EXP-30646,2025-03-29,2025,Mar,CAR,Kalinga,Post-Harvest Facilities,Multi-Crop Dryer Unit,Direct DA Grant,2,474674.78,949349.56,949349.56,727753.91,221595.65,Completed,5
EXP-30647,2025-05-23,2025,May,CAR,Apayao,Fertilizers & Soil Health,Organic Fertilizer (50kg),Commercial Agri-Dealer,1,797.01,797.01,757.16,616.43,140.73,Completed,5
EXP-30648,2025-09-25,2025,Sep,CAR,Benguet,Post-Harvest Facilities,Cold Storage Module,LGU Co-op Procurement,3,2173378.14,6520134.42,6194127.7,5019198.38,1174929.32,Under Review,4
EXP-30649,2025-09-12,2025,Sep,Region III,Ifugao,Fertilizers & Soil Health,Bio-Inoculant Strains,LGU Co-op Procurement,1,679.15,679.15,645.19,453.94,191.25,Delivered,4
EXP-30650,2025-06-06,2025,Jun,CAR,Abra,High-Value Crops & Seeds,Certified Hybrid Rice Seeds,LGU Co-op Procurement,1,2101.08,2101.08,1996.03,1421.0,575.03,Completed,5
EXP-30651,2025-05-13,2025,May,CAR,Abra,Fertilizers & Soil Health,Organic Fertilizer (50kg),LGU Co-op Procurement,1,762.17,762.17,685.95,532.63,153.32,Completed,3
EXP-30652,2026-05-10,2026,May,CAR,Benguet,High-Value Crops & Seeds,Vegetable Seed Packs,Commercial Agri-Dealer,5,638.17,3190.85,3190.85,2378.77,812.08,Delivered,5
EXP-30653,2025-09-28,2025,Sep,CAR,Abra,Fertilizers & Soil Health,Organic Fertilizer (50kg),LGU Co-op Procurement,3,445.57,1336.71,1336.71,806.58,530.13,Delivered,5
EXP-30654,2026-02-04,2026,Feb,CAR,Apayao,Agricultural Machinery,Solar Irrigation Systems,Direct DA Grant,5,275657.04,1378285.2,1378285.2,1051361.35,326923.85,Delivered,5
EXP-30655,2025-10-27,2025,Oct,CAR,Mountain Province,Post-Harvest Facilities,Multi-Crop Dryer Unit,Farmer Association,1,451455.86,451455.86,428883.07,281805.32,147077.75,In Transit,3
EXP-30656,2026-05-07,2026,May,CAR,Apayao,Agricultural Machinery,Solar Irrigation Systems,Direct DA Grant,2,343107.48,686214.96,686214.96,414444.6,271770.36,Delivered,4
EXP-30657,2025-01-14,2025,Jan,CAR,Abra,Agricultural Machinery,Four-Wheel Tractors,LGU Co-op Procurement,5,1113298.97,5566494.85,5566494.85,3912715.44,1653779.41,In Transit,5
EXP-30658,2025-09-14,2025,Sep,CAR,Benguet,Fertilizers & Soil Health,Organic Fertilizer (50kg),LGU Co-op Procurement,2,824.49,1648.98,1566.53,1208.22,358.31,Completed,5
EXP-30659,2026-05-12,2026,May,CAR,Abra,Agricultural Machinery,Solar Irrigation Systems,Direct DA Grant,1,590536.57,590536.57,561009.74,343798.31,217211.43,Completed,5
EXP-30660,2025-07-13,2025,Jul,Region III,Benguet,High-Value Crops & Seeds,Fruit Tree Saplings Batch,Farmer Association,2,1803.22,3606.44,3606.44,2193.99,1412.45,Delivered,5
EXP-30661,2026-03-04,2026,Mar,CAR,Ifugao,Fertilizers & Soil Health,Organic Fertilizer (50kg),Farmer Association,1,776.01,776.01,776.01,617.51,158.5,Pending Approval,5
EXP-30662,2025-12-01,2025,Dec,CAR,Kalinga,Agricultural Machinery,Rice Transplanters,LGU Co-op Procurement,2,282820.13,565640.26,480794.22,365056.29,115737.93,Delivered,5
EXP-30663,2025-04-11,2025,Apr,Region III,Kalinga,Post-Harvest Facilities,Rice Mill Processing Line,LGU Co-op Procurement,1,1160548.6,1160548.6,1102521.17,688986.81,413534.36,In Transit,5
EXP-30664,2025-08-10,2025,Aug,CAR,Apayao,High-Value Crops & Seeds,High-Yield Corn Seeds,LGU Co-op Procurement,1,2356.29,2356.29,2120.66,1404.27,716.39,Completed,5
EXP-30665,2025-08-22,2025,Aug,CAR,Abra,Post-Harvest Facilities,Multi-Crop Dryer Unit,Commercial Agri-Dealer,3,763129.64,2289388.92,2289388.92,1849988.4,439400.52,Completed,3
EXP-30666,2025-06-12,2025,Jun,CAR,Abra,High-Value Crops & Seeds,Fruit Tree Saplings Batch,Direct DA Grant,2,1172.4,2344.8,2227.56,1713.87,513.69,In Transit,5
EXP-30667,2025-04-17,2025,Apr,CAR,Ifugao,Fertilizers & Soil Health,Inorganic NPK Blend,Commercial Agri-Dealer,2,1445.88,2891.76,2747.17,1896.66,850.51,Delivered,5
EXP-30668,2025-07-05,2025,Jul,CAR,Apayao,Agricultural Machinery,Power Tillers,LGU Co-op Procurement,1,125428.05,125428.05,119156.65,80836.58,38320.07,Delivered,5
EXP-30669,2025-09-30,2025,Sep,CAR,Apayao,Post-Harvest Facilities,Multi-Crop Dryer Unit,Direct DA Grant,3,840042.01,2520126.03,2520126.03,2023381.8,496744.23,Completed,3
EXP-30670,2026-06-23,2026,Jun,CAR,Kalinga,Fertilizers & Soil Health,Inorganic NPK Blend,Farmer Association,5,1933.3,9666.5,8699.85,5723.35,2976.5,Completed,4
EXP-30671,2025-12-25,2025,Dec,CAR,Benguet,Fertilizers & Soil Health,Inorganic NPK Blend,LGU Co-op Procurement,1,2106.59,2106.59,2106.59,1467.23,639.36,Under Review,3
EXP-30672,2025-01-23,2025,Jan,CAR,Benguet,Agricultural Machinery,Four-Wheel Tractors,Commercial Agri-Dealer,2,1228158.97,2456317.94,2333502.04,1881491.06,452010.98,Completed,5
EXP-30673,2025-12-31,2025,Dec,CAR,Apayao,Post-Harvest Facilities,Rice Mill Processing Line,Direct DA Grant,5,1773450.8,8867254.0,8867254.0,7168591.04,1698662.96,Completed,5
EXP-30674,2025-11-25,2025,Nov,CAR,Apayao,Post-Harvest Facilities,Rice Mill Processing Line,Farmer Association,2,1299763.19,2599526.38,2339573.74,1744429.1,595144.64,Completed,4
EXP-30675,2025-06-14,2025,Jun,CAR,Abra,Agricultural Machinery,Combine Harvesters,LGU Co-op Procurement,2,1680107.83,3360215.66,3360215.66,2254499.59,1105716.07,Under Review,4
EXP-30676,2025-07-06,2025,Jul,CAR,Benguet,Fertilizers & Soil Health,Soil Conditioner Granules,LGU Co-op Procurement,50,1187.49,59374.5,53437.05,41298.68,12138.37,Completed,5
EXP-30677,2026-03-07,2026,Mar,CAR,Apayao,Post-Harvest Facilities,Cold Storage Module,Direct DA Grant,2,2935048.82,5870097.64,5870097.64,4077596.99,1792500.65,Completed,4
EXP-30678,2025-08-27,2025,Aug,CAR,Mountain Province,High-Value Crops & Seeds,Certified Hybrid Rice Seeds,Farmer Association,1,1591.08,1591.08,1511.53,976.03,535.5,Completed,3
EXP-30679,2025-09-25,2025,Sep,CAR,Benguet,High-Value Crops & Seeds,Fruit Tree Saplings Batch,Farmer Association,1,1730.59,1730.59,1644.06,1199.0,445.06,Completed,2
EXP-30680,2025-05-25,2025,May,CAR,Benguet,Fertilizers & Soil Health,Soil Conditioner Granules,Farmer Association,3,761.48,2284.44,2284.44,1499.67,784.77,Completed,5
EXP-30681,2025-06-19,2025,Jun,Region III,Mountain Province,Fertilizers & Soil Health,Soil Conditioner Granules,Farmer Association,1,684.81,684.81,650.57,529.55,121.02,In Transit,5
EXP-30682,2026-01-17,2026,Jan,Region II,Benguet,Fertilizers & Soil Health,Organic Fertilizer (50kg),Farmer Association,5,493.53,2467.65,2344.27,1747.77,596.5,Completed,5
EXP-30683,2025-06-30,2025,Jun,CAR,Benguet,Agricultural Machinery,Power Tillers,Farmer Association,1,78724.62,78724.62,78724.62,58565.75,20158.87,In Transit,5
EXP-30684,2025-01-17,2025,Jan,CAR,Benguet,Fertilizers & Soil Health,Inorganic NPK Blend,Direct DA Grant,2,1235.21,2470.42,2346.9,1809.49,537.41,Completed,5
EXP-30685,2025-05-27,2025,May,CAR,Ifugao,Post-Harvest Facilities,Multi-Crop Dryer Unit,Direct DA Grant,3,808359.29,2425077.87,2425077.87,1598901.29,826176.58,Completed,4
EXP-30686,2026-04-06,2026,Apr,CAR,Apayao,Fertilizers & Soil Health,Soil Conditioner Granules,Direct DA Grant,3,1130.64,3391.92,3222.32,2003.93,1218.39,Completed,5
EXP-30687,2025-10-02,2025,Oct,CAR,Apayao,High-Value Crops & Seeds,Vegetable Seed Packs,Commercial Agri-Dealer,1,487.04,487.04,413.98,299.5,114.48,Completed,2
EXP-30688,2026-02-21,2026,Feb,CAR,Ifugao,Fertilizers & Soil Health,Bio-Inoculant Strains,Farmer Association,1,592.44,592.44,562.82,404.13,158.69,Completed,3
EXP-30689,2025-05-14,2025,May,CAR,Kalinga,High-Value Crops & Seeds,Certified Hybrid Rice Seeds,Commercial Agri-Dealer,3,1611.52,4834.56,4834.56,3330.98,1503.58,Delivered,2
EXP-30690,2025-07-02,2025,Jul,CAR,Ifugao,Agricultural Machinery,Rice Transplanters,Farmer Association,1,236755.65,236755.65,236755.65,157931.26,78824.39,Completed,5
EXP-30691,2025-08-20,2025,Aug,CAR,Abra,Fertilizers & Soil Health,Soil Conditioner Granules,LGU Co-op Procurement,2,773.26,1546.52,1546.52,1053.02,493.5,Delivered,4
EXP-30692,2025-05-09,2025,May,CAR,Benguet,Fertilizers & Soil Health,Organic Fertilizer (50kg),Direct DA Grant,5,594.25,2971.25,2822.69,2016.81,805.88,Completed,3
EXP-30693,2026-01-23,2026,Jan,CAR,Ifugao,Fertilizers & Soil Health,Inorganic NPK Blend,Commercial Agri-Dealer,1,1809.23,1809.23,1718.77,1242.04,476.73,Completed,3
EXP-30694,2025-05-02,2025,May,CAR,Kalinga,Agricultural Machinery,Combine Harvesters,LGU Co-op Procurement,50,2071333.59,103566679.5,98388345.52,67793042.42,30595303.1,Completed,5
EXP-30695,2025-05-22,2025,May,CAR,Abra,Post-Harvest Facilities,Multi-Crop Dryer Unit,Direct DA Grant,5,641767.26,3208836.3,3048394.48,2240927.05,807467.43,Completed,3
EXP-30696,2025-04-22,2025,Apr,CAR,Benguet,Fertilizers & Soil Health,Organic Fertilizer (50kg),LGU Co-op Procurement,1,784.24,784.24,784.24,471.93,312.31,Delivered,5
EXP-30697,2025-09-05,2025,Sep,CAR,Mountain Province,Post-Harvest Facilities,Hermetic Storage Cocoons,Farmer Association,10,41512.86,415128.6,373615.74,281162.29,92453.45,Completed,5
EXP-30698,2025-04-23,2025,Apr,CAR,Apayao,Agricultural Machinery,Solar Irrigation Systems,Farmer Association,20,427222.69,8544453.8,8544453.8,6616192.48,1928261.32,Completed,3
EXP-30699,2025-06-10,2025,Jun,CAR,Apayao,Post-Harvest Facilities,Rice Mill Processing Line,Farmer Association,2,1063150.72,2126301.44,1807356.22,1390437.59,416918.63,Completed,4
EXP-30700,2025-04-25,2025,Apr,CAR,Abra,High-Value Crops & Seeds,High-Yield Corn Seeds,Direct DA Grant,3,2920.7,8762.1,8762.1,6438.31,2323.79,Delivered,5
EXP-30701,2025-01-21,2025,Jan,CAR,Apayao,Agricultural Machinery,Combine Harvesters,Direct DA Grant,2,1656158.74,3312317.48,3312317.48,2130032.55,1182284.93,Completed,5
EXP-30702,2025-01-20,2025,Jan,CAR,Ifugao,Post-Harvest Facilities,Cold Storage Module,Commercial Agri-Dealer,2,2930402.34,5860804.68,5860804.68,4730839.37,1129965.31,Completed,5
EXP-30703,2025-09-21,2025,Sep,CAR,Apayao,Fertilizers & Soil Health,Organic Fertilizer (50kg),LGU Co-op Procurement,1,602.32,602.32,602.32,431.43,170.89,Delivered,5
EXP-30704,2025-01-31,2025,Jan,CAR,Apayao,Fertilizers & Soil Health,Soil Conditioner Granules,Farmer Association,5,739.42,3697.1,3697.1,2814.58,882.52,Delivered,4
EXP-30705,2025-07-11,2025,Jul,CAR,Benguet,Fertilizers & Soil Health,Soil Conditioner Granules,Direct DA Grant,3,906.56,2719.68,2447.71,1848.53,599.18,Delivered,4
EXP-30706,2025-01-08,2025,Jan,CAR,Benguet,Agricultural Machinery,Power Tillers,Direct DA Grant,1,101748.98,101748.98,101748.98,79852.56,21896.42,Completed,1
EXP-30707,2026-03-21,2026,Mar,CAR,Kalinga,Fertilizers & Soil Health,Inorganic NPK Blend,Commercial Agri-Dealer,1,2197.17,2197.17,2087.31,1333.52,753.79,Completed,4
EXP-30708,2026-05-10,2026,May,CAR,Mountain Province,Fertilizers & Soil Health,Bio-Inoculant Strains,Farmer Association,1,571.13,571.13,514.02,403.47,110.55,Delivered,5
EXP-30709,2025-12-11,2025,Dec,Region I,Ifugao,Agricultural Machinery,Power Tillers,LGU Co-op Procurement,3,67381.52,202144.56,202144.56,151574.26,50570.3,Completed,4
EXP-30710,2025-06-22,2025,Jun,CAR,Apayao,High-Value Crops & Seeds,High-Yield Corn Seeds,Commercial Agri-Dealer,5,3572.74,17863.7,16077.33,12907.7,3169.63,Completed,3
EXP-30711,2026-07-07,2026,Jul,CAR,Abra,Fertilizers & Soil Health,Soil Conditioner Granules,LGU Co-op Procurement,3,649.03,1947.09,1849.74,1158.63,691.11,Delivered,5
EXP-30712,2025-05-03,2025,May,CAR,Kalinga,Agricultural Machinery,Power Tillers,LGU Co-op Procurement,5,124952.73,624763.65,624763.65,390001.13,234762.52,Completed,4
EXP-30713,2025-03-10,2025,Mar,CAR,Kalinga,Fertilizers & Soil Health,Organic Fertilizer (50kg),Direct DA Grant,1,702.05,702.05,666.95,522.8,144.15,Completed,5
EXP-30714,2025-07-19,2025,Jul,Region II,Abra,Fertilizers & Soil Health,Soil Conditioner Granules,Commercial Agri-Dealer,10,858.82,8588.2,8588.2,5703.85,2884.35,Completed,4
EXP-30715,2025-08-20,2025,Aug,CAR,Abra,High-Value Crops & Seeds,High-Yield Corn Seeds,Farmer Association,3,3336.18,10008.54,10008.54,6679.43,3329.11,In Transit,5
EXP-30716,2025-10-19,2025,Oct,CAR,Ifugao,Fertilizers & Soil Health,Organic Fertilizer (50kg),Direct DA Grant,2,705.16,1410.32,1339.8,905.27,434.53,Delivered,4
EXP-30717,2025-04-14,2025,Apr,Region I,Abra,Agricultural Machinery,Solar Irrigation Systems,Commercial Agri-Dealer,1,369075.68,369075.68,369075.68,222732.66,146343.02,Completed,5
EXP-30718,2025-06-14,2025,Jun,Region I,Abra,Agricultural Machinery,Rice Transplanters,Farmer Association,2,178428.17,356856.34,356856.34,246096.73,110759.61,Under Review,5
EXP-30719,2025-02-17,2025,Feb,CAR,Abra,Fertilizers & Soil Health,Organic Fertilizer (50kg),Farmer Association,2,820.16,1640.32,1640.32,1035.12,605.2,In Transit,4
EXP-30720,2026-02-07,2026,Feb,CAR,Benguet,High-Value Crops & Seeds,High-Yield Corn Seeds,Direct DA Grant,3,2125.03,6375.09,6375.09,4955.29,1419.8,Completed,5
EXP-30721,2025-07-08,2025,Jul,CAR,Mountain Province,Fertilizers & Soil Health,Organic Fertilizer (50kg),Direct DA Grant,2,457.88,915.76,869.97,692.19,177.78,Delivered,2
EXP-30722,2025-01-18,2025,Jan,CAR,Kalinga,Post-Harvest Facilities,Rice Mill Processing Line,Direct DA Grant,1,863807.43,863807.43,863807.43,696205.37,167602.06,Completed,4
EXP-30723,2026-05-14,2026,May,CAR,Apayao,Agricultural Machinery,Power Tillers,Commercial Agri-Dealer,1,128633.37,128633.37,115770.03,75315.05,40454.98,Delivered,5
EXP-30724,2025-05-18,2025,May,CAR,Benguet,Fertilizers & Soil Health,Soil Conditioner Granules,Direct DA Grant,2,701.81,1403.62,1403.62,932.84,470.78,Completed,4
EXP-30725,2026-01-16,2026,Jan,CAR,Mountain Province,Agricultural Machinery,Solar Irrigation Systems,Farmer Association,10,461253.44,4612534.4,4612534.4,2916582.6,1695951.8,Completed,5
EXP-30726,2025-01-24,2025,Jan,CAR,Mountain Province,Fertilizers & Soil Health,Inorganic NPK Blend,Commercial Agri-Dealer,1,1446.74,1446.74,1446.74,1097.04,349.7,Completed,5
EXP-30727,2026-02-06,2026,Feb,CAR,Benguet,Fertilizers & Soil Health,Soil Conditioner Granules,Farmer Association,2,753.76,1507.52,1432.14,1065.12,367.02,Under Review,5
EXP-30728,2026-07-20,2026,Jul,CAR,Ifugao,Fertilizers & Soil Health,Inorganic NPK Blend,Farmer Association,1,2122.54,2122.54,2122.54,1456.75,665.79,Completed,5
EXP-30729,2025-06-24,2025,Jun,CAR,Benguet,Fertilizers & Soil Health,Organic Fertilizer (50kg),Commercial Agri-Dealer,5,807.63,4038.15,4038.15,2788.15,1250.0,Completed,4
EXP-30730,2025-09-13,2025,Sep,CAR,Ifugao,High-Value Crops & Seeds,Fruit Tree Saplings Batch,Commercial Agri-Dealer,10,856.65,8566.5,8566.5,6356.92,2209.58,Completed,4
EXP-30731,2025-08-20,2025,Aug,CAR,Abra,Agricultural Machinery,Combine Harvesters,Farmer Association,1,1609389.13,1609389.13,1609389.13,1169164.21,440224.92,Completed,5
EXP-30732,2026-04-02,2026,Apr,CAR,Kalinga,Agricultural Machinery,Combine Harvesters,Farmer Association,1,1949157.82,1949157.82,1851699.93,1465950.52,385749.41,Completed,5
EXP-30733,2025-06-15,2025,Jun,CAR,Benguet,High-Value Crops & Seeds,High-Yield Corn Seeds,Direct DA Grant,5,2899.24,14496.2,14496.2,11321.28,3174.92,Completed,5
EXP-30734,2025-06-12,2025,Jun,CAR,Kalinga,Fertilizers & Soil Health,Inorganic NPK Blend,LGU Co-op Procurement,5,1631.31,8156.55,6933.07,4768.59,2164.48,Completed,4
EXP-30735,2025-11-29,2025,Nov,CAR,Benguet,Fertilizers & Soil Health,Organic Fertilizer (50kg),Commercial Agri-Dealer,1,846.44,846.44,804.12,552.31,251.81,Completed,5
EXP-30736,2025-01-01,2025,Jan,CAR,Abra,High-Value Crops & Seeds,Certified Hybrid Rice Seeds,Commercial Agri-Dealer,1,2656.99,2656.99,2656.99,1834.42,822.57,Completed,5
EXP-30737,2025-02-20,2025,Feb,CAR,Mountain Province,Fertilizers & Soil Health,Bio-Inoculant Strains,Commercial Agri-Dealer,5,684.01,3420.05,3249.05,2070.11,1178.94,Completed,5
EXP-30738,2026-03-15,2026,Mar,CAR,Apayao,Agricultural Machinery,Power Tillers,Direct DA Grant,1,106820.87,106820.87,106820.87,72635.33,34185.54,Completed,5
EXP-30739,2025-06-07,2025,Jun,CAR,Mountain Province,Post-Harvest Facilities,Cold Storage Module,Commercial Agri-Dealer,1,2877442.92,2877442.92,2445826.48,1501536.38,944290.1,Under Review,3
EXP-30740,2026-04-23,2026,Apr,Region I,Kalinga,Agricultural Machinery,Solar Irrigation Systems,LGU Co-op Procurement,1,360226.63,360226.63,360226.63,263551.65,96674.98,Delivered,3
EXP-30741,2025-10-20,2025,Oct,CAR,Abra,Post-Harvest Facilities,Hermetic Storage Cocoons,Direct DA Grant,1,22776.46,22776.46,22776.46,18250.06,4526.4,Completed,5
EXP-30742,2026-03-14,2026,Mar,CAR,Kalinga,Agricultural Machinery,Power Tillers,Commercial Agri-Dealer,2,120302.45,240604.9,240604.9,169919.56,70685.34,Completed,4
EXP-30743,2025-04-05,2025,Apr,CAR,Benguet,High-Value Crops & Seeds,High-Yield Corn Seeds,Farmer Association,2,3626.6,7253.2,7253.2,5885.58,1367.62,Completed,4
EXP-30744,2026-04-11,2026,Apr,CAR,Ifugao,High-Value Crops & Seeds,Certified Hybrid Rice Seeds,Farmer Association,1,3184.8,3184.8,3184.8,1954.63,1230.17,Delivered,5
EXP-30745,2025-08-29,2025,Aug,CAR,Mountain Province,High-Value Crops & Seeds,Vegetable Seed Packs,Direct DA Grant,2,537.17,1074.34,1074.34,834.46,239.88,Completed,5
EXP-30746,2026-02-20,2026,Feb,CAR,Kalinga,High-Value Crops & Seeds,Certified Hybrid Rice Seeds,LGU Co-op Procurement,3,2272.52,6817.56,6817.56,4106.54,2711.02,Completed,4
EXP-30747,2025-08-31,2025,Aug,CAR,Mountain Province,Agricultural Machinery,Power Tillers,Farmer Association,5,129953.16,649765.8,617277.51,406904.08,210373.43,Completed,5
EXP-30748,2025-04-24,2025,Apr,CAR,Ifugao,Post-Harvest Facilities,Hermetic Storage Cocoons,Commercial Agri-Dealer,1,28529.6,28529.6,27103.12,16447.76,10655.36,Completed,2
EXP-30749,2025-01-12,2025,Jan,CAR,Ifugao,High-Value Crops & Seeds,Fruit Tree Saplings Batch,Farmer Association,1,1475.98,1475.98,1475.98,1041.66,434.32,Completed,3
EXP-30750,2025-01-21,2025,Jan,CAR,Apayao,Post-Harvest Facilities,Multi-Crop Dryer Unit,LGU Co-op Procurement,1,454923.41,454923.41,432177.24,279208.45,152968.79,Completed,5
EXP-30751,2026-07-07,2026,Jul,CAR,Benguet,Agricultural Machinery,Rice Transplanters,LGU Co-op Procurement,2,296083.25,592166.5,532949.85,431325.58,101624.27,Completed,4
EXP-30752,2026-07-14,2026,Jul,CAR,Ifugao,Fertilizers & Soil Health,Bio-Inoculant Strains,LGU Co-op Procurement,1,628.36,628.36,565.52,446.64,118.88,Completed,5
EXP-30753,2025-03-15,2025,Mar,CAR,Benguet,Agricultural Machinery,Four-Wheel Tractors,Commercial Agri-Dealer,5,973295.16,4866475.8,4623152.01,3166647.86,1456504.15,Pending Approval,5
EXP-30754,2025-08-16,2025,Aug,CAR,Mountain Province,High-Value Crops & Seeds,Certified Hybrid Rice Seeds,Commercial Agri-Dealer,1,2664.11,2664.11,2530.9,1528.6,1002.3,Delivered,5
EXP-30755,2026-02-07,2026,Feb,CAR,Ifugao,Agricultural Machinery,Four-Wheel Tractors,Farmer Association,50,1355725.35,67786267.5,64396954.12,52592288.55,11804665.57,Completed,5
EXP-30756,2025-03-02,2025,Mar,Region III,Mountain Province,Agricultural Machinery,Rice Transplanters,Direct DA Grant,2,305674.38,611348.76,519646.45,354499.3,165147.15,Pending Approval,5
EXP-30757,2025-05-18,2025,May,Region II,Apayao,Post-Harvest Facilities,Multi-Crop Dryer Unit,Farmer Association,2,801764.17,1603528.34,1603528.34,1297586.51,305941.83,Delivered,5
EXP-30758,2025-07-06,2025,Jul,CAR,Benguet,Fertilizers & Soil Health,Organic Fertilizer (50kg),Farmer Association,5,488.54,2442.7,2442.7,1845.32,597.38,Completed,4
EXP-30759,2025-02-28,2025,Feb,Region II,Mountain Province,Post-Harvest Facilities,Cold Storage Module,LGU Co-op Procurement,3,2084533.07,6253599.21,5628239.29,3489932.53,2138306.76,Completed,5
EXP-30760,2026-06-24,2026,Jun,CAR,Abra,High-Value Crops & Seeds,Fruit Tree Saplings Batch,Direct DA Grant,3,1208.53,3625.59,3263.03,2663.04,599.99,Completed,3
EXP-30761,2025-09-06,2025,Sep,CAR,Kalinga,Agricultural Machinery,Power Tillers,Farmer Association,1,139664.19,139664.19,139664.19,91203.39,48460.8,Completed,3
EXP-30762,2025-09-30,2025,Sep,CAR,Kalinga,High-Value Crops & Seeds,High-Yield Corn Seeds,Farmer Association,1,2214.57,2214.57,2214.57,1658.73,555.84,Completed,5
EXP-30763,2026-07-01,2026,Jul,CAR,Abra,Post-Harvest Facilities,Multi-Crop Dryer Unit,LGU Co-op Procurement,3,638625.99,1915877.97,1915877.97,1203070.56,712807.41,In Transit,1
EXP-30764,2025-03-21,2025,Mar,CAR,Ifugao,Agricultural Machinery,Solar Irrigation Systems,Direct DA Grant,1,506061.52,506061.52,506061.52,380306.2,125755.32,In Transit,5
EXP-30765,2025-12-31,2025,Dec,CAR,Benguet,Post-Harvest Facilities,Multi-Crop Dryer Unit,Commercial Agri-Dealer,2,534130.22,1068260.44,908021.37,696925.42,211095.95,Completed,5
EXP-30766,2025-09-13,2025,Sep,CAR,Abra,Agricultural Machinery,Power Tillers,Farmer Association,3,116219.06,348657.18,331224.32,209858.69,121365.63,Completed,5
EXP-30767,2026-07-20,2026,Jul,CAR,Ifugao,High-Value Crops & Seeds,Vegetable Seed Packs,LGU Co-op Procurement,2,368.87,737.74,663.97,514.92,149.05,Completed,4
EXP-30768,2025-06-03,2025,Jun,CAR,Benguet,Agricultural Machinery,Four-Wheel Tractors,Farmer Association,2,1486720.64,2973441.28,2824769.22,1748057.31,1076711.91,Completed,5
EXP-30769,2025-06-16,2025,Jun,CAR,Kalinga,High-Value Crops & Seeds,Certified Hybrid Rice Seeds,Direct DA Grant,3,2539.54,7618.62,7618.62,4752.13,2866.49,Delivered,5
EXP-30770,2025-07-03,2025,Jul,CAR,Benguet,Fertilizers & Soil Health,Organic Fertilizer (50kg),LGU Co-op Procurement,1,673.96,673.96,673.96,408.1,265.86,Delivered,5
EXP-30771,2026-06-09,2026,Jun,CAR,Kalinga,Post-Harvest Facilities,Multi-Crop Dryer Unit,LGU Co-op Procurement,3,934719.69,2804159.07,2804159.07,1799315.01,1004844.06,Delivered,4
EXP-30772,2025-06-27,2025,Jun,CAR,Abra,High-Value Crops & Seeds,Vegetable Seed Packs,LGU Co-op Procurement,2,513.68,1027.36,1027.36,644.6,382.76,Pending Approval,4
EXP-30773,2025-12-09,2025,Dec,CAR,Benguet,Fertilizers & Soil Health,Inorganic NPK Blend,Commercial Agri-Dealer,5,1803.95,9019.75,8117.78,6531.31,1586.47,Completed,5
EXP-30774,2026-05-02,2026,May,CAR,Ifugao,Agricultural Machinery,Four-Wheel Tractors,Farmer Association,1,1108860.77,1108860.77,1053417.73,661237.62,392180.11,Completed,4
EXP-30775,2026-02-02,2026,Feb,CAR,Apayao,Agricultural Machinery,Rice Transplanters,LGU Co-op Procurement,2,307161.7,614323.4,552891.06,390895.01,161996.05,In Transit,4
EXP-30776,2026-04-09,2026,Apr,CAR,Apayao,Fertilizers & Soil Health,Organic Fertilizer (50kg),LGU Co-op Procurement,1,795.91,795.91,756.11,598.72,157.39,Pending Approval,4
EXP-30777,2025-09-13,2025,Sep,CAR,Abra,High-Value Crops & Seeds,Fruit Tree Saplings Batch,Farmer Association,1,1339.33,1339.33,1339.33,818.83,520.5,Completed,5
EXP-30778,2025-05-14,2025,May,CAR,Mountain Province,High-Value Crops & Seeds,Fruit Tree Saplings Batch,Farmer Association,2,2098.14,4196.28,3986.47,2934.19,1052.28,Delivered,4
EXP-30779,2026-04-11,2026,Apr,CAR,Benguet,Fertilizers & Soil Health,Inorganic NPK Blend,Direct DA Grant,1,1423.14,1423.14,1423.14,904.17,518.97,Completed,5
EXP-30780,2025-04-02,2025,Apr,CAR,Mountain Province,High-Value Crops & Seeds,Fruit Tree Saplings Batch,Commercial Agri-Dealer,2,1366.51,2733.02,2733.02,2004.19,728.83,Delivered,4
EXP-30781,2025-08-09,2025,Aug,CAR,Mountain Province,Post-Harvest Facilities,Hermetic Storage Cocoons,Farmer Association,1,26009.8,26009.8,24709.31,19426.04,5283.27,In Transit,5
EXP-30782,2026-06-14,2026,Jun,Region III,Benguet,Fertilizers & Soil Health,Inorganic NPK Blend,Commercial Agri-Dealer,1,1675.62,1675.62,1424.28,1096.6,327.68,Delivered,4
EXP-30783,2025-07-27,2025,Jul,CAR,Benguet,High-Value Crops & Seeds,Fruit Tree Saplings Batch,Farmer Association,1,1772.11,1772.11,1772.11,1067.76,704.35,Completed,1
EXP-30784,2025-06-09,2025,Jun,CAR,Ifugao,Post-Harvest Facilities,Multi-Crop Dryer Unit,Commercial Agri-Dealer,2,549541.16,1099082.32,1099082.32,867984.34,231097.98,Completed,4
EXP-30785,2025-07-26,2025,Jul,CAR,Abra,Agricultural Machinery,Power Tillers,Farmer Association,2,64243.67,128487.34,128487.34,93704.77,34782.57,Completed,5
EXP-30786,2025-03-23,2025,Mar,CAR,Abra,High-Value Crops & Seeds,Fruit Tree Saplings Batch,Farmer Association,3,1881.57,5644.71,5080.24,4067.3,1012.94,Under Review,5
EXP-30787,2025-08-03,2025,Aug,CAR,Benguet,High-Value Crops & Seeds,Fruit Tree Saplings Batch,Commercial Agri-Dealer,5,1259.65,6298.25,5353.51,3509.69,1843.82,Completed,5
EXP-30788,2025-01-18,2025,Jan,CAR,Abra,Agricultural Machinery,Solar Irrigation Systems,Commercial Agri-Dealer,5,309885.87,1549429.35,1471957.88,910765.26,561192.62,Under Review,5
EXP-30789,2025-03-18,2025,Mar,CAR,Mountain Province,Agricultural Machinery,Solar Irrigation Systems,Farmer Association,3,502205.25,1506615.75,1506615.75,1074296.4,432319.35,In Transit,5
EXP-30790,2026-02-28,2026,Feb,CAR,Abra,Post-Harvest Facilities,Cold Storage Module,Farmer Association,20,1534497.7,30689954.0,26086460.9,18840575.28,7245885.62,Completed,4
EXP-30791,2026-04-09,2026,Apr,CAR,Kalinga,Post-Harvest Facilities,Multi-Crop Dryer Unit,Commercial Agri-Dealer,3,795426.75,2386280.25,2386280.25,1620846.67,765433.58,Delivered,4
EXP-30792,2025-06-19,2025,Jun,CAR,Kalinga,Agricultural Machinery,Solar Irrigation Systems,Farmer Association,20,338270.84,6765416.8,6088875.12,4265924.69,1822950.43,Completed,5
EXP-30793,2026-03-31,2026,Mar,CAR,Abra,Fertilizers & Soil Health,Soil Conditioner Granules,Direct DA Grant,2,988.35,1976.7,1976.7,1456.47,520.23,Completed,5
EXP-30794,2025-10-20,2025,Oct,CAR,Abra,Fertilizers & Soil Health,Bio-Inoculant Strains,Direct DA Grant,1,379.49,379.49,322.57,245.64,76.93,Completed,3
EXP-30795,2025-08-20,2025,Aug,Region I,Kalinga,Fertilizers & Soil Health,Inorganic NPK Blend,Direct DA Grant,5,1997.44,9987.2,9487.84,5933.83,3554.01,Completed,5
EXP-30796,2026-04-09,2026,Apr,CAR,Kalinga,Agricultural Machinery,Solar Irrigation Systems,Farmer Association,5,520211.13,2601055.65,2601055.65,2074165.51,526890.14,Completed,5
EXP-30797,2025-09-17,2025,Sep,CAR,Apayao,Post-Harvest Facilities,Hermetic Storage Cocoons,LGU Co-op Procurement,20,21062.49,421249.8,421249.8,268940.99,152308.81,Completed,4
EXP-30798,2026-03-29,2026,Mar,CAR,Abra,Agricultural Machinery,Solar Irrigation Systems,Commercial Agri-Dealer,3,344490.77,1033472.31,930125.08,603405.6,326719.48,In Transit,4
EXP-30799,2025-01-15,2025,Jan,CAR,Kalinga,High-Value Crops & Seeds,Vegetable Seed Packs,Direct DA Grant,3,329.77,989.31,939.84,699.43,240.41,Completed,5
EXP-30800,2025-03-06,2025,Mar,CAR,Abra,High-Value Crops & Seeds,High-Yield Corn Seeds,Commercial Agri-Dealer,3,2794.18,8382.54,7963.41,6318.71,1644.7,Completed,5
EXP-30801,2025-11-26,2025,Nov,CAR,Mountain Province,Post-Harvest Facilities,Hermetic Storage Cocoons,Farmer Association,2,24879.16,49758.32,49758.32,39738.63,10019.69,Delivered,5
EXP-30802,2026-05-16,2026,May,CAR,Apayao,Agricultural Machinery,Solar Irrigation Systems,Direct DA Grant,2,312999.87,625999.74,594699.75,359489.07,235210.68,In Transit,5
EXP-30803,2025-10-02,2025,Oct,CAR,Benguet,Fertilizers & Soil Health,Inorganic NPK Blend,Commercial Agri-Dealer,1,1343.64,1343.64,1343.64,891.67,451.97,Completed,4
EXP-30804,2025-04-21,2025,Apr,CAR,Apayao,Fertilizers & Soil Health,Soil Conditioner Granules,Farmer Association,1,797.5,797.5,797.5,572.57,224.93,Completed,4
EXP-30805,2025-05-29,2025,May,CAR,Ifugao,Agricultural Machinery,Combine Harvesters,Commercial Agri-Dealer,2,2160728.09,4321456.18,4321456.18,3011918.73,1309537.45,Completed,2
EXP-30806,2025-02-04,2025,Feb,CAR,Mountain Province,Post-Harvest Facilities,Hermetic Storage Cocoons,Commercial Agri-Dealer,2,16068.36,32136.72,32136.72,23233.08,8903.64,Completed,4
EXP-30807,2026-06-24,2026,Jun,CAR,Benguet,Agricultural Machinery,Solar Irrigation Systems,Farmer Association,1,441065.9,441065.9,441065.9,313128.23,127937.67,Completed,3
EXP-30808,2025-09-26,2025,Sep,CAR,Mountain Province,High-Value Crops & Seeds,Vegetable Seed Packs,Commercial Agri-Dealer,1,734.92,734.92,698.17,482.89,215.28,Completed,5
EXP-30809,2025-10-23,2025,Oct,CAR,Ifugao,High-Value Crops & Seeds,High-Yield Corn Seeds,Farmer Association,2,1824.14,3648.28,3465.87,2813.7,652.17,Completed,3
EXP-30810,2025-04-12,2025,Apr,CAR,Kalinga,Agricultural Machinery,Solar Irrigation Systems,Farmer Association,3,426547.36,1279642.08,1279642.08,786871.37,492770.71,Delivered,4
EXP-30811,2026-06-29,2026,Jun,CAR,Ifugao,Agricultural Machinery,Solar Irrigation Systems,Farmer Association,2,559172.4,1118344.8,1118344.8,856435.77,261909.03,In Transit,4
EXP-30812,2025-07-07,2025,Jul,CAR,Mountain Province,Fertilizers & Soil Health,Bio-Inoculant Strains,Direct DA Grant,1,634.5,634.5,634.5,434.56,199.94,Completed,5
EXP-30813,2026-06-19,2026,Jun,Region II,Kalinga,Agricultural Machinery,Rice Transplanters,Commercial Agri-Dealer,1,296814.71,296814.71,281973.97,216371.46,65602.51,Delivered,5
EXP-30814,2026-05-17,2026,May,CAR,Abra,High-Value Crops & Seeds,Fruit Tree Saplings Batch,Commercial Agri-Dealer,5,2428.32,12141.6,12141.6,8159.94,3981.66,Completed,4
EXP-30815,2025-12-14,2025,Dec,CAR,Mountain Province,Agricultural Machinery,Solar Irrigation Systems,Commercial Agri-Dealer,5,307537.44,1537687.2,1460802.84,917354.77,543448.07,Completed,5
EXP-30816,2026-07-20,2026,Jul,CAR,Apayao,Agricultural Machinery,Power Tillers,Farmer Association,1,87133.16,87133.16,87133.16,67070.71,20062.45,Completed,4
EXP-30817,2025-01-19,2025,Jan,CAR,Kalinga,Fertilizers & Soil Health,Bio-Inoculant Strains,Farmer Association,3,523.12,1569.36,1569.36,1172.31,397.05,Completed,4
EXP-30818,2025-06-29,2025,Jun,CAR,Benguet,Fertilizers & Soil Health,Soil Conditioner Granules,LGU Co-op Procurement,2,595.88,1191.76,1191.76,840.02,351.74,Completed,1
EXP-30819,2026-04-01,2026,Apr,Region III,Benguet,High-Value Crops & Seeds,High-Yield Corn Seeds,Direct DA Grant,2,2237.59,4475.18,4475.18,3341.42,1133.76,Completed,5
EXP-30820,2026-02-24,2026,Feb,Region III,Mountain Province,Fertilizers & Soil Health,Soil Conditioner Granules,Commercial Agri-Dealer,1,739.59,739.59,628.65,394.78,233.87,Completed,5
EXP-30821,2025-08-04,2025,Aug,CAR,Kalinga,Agricultural Machinery,Combine Harvesters,LGU Co-op Procurement,3,1610700.4,4832101.2,4832101.2,3902329.3,929771.9,Delivered,5
EXP-30822,2026-02-22,2026,Feb,CAR,Apayao,Fertilizers & Soil Health,Organic Fertilizer (50kg),Farmer Association,1,794.33,794.33,754.61,607.68,146.93,Completed,3
EXP-30823,2025-12-08,2025,Dec,CAR,Benguet,Fertilizers & Soil Health,Organic Fertilizer (50kg),LGU Co-op Procurement,2,710.42,1420.84,1420.84,919.48,501.36,Delivered,5
EXP-30824,2025-02-15,2025,Feb,CAR,Kalinga,High-Value Crops & Seeds,High-Yield Corn Seeds,Commercial Agri-Dealer,5,3247.22,16236.1,16236.1,11356.33,4879.77,Delivered,5
EXP-30825,2025-04-24,2025,Apr,CAR,Kalinga,Agricultural Machinery,Combine Harvesters,Direct DA Grant,1,1760171.9,1760171.9,1672163.3,1339878.68,332284.62,Completed,5
EXP-30826,2025-01-16,2025,Jan,CAR,Ifugao,Fertilizers & Soil Health,Soil Conditioner Granules,Commercial Agri-Dealer,3,1007.41,3022.23,3022.23,1879.6,1142.63,Pending Approval,5
EXP-30827,2025-08-19,2025,Aug,CAR,Abra,Fertilizers & Soil Health,Bio-Inoculant Strains,LGU Co-op Procurement,2,444.94,889.88,889.88,718.61,171.27,Delivered,4
EXP-30828,2026-01-06,2026,Jan,CAR,Apayao,Fertilizers & Soil Health,Inorganic NPK Blend,Farmer Association,2,1801.8,3603.6,3603.6,2944.18,659.42,In Transit,5
EXP-30829,2025-04-14,2025,Apr,CAR,Abra,High-Value Crops & Seeds,Certified Hybrid Rice Seeds,Direct DA Grant,5,2373.94,11869.7,11869.7,8612.51,3257.19,In Transit,5
EXP-30830,2025-03-28,2025,Mar,Region I,Apayao,Fertilizers & Soil Health,Organic Fertilizer (50kg),Farmer Association,50,455.56,22778.0,22778.0,14806.45,7971.55,Completed,4
EXP-30831,2026-06-04,2026,Jun,CAR,Kalinga,Fertilizers & Soil Health,Inorganic NPK Blend,LGU Co-op Procurement,20,1931.37,38627.4,38627.4,25848.09,12779.31,In Transit,1
EXP-30832,2026-05-21,2026,May,CAR,Kalinga,Fertilizers & Soil Health,Soil Conditioner Granules,LGU Co-op Procurement,1,779.0,779.0,740.05,569.96,170.09,Completed,5
EXP-30833,2026-05-17,2026,May,CAR,Kalinga,Agricultural Machinery,Combine Harvesters,Farmer Association,1,1650536.54,1650536.54,1650536.54,1230533.34,420003.2,Completed,5
EXP-30834,2025-11-17,2025,Nov,CAR,Ifugao,Fertilizers & Soil Health,Organic Fertilizer (50kg),Direct DA Grant,2,593.32,1186.64,1186.64,900.06,286.58,Delivered,4
EXP-30835,2025-01-11,2025,Jan,CAR,Abra,High-Value Crops & Seeds,Fruit Tree Saplings Batch,Direct DA Grant,1,1984.06,1984.06,1785.65,1392.73,392.92,Completed,5
EXP-30836,2025-11-15,2025,Nov,CAR,Apayao,Fertilizers & Soil Health,Organic Fertilizer (50kg),Direct DA Grant,1,755.85,755.85,755.85,461.38,294.47,Delivered,3
EXP-30837,2025-01-17,2025,Jan,CAR,Mountain Province,Fertilizers & Soil Health,Organic Fertilizer (50kg),Commercial Agri-Dealer,2,660.2,1320.4,1320.4,875.51,444.89,Completed,5
EXP-30838,2026-03-30,2026,Mar,CAR,Ifugao,Agricultural Machinery,Four-Wheel Tractors,Farmer Association,1,1219046.03,1219046.03,1158093.73,897355.3,260738.43,Completed,3
EXP-30839,2025-07-15,2025,Jul,CAR,Mountain Province,High-Value Crops & Seeds,High-Yield Corn Seeds,Direct DA Grant,2,3793.98,7587.96,7587.96,5738.37,1849.59,Completed,4
EXP-30840,2026-04-09,2026,Apr,CAR,Mountain Province,Fertilizers & Soil Health,Inorganic NPK Blend,Farmer Association,1,1909.29,1909.29,1909.29,1278.43,630.86,Completed,5
EXP-30841,2025-01-26,2025,Jan,CAR,Apayao,Fertilizers & Soil Health,Soil Conditioner Granules,Farmer Association,2,1167.19,2334.38,2217.66,1597.53,620.13,Completed,2
EXP-30842,2026-02-11,2026,Feb,CAR,Mountain Province,Agricultural Machinery,Combine Harvesters,Direct DA Grant,5,2122498.9,10612494.5,10081869.78,6920212.81,3161656.97,Under Review,5
EXP-30843,2026-03-23,2026,Mar,CAR,Apayao,Post-Harvest Facilities,Hermetic Storage Cocoons,Commercial Agri-Dealer,1,30435.81,30435.81,28914.02,22666.78,6247.24,Completed,3
EXP-30844,2025-12-24,2025,Dec,CAR,Mountain Province,Fertilizers & Soil Health,Inorganic NPK Blend,Farmer Association,2,1922.52,3845.04,3652.79,2693.95,958.84,Completed,5
EXP-30845,2025-05-04,2025,May,CAR,Benguet,Agricultural Machinery,Rice Transplanters,LGU Co-op Procurement,2,290432.87,580865.74,522779.17,346898.56,175880.61,Completed,4
EXP-30846,2025-12-17,2025,Dec,CAR,Mountain Province,Fertilizers & Soil Health,Inorganic NPK Blend,Direct DA Grant,1,1307.21,1307.21,1176.49,912.87,263.62,Completed,4
EXP-30847,2025-09-25,2025,Sep,CAR,Benguet,Fertilizers & Soil Health,Bio-Inoculant Strains,Farmer Association,2,318.82,637.64,637.64,439.0,198.64,Completed,5
EXP-30848,2026-04-23,2026,Apr,CAR,Apayao,High-Value Crops & Seeds,Certified Hybrid Rice Seeds,Farmer Association,5,3133.54,15667.7,14884.32,10846.18,4038.14,Completed,5
EXP-30849,2026-03-06,2026,Mar,CAR,Apayao,Agricultural Machinery,Solar Irrigation Systems,LGU Co-op Procurement,3,443277.8,1329833.4,1329833.4,938703.16,391130.24,Completed,2
EXP-30850,2026-01-05,2026,Jan,CAR,Abra,Agricultural Machinery,Combine Harvesters,LGU Co-op Procurement,2,1619870.37,3239740.74,3239740.74,2538368.47,701372.27,Completed,5
EXP-30851,2025-06-22,2025,Jun,Region I,Abra,Fertilizers & Soil Health,Organic Fertilizer (50kg),Commercial Agri-Dealer,2,819.69,1639.38,1557.41,1072.11,485.3,Completed,5
EXP-30852,2025-04-03,2025,Apr,Region I,Kalinga,Agricultural Machinery,Combine Harvesters,Commercial Agri-Dealer,1,1372194.27,1372194.27,1372194.27,905099.38,467094.89,Delivered,4
EXP-30853,2026-02-25,2026,Feb,CAR,Abra,Agricultural Machinery,Combine Harvesters,Farmer Association,1,2134651.95,2134651.95,2134651.95,1370720.96,763930.99,Delivered,4
EXP-30854,2026-06-09,2026,Jun,CAR,Apayao,Agricultural Machinery,Power Tillers,LGU Co-op Procurement,5,138739.26,693696.3,693696.3,500856.58,192839.72,Completed,4
EXP-30855,2025-11-14,2025,Nov,CAR,Mountain Province,Post-Harvest Facilities,Hermetic Storage Cocoons,Direct DA Grant,2,30167.57,60335.14,54301.63,34086.88,20214.75,Completed,4
EXP-30856,2025-03-27,2025,Mar,Region III,Benguet,High-Value Crops & Seeds,Fruit Tree Saplings Batch,LGU Co-op Procurement,2,1210.69,2421.38,2300.31,1382.09,918.22,Completed,3
EXP-30857,2025-06-17,2025,Jun,CAR,Mountain Province,High-Value Crops & Seeds,Fruit Tree Saplings Batch,Commercial Agri-Dealer,2,958.15,1916.3,1916.3,1262.08,654.22,Completed,3
EXP-30858,2026-01-31,2026,Jan,CAR,Apayao,Agricultural Machinery,Four-Wheel Tractors,Farmer Association,1,1133159.55,1133159.55,1019843.6,713789.81,306053.79,Completed,5
EXP-30859,2026-01-15,2026,Jan,CAR,Kalinga,Agricultural Machinery,Solar Irrigation Systems,Commercial Agri-Dealer,3,367157.36,1101472.08,1046398.48,789890.53,256507.95,Completed,5
EXP-30860,2026-06-10,2026,Jun,CAR,Mountain Province,Fertilizers & Soil Health,Soil Conditioner Granules,Farmer Association,3,781.29,2343.87,2109.48,1366.07,743.41,Completed,1
EXP-30861,2025-12-26,2025,Dec,CAR,Benguet,Agricultural Machinery,Power Tillers,Direct DA Grant,3,100554.41,301663.23,286580.07,223062.05,63518.02,Under Review,5
EXP-30862,2025-02-19,2025,Feb,CAR,Ifugao,Fertilizers & Soil Health,Organic Fertilizer (50kg),Farmer Association,1,741.28,741.28,741.28,576.95,164.33,Completed,1
EXP-30863,2025-12-15,2025,Dec,CAR,Mountain Province,Fertilizers & Soil Health,Organic Fertilizer (50kg),Farmer Association,1,724.68,724.68,688.45,523.98,164.47,Completed,5
EXP-30864,2026-02-01,2026,Feb,CAR,Mountain Province,Fertilizers & Soil Health,Inorganic NPK Blend,Farmer Association,2,1731.02,3462.04,3288.94,2429.15,859.79,Completed,5
EXP-30865,2026-02-21,2026,Feb,CAR,Apayao,Fertilizers & Soil Health,Bio-Inoculant Strains,Direct DA Grant,1,453.29,453.29,453.29,348.32,104.97,Completed,5
EXP-30866,2025-10-20,2025,Oct,CAR,Abra,Fertilizers & Soil Health,Bio-Inoculant Strains,Direct DA Grant,10,549.75,5497.5,5222.62,3700.04,1522.58,Delivered,5
EXP-30867,2025-09-29,2025,Sep,CAR,Apayao,High-Value Crops & Seeds,High-Yield Corn Seeds,Farmer Association,1,2724.72,2724.72,2316.01,1819.43,496.58,Completed,5
EXP-30868,2026-02-21,2026,Feb,CAR,Mountain Province,Fertilizers & Soil Health,Organic Fertilizer (50kg),LGU Co-op Procurement,1,461.99,461.99,438.89,280.15,158.74,Completed,4
EXP-30869,2026-03-19,2026,Mar,CAR,Abra,High-Value Crops & Seeds,Fruit Tree Saplings Batch,Farmer Association,1,1450.95,1450.95,1378.4,1093.85,284.55,Completed,4
EXP-30870,2026-07-21,2026,Jul,CAR,Apayao,Agricultural Machinery,Solar Irrigation Systems,Commercial Agri-Dealer,2,496876.94,993753.88,993753.88,635519.44,358234.44,Completed,5
EXP-30871,2026-06-20,2026,Jun,CAR,Ifugao,Agricultural Machinery,Combine Harvesters,Farmer Association,5,2002679.16,10013395.8,10013395.8,7363352.65,2650043.15,In Transit,5
EXP-30872,2025-07-23,2025,Jul,CAR,Abra,Agricultural Machinery,Rice Transplanters,Direct DA Grant,3,262825.39,788476.17,709628.55,434632.15,274996.4,Completed,5
EXP-30873,2025-03-12,2025,Mar,CAR,Mountain Province,Post-Harvest Facilities,Rice Mill Processing Line,Commercial Agri-Dealer,3,1622119.01,4866357.03,4866357.03,2995296.72,1871060.31,Completed,4
EXP-30874,2025-12-25,2025,Dec,CAR,Benguet,Agricultural Machinery,Combine Harvesters,Farmer Association,1,1739615.85,1739615.85,1739615.85,1195224.14,544391.71,Completed,5
EXP-30875,2026-03-09,2026,Mar,CAR,Mountain Province,Fertilizers & Soil Health,Inorganic NPK Blend,Direct DA Grant,1,1426.81,1426.81,1426.81,883.35,543.46,Completed,5
EXP-30876,2026-07-14,2026,Jul,CAR,Apayao,Agricultural Machinery,Combine Harvesters,Direct DA Grant,1,1970131.29,1970131.29,1871624.73,1126329.12,745295.61,Pending Approval,5
EXP-30877,2025-11-12,2025,Nov,CAR,Benguet,Agricultural Machinery,Solar Irrigation Systems,Commercial Agri-Dealer,1,445547.45,445547.45,445547.45,357964.31,87583.14,Pending Approval,5
EXP-30878,2025-12-08,2025,Dec,Region I,Mountain Province,High-Value Crops & Seeds,Fruit Tree Saplings Batch,Farmer Association,1,1079.87,1079.87,1079.87,739.58,340.29,Completed,4
EXP-30879,2025-06-09,2025,Jun,CAR,Benguet,High-Value Crops & Seeds,Certified Hybrid Rice Seeds,Direct DA Grant,3,1756.56,5269.68,4742.71,3140.92,1601.79,Completed,5
EXP-30880,2025-01-21,2025,Jan,CAR,Ifugao,Fertilizers & Soil Health,Organic Fertilizer (50kg),Direct DA Grant,3,553.77,1661.31,1661.31,1265.65,395.66,Under Review,3
EXP-30881,2025-01-04,2025,Jan,CAR,Ifugao,Agricultural Machinery,Power Tillers,Farmer Association,2,88811.37,177622.74,168741.6,134061.74,34679.86,Delivered,5
EXP-30882,2025-03-06,2025,Mar,Region II,Benguet,Agricultural Machinery,Power Tillers,Direct DA Grant,3,115101.4,345304.2,345304.2,207773.84,137530.36,Completed,5
EXP-30883,2025-10-23,2025,Oct,CAR,Kalinga,High-Value Crops & Seeds,Fruit Tree Saplings Batch,LGU Co-op Procurement,1,873.78,873.78,873.78,648.66,225.12,Completed,2
EXP-30884,2026-02-09,2026,Feb,CAR,Mountain Province,High-Value Crops & Seeds,Vegetable Seed Packs,LGU Co-op Procurement,2,654.81,1309.62,1178.66,805.21,373.45,Delivered,5
EXP-30885,2025-03-18,2025,Mar,CAR,Apayao,Agricultural Machinery,Rice Transplanters,LGU Co-op Procurement,2,289643.09,579286.18,579286.18,407397.88,171888.3,Completed,5
EXP-30886,2026-07-13,2026,Jul,CAR,Apayao,Post-Harvest Facilities,Hermetic Storage Cocoons,Direct DA Grant,1,23538.31,23538.31,23538.31,19192.3,4346.01,Delivered,2
EXP-30887,2025-06-29,2025,Jun,Region II,Abra,Fertilizers & Soil Health,Bio-Inoculant Strains,Direct DA Grant,1,401.56,401.56,381.48,285.18,96.3,Completed,5
EXP-30888,2026-01-10,2026,Jan,CAR,Apayao,High-Value Crops & Seeds,High-Yield Corn Seeds,Commercial Agri-Dealer,1,2468.27,2468.27,2468.27,1499.12,969.15,Completed,3
EXP-30889,2025-05-26,2025,May,CAR,Kalinga,Fertilizers & Soil Health,Inorganic NPK Blend,LGU Co-op Procurement,5,1809.81,9049.05,9049.05,6434.29,2614.76,In Transit,5
EXP-30890,2025-06-08,2025,Jun,CAR,Benguet,Agricultural Machinery,Combine Harvesters,Direct DA Grant,2,1540274.98,3080549.96,2772494.96,1966138.93,806356.03,Completed,5
EXP-30891,2025-09-29,2025,Sep,CAR,Kalinga,Fertilizers & Soil Health,Inorganic NPK Blend,Commercial Agri-Dealer,3,1889.73,5669.19,5669.19,3677.3,1991.89,Completed,5
EXP-30892,2026-06-14,2026,Jun,CAR,Apayao,Fertilizers & Soil Health,Soil Conditioner Granules,LGU Co-op Procurement,2,626.46,1252.92,1252.92,969.79,283.13,Delivered,5
EXP-30893,2025-08-25,2025,Aug,CAR,Ifugao,Agricultural Machinery,Rice Transplanters,Direct DA Grant,1,162881.02,162881.02,162881.02,130318.07,32562.95,Completed,5
EXP-30894,2026-01-24,2026,Jan,CAR,Kalinga,High-Value Crops & Seeds,Fruit Tree Saplings Batch,Commercial Agri-Dealer,1,1638.97,1638.97,1557.02,1173.89,383.13,Pending Approval,3
EXP-30895,2025-12-23,2025,Dec,CAR,Benguet,High-Value Crops & Seeds,High-Yield Corn Seeds,Direct DA Grant,10,2130.35,21303.5,21303.5,14088.56,7214.94,Completed,4
EXP-30896,2025-12-03,2025,Dec,CAR,Kalinga,Agricultural Machinery,Power Tillers,Commercial Agri-Dealer,5,136525.67,682628.35,648496.93,431166.44,217330.49,In Transit,3
EXP-30897,2026-03-02,2026,Mar,CAR,Mountain Province,Fertilizers & Soil Health,Inorganic NPK Blend,Commercial Agri-Dealer,1,1970.86,1970.86,1872.32,1161.89,710.43,Delivered,5
EXP-30898,2025-08-09,2025,Aug,CAR,Apayao,Agricultural Machinery,Four-Wheel Tractors,Direct DA Grant,1,913326.93,913326.93,913326.93,652370.0,260956.93,Completed,4
EXP-30899,2026-06-02,2026,Jun,Region II,Apayao,Fertilizers & Soil Health,Inorganic NPK Blend,Direct DA Grant,1,2057.44,2057.44,1954.57,1223.51,731.06,Delivered,4
EXP-30900,2026-03-30,2026,Mar,Region II,Ifugao,High-Value Crops & Seeds,Certified Hybrid Rice Seeds,Farmer Association,2,2604.21,5208.42,5208.42,3286.36,1922.06,Completed,5
EXP-30901,2025-12-03,2025,Dec,Region III,Benguet,Agricultural Machinery,Solar Irrigation Systems,Direct DA Grant,20,257225.2,5144504.0,5144504.0,3553758.48,1590745.52,Completed,4
EXP-30902,2026-03-07,2026,Mar,CAR,Abra,High-Value Crops & Seeds,Certified Hybrid Rice Seeds,Direct DA Grant,10,1851.76,18517.6,18517.6,11577.04,6940.56,Completed,5
EXP-30903,2026-01-11,2026,Jan,Region I,Kalinga,High-Value Crops & Seeds,Certified Hybrid Rice Seeds,Direct DA Grant,20,2353.68,47073.6,42366.24,33482.62,8883.62,Delivered,5
EXP-30904,2025-06-27,2025,Jun,CAR,Kalinga,Fertilizers & Soil Health,Organic Fertilizer (50kg),LGU Co-op Procurement,1,730.25,730.25,693.74,537.28,156.46,Delivered,5
EXP-30905,2026-01-13,2026,Jan,CAR,Benguet,Fertilizers & Soil Health,Soil Conditioner Granules,Farmer Association,1,643.14,643.14,643.14,405.46,237.68,Delivered,4
EXP-30906,2026-06-14,2026,Jun,CAR,Ifugao,High-Value Crops & Seeds,Vegetable Seed Packs,Commercial Agri-Dealer,1,260.1,260.1,247.09,148.76,98.33,Delivered,5
EXP-30907,2025-10-25,2025,Oct,CAR,Ifugao,Fertilizers & Soil Health,Inorganic NPK Blend,LGU Co-op Procurement,1,1437.47,1437.47,1293.72,874.48,419.24,Delivered,5
EXP-30908,2025-07-23,2025,Jul,CAR,Abra,Agricultural Machinery,Four-Wheel Tractors,Direct DA Grant,2,848924.27,1697848.54,1528063.69,917487.67,610576.02,Delivered,5
EXP-30909,2026-06-04,2026,Jun,CAR,Apayao,High-Value Crops & Seeds,High-Yield Corn Seeds,Commercial Agri-Dealer,1,3310.86,3310.86,3310.86,2585.72,725.14,Delivered,5
EXP-30910,2025-07-29,2025,Jul,CAR,Abra,Fertilizers & Soil Health,Bio-Inoculant Strains,Direct DA Grant,2,315.7,631.4,631.4,504.69,126.71,Completed,5
EXP-30911,2025-04-15,2025,Apr,CAR,Apayao,Agricultural Machinery,Combine Harvesters,LGU Co-op Procurement,1,1233052.19,1233052.19,1233052.19,946811.16,286241.03,Delivered,3
EXP-30912,2025-09-18,2025,Sep,CAR,Abra,Fertilizers & Soil Health,Soil Conditioner Granules,LGU Co-op Procurement,3,665.85,1997.55,1697.92,1192.97,504.95,Completed,5
EXP-30913,2025-05-21,2025,May,CAR,Apayao,Post-Harvest Facilities,Hermetic Storage Cocoons,Commercial Agri-Dealer,3,22786.57,68359.71,68359.71,42267.11,26092.6,Completed,5
EXP-30914,2025-08-16,2025,Aug,CAR,Ifugao,High-Value Crops & Seeds,Certified Hybrid Rice Seeds,LGU Co-op Procurement,3,2777.16,8331.48,8331.48,5904.33,2427.15,Completed,4
EXP-30915,2025-02-25,2025,Feb,CAR,Abra,Agricultural Machinery,Solar Irrigation Systems,Direct DA Grant,50,306898.47,15344923.5,15344923.5,9257423.46,6087500.04,Delivered,4
EXP-30916,2025-02-20,2025,Feb,Region II,Abra,High-Value Crops & Seeds,High-Yield Corn Seeds,Commercial Agri-Dealer,3,2388.08,7164.24,7164.24,4939.73,2224.51,Completed,5
EXP-30917,2025-03-12,2025,Mar,CAR,Mountain Province,High-Value Crops & Seeds,Vegetable Seed Packs,Direct DA Grant,1,514.76,514.76,514.76,346.46,168.3,Completed,3
EXP-30918,2025-09-01,2025,Sep,CAR,Benguet,Post-Harvest Facilities,Hermetic Storage Cocoons,LGU Co-op Procurement,2,15150.77,30301.54,30301.54,24252.61,6048.93,Delivered,4
EXP-30919,2026-04-06,2026,Apr,CAR,Apayao,Fertilizers & Soil Health,Soil Conditioner Granules,LGU Co-op Procurement,3,760.57,2281.71,2281.71,1581.3,700.41,Under Review,5
EXP-30920,2025-05-21,2025,May,CAR,Apayao,Post-Harvest Facilities,Rice Mill Processing Line,LGU Co-op Procurement,2,1021368.1,2042736.2,2042736.2,1315679.79,727056.41,Delivered,5
EXP-30921,2026-06-24,2026,Jun,CAR,Abra,Post-Harvest Facilities,Multi-Crop Dryer Unit,Commercial Agri-Dealer,1,461555.33,461555.33,461555.33,333632.77,127922.56,In Transit,5
EXP-30922,2025-02-25,2025,Feb,Region I,Ifugao,Agricultural Machinery,Combine Harvesters,Farmer Association,1,1671540.13,1671540.13,1671540.13,1351480.51,320059.62,Completed,3
EXP-30923,2025-09-10,2025,Sep,CAR,Ifugao,High-Value Crops & Seeds,Vegetable Seed Packs,Direct DA Grant,2,300.52,601.04,510.88,400.4,110.48,Pending Approval,3
EXP-30924,2026-03-20,2026,Mar,CAR,Mountain Province,Fertilizers & Soil Health,Bio-Inoculant Strains,Direct DA Grant,2,654.12,1308.24,1308.24,1022.1,286.14,Completed,4
EXP-30925,2025-09-26,2025,Sep,CAR,Mountain Province,Agricultural Machinery,Power Tillers,Commercial Agri-Dealer,10,70783.83,707838.3,707838.3,513333.69,194504.61,Completed,4
EXP-30926,2026-01-11,2026,Jan,CAR,Apayao,Fertilizers & Soil Health,Inorganic NPK Blend,LGU Co-op Procurement,5,1895.55,9477.75,9003.86,7338.94,1664.92,In Transit,5
EXP-30927,2026-06-24,2026,Jun,CAR,Apayao,Fertilizers & Soil Health,Organic Fertilizer (50kg),LGU Co-op Procurement,1,669.87,669.87,669.87,451.56,218.31,Under Review,4
EXP-30928,2025-07-18,2025,Jul,CAR,Ifugao,Agricultural Machinery,Combine Harvesters,LGU Co-op Procurement,1,1589775.32,1589775.32,1510286.55,947451.2,562835.35,Under Review,3
EXP-30929,2026-02-20,2026,Feb,CAR,Apayao,Fertilizers & Soil Health,Bio-Inoculant Strains,LGU Co-op Procurement,5,315.04,1575.2,1575.2,1057.79,517.41,Completed,3
EXP-30930,2026-04-30,2026,Apr,CAR,Mountain Province,Agricultural Machinery,Solar Irrigation Systems,Commercial Agri-Dealer,10,312963.71,3129637.1,2973155.25,2394408.61,578746.64,Delivered,4
EXP-30931,2025-01-22,2025,Jan,CAR,Mountain Province,High-Value Crops & Seeds,Fruit Tree Saplings Batch,LGU Co-op Procurement,1,1632.82,1632.82,1551.18,1072.96,478.22,Completed,5
EXP-30932,2025-01-08,2025,Jan,CAR,Benguet,Fertilizers & Soil Health,Bio-Inoculant Strains,Farmer Association,1,631.24,631.24,568.12,452.46,115.66,Completed,1
EXP-30933,2025-08-08,2025,Aug,Region I,Ifugao,Agricultural Machinery,Power Tillers,LGU Co-op Procurement,2,83321.35,166642.7,166642.7,133785.8,32856.9,Delivered,5
EXP-30934,2025-10-29,2025,Oct,CAR,Benguet,Agricultural Machinery,Combine Harvesters,Direct DA Grant,2,1225447.14,2450894.28,2205804.85,1752892.03,452912.82,Completed,5
EXP-30935,2026-01-13,2026,Jan,CAR,Kalinga,Fertilizers & Soil Health,Soil Conditioner Granules,Commercial Agri-Dealer,10,1074.84,10748.4,10748.4,8169.95,2578.45,Completed,4
EXP-30936,2026-04-13,2026,Apr,CAR,Mountain Province,High-Value Crops & Seeds,High-Yield Corn Seeds,LGU Co-op Procurement,5,3599.71,17998.55,15298.77,9826.06,5472.71,Completed,5
EXP-30937,2025-09-20,2025,Sep,CAR,Mountain Province,Agricultural Machinery,Four-Wheel Tractors,LGU Co-op Procurement,1,1436176.82,1436176.82,1436176.82,1088878.16,347298.66,Delivered,5
EXP-30938,2026-04-10,2026,Apr,CAR,Abra,High-Value Crops & Seeds,Vegetable Seed Packs,Commercial Agri-Dealer,1,338.78,338.78,321.84,251.72,70.12,Delivered,5
EXP-30939,2025-04-26,2025,Apr,CAR,Ifugao,High-Value Crops & Seeds,Fruit Tree Saplings Batch,Commercial Agri-Dealer,1,2468.41,2468.41,2344.99,1521.83,823.16,Completed,5
EXP-30940,2025-08-10,2025,Aug,Region III,Benguet,High-Value Crops & Seeds,Vegetable Seed Packs,Farmer Association,1,593.76,593.76,564.07,431.14,132.93,Completed,5
EXP-30941,2025-12-29,2025,Dec,CAR,Apayao,Agricultural Machinery,Power Tillers,Direct DA Grant,5,71639.32,358196.6,358196.6,265822.04,92374.56,Completed,5
EXP-30942,2025-09-17,2025,Sep,CAR,Mountain Province,High-Value Crops & Seeds,Fruit Tree Saplings Batch,Direct DA Grant,2,1903.46,3806.92,3806.92,2310.83,1496.09,Completed,4
EXP-30943,2026-06-23,2026,Jun,CAR,Ifugao,Post-Harvest Facilities,Rice Mill Processing Line,Farmer Association,5,1221809.19,6109045.95,6109045.95,4042035.65,2067010.3,Completed,5
EXP-30944,2026-07-01,2026,Jul,CAR,Mountain Province,Post-Harvest Facilities,Multi-Crop Dryer Unit,Commercial Agri-Dealer,5,677682.07,3388410.35,3218989.83,2222854.21,996135.62,Delivered,5
EXP-30945,2025-01-08,2025,Jan,Region I,Benguet,Fertilizers & Soil Health,Inorganic NPK Blend,Commercial Agri-Dealer,1,1123.31,1123.31,1123.31,778.87,344.44,Completed,4
EXP-30946,2025-02-08,2025,Feb,CAR,Ifugao,Fertilizers & Soil Health,Organic Fertilizer (50kg),Direct DA Grant,2,569.18,1138.36,1138.36,895.67,242.69,Completed,5
EXP-30947,2025-03-06,2025,Mar,CAR,Benguet,Agricultural Machinery,Solar Irrigation Systems,LGU Co-op Procurement,10,329415.27,3294152.7,3129445.06,2402737.12,726707.94,Completed,5
EXP-30948,2026-01-07,2026,Jan,CAR,Kalinga,Post-Harvest Facilities,Rice Mill Processing Line,Commercial Agri-Dealer,1,1001648.44,1001648.44,951566.02,605941.15,345624.87,In Transit,4
EXP-30949,2025-09-20,2025,Sep,Region II,Kalinga,Fertilizers & Soil Health,Organic Fertilizer (50kg),LGU Co-op Procurement,3,839.42,2518.26,2518.26,1603.1,915.16,Delivered,2
EXP-30950,2025-01-02,2025,Jan,CAR,Benguet,High-Value Crops & Seeds,Vegetable Seed Packs,Commercial Agri-Dealer,2,583.98,1167.96,1167.96,799.14,368.82,Delivered,4
EXP-30951,2025-03-24,2025,Mar,CAR,Ifugao,Fertilizers & Soil Health,Soil Conditioner Granules,Commercial Agri-Dealer,1,1081.99,1081.99,1081.99,700.14,381.85,Completed,2
EXP-30952,2026-04-13,2026,Apr,CAR,Kalinga,High-Value Crops & Seeds,Vegetable Seed Packs,LGU Co-op Procurement,1,791.29,791.29,751.73,492.86,258.87,Under Review,5
EXP-30953,2025-11-08,2025,Nov,CAR,Abra,Post-Harvest Facilities,Cold Storage Module,Commercial Agri-Dealer,1,2772091.5,2772091.5,2633486.92,1974125.35,659361.57,In Transit,5
EXP-30954,2025-04-15,2025,Apr,CAR,Kalinga,Agricultural Machinery,Solar Irrigation Systems,Farmer Association,1,407967.85,407967.85,407967.85,332672.33,75295.52,Completed,4
EXP-30955,2026-02-09,2026,Feb,CAR,Abra,Fertilizers & Soil Health,Soil Conditioner Granules,Farmer Association,50,909.49,45474.5,45474.5,34776.26,10698.24,Completed,5
EXP-30956,2025-11-06,2025,Nov,CAR,Ifugao,Agricultural Machinery,Combine Harvesters,Farmer Association,3,1516596.35,4549789.05,4549789.05,3709075.78,840713.27,Completed,4
EXP-30957,2026-05-26,2026,May,CAR,Kalinga,Agricultural Machinery,Rice Transplanters,Farmer Association,3,201716.84,605150.52,544635.47,355021.27,189614.2,Completed,3
EXP-30958,2026-07-14,2026,Jul,CAR,Kalinga,Agricultural Machinery,Combine Harvesters,Direct DA Grant,2,1627106.56,3254213.12,3254213.12,2518229.23,735983.89,Completed,5
EXP-30959,2025-12-24,2025,Dec,CAR,Mountain Province,Agricultural Machinery,Rice Transplanters,Direct DA Grant,1,232813.57,232813.57,232813.57,184374.94,48438.63,Completed,4
EXP-30960,2025-04-21,2025,Apr,CAR,Mountain Province,Agricultural Machinery,Four-Wheel Tractors,Direct DA Grant,2,975039.73,1950079.46,1950079.46,1538493.86,411585.6,Completed,4
EXP-30961,2026-05-12,2026,May,CAR,Abra,Fertilizers & Soil Health,Soil Conditioner Granules,Commercial Agri-Dealer,1,659.0,659.0,659.0,472.44,186.56,Delivered,5
EXP-30962,2026-06-21,2026,Jun,CAR,Benguet,Agricultural Machinery,Rice Transplanters,Farmer Association,1,303879.16,303879.16,288685.2,211281.26,77403.94,Completed,5
EXP-30963,2026-01-29,2026,Jan,CAR,Mountain Province,High-Value Crops & Seeds,High-Yield Corn Seeds,Commercial Agri-Dealer,5,2476.57,12382.85,12382.85,10073.84,2309.01,Completed,4
EXP-30964,2025-04-09,2025,Apr,CAR,Apayao,Agricultural Machinery,Power Tillers,Direct DA Grant,3,79440.15,238320.45,238320.45,187825.0,50495.45,Completed,5
EXP-30965,2026-01-03,2026,Jan,CAR,Kalinga,Agricultural Machinery,Power Tillers,Farmer Association,2,84763.36,169526.72,169526.72,120257.32,49269.4,Under Review,4
EXP-30966,2025-06-18,2025,Jun,CAR,Benguet,Fertilizers & Soil Health,Soil Conditioner Granules,LGU Co-op Procurement,2,851.85,1703.7,1703.7,1126.69,577.01,Completed,4
EXP-30967,2025-02-12,2025,Feb,CAR,Ifugao,High-Value Crops & Seeds,Vegetable Seed Packs,Farmer Association,2,725.75,1451.5,1233.77,759.92,473.85,Completed,5
EXP-30968,2025-01-23,2025,Jan,CAR,Kalinga,Fertilizers & Soil Health,Bio-Inoculant Strains,LGU Co-op Procurement,1,541.33,541.33,541.33,413.61,127.72,Completed,4
EXP-30969,2026-06-01,2026,Jun,CAR,Mountain Province,Agricultural Machinery,Combine Harvesters,Commercial Agri-Dealer,2,1282927.15,2565854.3,2565854.3,2052005.88,513848.42,Completed,5
EXP-30970,2025-08-18,2025,Aug,CAR,Mountain Province,High-Value Crops & Seeds,High-Yield Corn Seeds,Direct DA Grant,1,3745.71,3745.71,3558.42,2443.7,1114.72,Completed,4
EXP-30971,2025-04-19,2025,Apr,CAR,Abra,Post-Harvest Facilities,Cold Storage Module,Commercial Agri-Dealer,2,2665954.55,5331909.1,5331909.1,3633538.43,1698370.67,Completed,5
EXP-30972,2025-03-14,2025,Mar,CAR,Apayao,Agricultural Machinery,Combine Harvesters,LGU Co-op Procurement,2,1568882.52,3137765.04,3137765.04,2433867.42,703897.62,In Transit,4
EXP-30973,2025-12-05,2025,Dec,CAR,Abra,Agricultural Machinery,Combine Harvesters,Commercial Agri-Dealer,1,2110346.35,2110346.35,2110346.35,1711246.88,399099.47,Completed,5
EXP-30974,2025-03-10,2025,Mar,CAR,Apayao,Agricultural Machinery,Combine Harvesters,Farmer Association,5,1303730.16,6518650.8,6192718.26,4442613.49,1750104.77,Delivered,4
EXP-30975,2025-01-03,2025,Jan,Region II,Mountain Province,High-Value Crops & Seeds,Vegetable Seed Packs,LGU Co-op Procurement,3,530.22,1590.66,1590.66,1164.85,425.81,Delivered,5
EXP-30976,2025-03-01,2025,Mar,CAR,Abra,High-Value Crops & Seeds,Certified Hybrid Rice Seeds,Commercial Agri-Dealer,2,2270.1,4540.2,4313.19,2847.44,1465.75,Delivered,4
EXP-30977,2025-08-13,2025,Aug,CAR,Mountain Province,Fertilizers & Soil Health,Soil Conditioner Granules,Farmer Association,5,890.46,4452.3,4452.3,3593.35,858.95,Completed,5
EXP-30978,2026-04-11,2026,Apr,CAR,Mountain Province,Post-Harvest Facilities,Cold Storage Module,LGU Co-op Procurement,5,1327812.2,6639061.0,6639061.0,5076539.39,1562521.61,Completed,4
EXP-30979,2026-03-20,2026,Mar,CAR,Benguet,Fertilizers & Soil Health,Organic Fertilizer (50kg),Farmer Association,2,440.64,881.28,881.28,549.04,332.24,Completed,5
EXP-30980,2025-09-12,2025,Sep,CAR,Benguet,Post-Harvest Facilities,Hermetic Storage Cocoons,Commercial Agri-Dealer,1,29837.69,29837.69,29837.69,21470.92,8366.77,Delivered,5
EXP-30981,2026-05-18,2026,May,CAR,Apayao,Agricultural Machinery,Rice Transplanters,LGU Co-op Procurement,2,154004.71,308009.42,308009.42,185404.12,122605.3,Completed,4
EXP-30982,2026-01-28,2026,Jan,CAR,Mountain Province,Fertilizers & Soil Health,Organic Fertilizer (50kg),Farmer Association,2,817.83,1635.66,1553.88,1221.34,332.54,Under Review,3
EXP-30983,2025-02-15,2025,Feb,CAR,Abra,Post-Harvest Facilities,Cold Storage Module,Direct DA Grant,2,2682703.72,5365407.44,4560596.32,3210212.01,1350384.31,Completed,5
EXP-30984,2026-07-04,2026,Jul,CAR,Benguet,Agricultural Machinery,Solar Irrigation Systems,LGU Co-op Procurement,2,469046.33,938092.66,938092.66,740286.75,197805.91,Delivered,5
EXP-30985,2026-07-02,2026,Jul,CAR,Apayao,Fertilizers & Soil Health,Inorganic NPK Blend,Commercial Agri-Dealer,3,1329.22,3987.66,3588.89,2472.12,1116.77,In Transit,4
EXP-30986,2026-02-17,2026,Feb,CAR,Ifugao,Post-Harvest Facilities,Hermetic Storage Cocoons,Farmer Association,1,19201.94,19201.94,19201.94,13681.1,5520.84,Under Review,5
EXP-30987,2025-03-19,2025,Mar,CAR,Ifugao,Agricultural Machinery,Solar Irrigation Systems,LGU Co-op Procurement,3,586802.04,1760406.12,1672385.81,1196666.44,475719.37,Delivered,5
EXP-30988,2025-01-16,2025,Jan,CAR,Ifugao,Fertilizers & Soil Health,Soil Conditioner Granules,Direct DA Grant,3,1093.3,3279.9,2951.91,2236.95,714.96,Completed,5
EXP-30989,2026-03-17,2026,Mar,CAR,Benguet,Post-Harvest Facilities,Rice Mill Processing Line,LGU Co-op Procurement,3,1126252.35,3378757.05,3378757.05,2368297.62,1010459.43,Completed,5
EXP-30990,2025-09-06,2025,Sep,CAR,Kalinga,Fertilizers & Soil Health,Organic Fertilizer (50kg),LGU Co-op Procurement,1,670.01,670.01,670.01,442.49,227.52,Delivered,4
EXP-30991,2026-06-23,2026,Jun,CAR,Benguet,Agricultural Machinery,Rice Transplanters,Direct DA Grant,3,199058.02,597174.06,597174.06,477712.52,119461.54,Completed,5
EXP-30992,2025-04-02,2025,Apr,CAR,Kalinga,Post-Harvest Facilities,Rice Mill Processing Line,LGU Co-op Procurement,20,1389111.58,27782231.6,27782231.6,16760219.48,11022012.12,Under Review,5
EXP-30993,2025-03-03,2025,Mar,CAR,Apayao,Agricultural Machinery,Power Tillers,Farmer Association,1,123894.99,123894.99,117700.24,72389.96,45310.28,In Transit,4
EXP-30994,2026-02-16,2026,Feb,CAR,Mountain Province,Agricultural Machinery,Solar Irrigation Systems,Commercial Agri-Dealer,2,314528.88,629057.76,629057.76,513342.47,115715.29,Completed,4
EXP-30995,2026-05-03,2026,May,CAR,Mountain Province,High-Value Crops & Seeds,Vegetable Seed Packs,Direct DA Grant,10,407.97,4079.7,3875.71,3154.65,721.06,Completed,5
EXP-30996,2025-03-23,2025,Mar,CAR,Kalinga,High-Value Crops & Seeds,Certified Hybrid Rice Seeds,Farmer Association,50,1661.28,83064.0,83064.0,65394.35,17669.65,Completed,1
EXP-30997,2025-05-24,2025,May,CAR,Benguet,Post-Harvest Facilities,Rice Mill Processing Line,Direct DA Grant,3,988050.63,2964151.89,2667736.7,1883583.71,784152.99,Completed,4
EXP-30998,2025-11-08,2025,Nov,CAR,Mountain Province,Fertilizers & Soil Health,Bio-Inoculant Strains,LGU Co-op Procurement,5,308.31,1541.55,1541.55,1099.76,441.79,Completed,4
EXP-30999,2026-03-25,2026,Mar,CAR,Kalinga,High-Value Crops & Seeds,High-Yield Corn Seeds,Farmer Association,3,2165.3,6495.9,6495.9,4912.05,1583.85,Delivered,5
EXP-31000,2026-01-15,2026,Jan,CAR,Mountain Province,High-Value Crops & Seeds,Certified Hybrid Rice Seeds,Commercial Agri-Dealer,10,1699.92,16999.2,16999.2,13937.98,3061.22,Completed,5
EXP-31001,2025-05-23,2025,May,CAR,Benguet,High-Value Crops & Seeds,Fruit Tree Saplings Batch,Commercial Agri-Dealer,1,2150.08,2150.08,1827.57,1298.54,529.03,Delivered,5
EXP-31002,2025-03-14,2025,Mar,CAR,Benguet,Agricultural Machinery,Power Tillers,LGU Co-op Procurement,2,129023.08,258046.16,258046.16,176221.87,81824.29,Completed,5
EXP-31003,2025-11-12,2025,Nov,Region II,Apayao,High-Value Crops & Seeds,Certified Hybrid Rice Seeds,Farmer Association,2,2596.15,5192.3,5192.3,4197.34,994.96,Completed,5
EXP-31004,2025-11-04,2025,Nov,CAR,Benguet,High-Value Crops & Seeds,High-Yield Corn Seeds,Direct DA Grant,1,2512.76,2512.76,2512.76,2032.19,480.57,Completed,5
EXP-31005,2026-05-31,2026,May,CAR,Abra,Agricultural Machinery,Solar Irrigation Systems,Direct DA Grant,5,287364.72,1436823.6,1364982.42,971300.83,393681.59,Completed,2
EXP-31006,2025-05-07,2025,May,CAR,Mountain Province,Agricultural Machinery,Combine Harvesters,Commercial Agri-Dealer,2,2161666.77,4323333.54,4107166.86,2503845.92,1603320.94,Completed,3
EXP-31007,2025-05-09,2025,May,CAR,Apayao,High-Value Crops & Seeds,Certified Hybrid Rice Seeds,Commercial Agri-Dealer,1,1995.68,1995.68,1796.11,1309.78,486.33,Completed,5
EXP-31008,2025-10-24,2025,Oct,CAR,Ifugao,Post-Harvest Facilities,Hermetic Storage Cocoons,Farmer Association,1,38807.74,38807.74,38807.74,29335.56,9472.18,Completed,5
EXP-31009,2025-07-23,2025,Jul,CAR,Mountain Province,Agricultural Machinery,Four-Wheel Tractors,LGU Co-op Procurement,5,1102713.15,5513565.75,5513565.75,3556868.09,1956697.66,Completed,4
EXP-31010,2025-05-15,2025,May,CAR,Mountain Province,Agricultural Machinery,Rice Transplanters,Commercial Agri-Dealer,1,297917.3,297917.3,283021.43,195036.43,87985.0,Completed,4
EXP-31011,2025-10-21,2025,Oct,CAR,Kalinga,High-Value Crops & Seeds,Fruit Tree Saplings Batch,Direct DA Grant,3,1808.08,5424.24,5153.03,3357.6,1795.43,Completed,4
EXP-31012,2025-09-03,2025,Sep,CAR,Abra,Fertilizers & Soil Health,Soil Conditioner Granules,Commercial Agri-Dealer,1,607.02,607.02,607.02,381.29,225.73,Completed,4
EXP-31013,2025-09-17,2025,Sep,CAR,Benguet,High-Value Crops & Seeds,Certified Hybrid Rice Seeds,Farmer Association,2,1772.64,3545.28,3190.75,2022.28,1168.47,Completed,3
EXP-31014,2026-04-11,2026,Apr,CAR,Apayao,High-Value Crops & Seeds,Fruit Tree Saplings Batch,LGU Co-op Procurement,2,980.86,1961.72,1863.63,1230.89,632.74,Completed,5
EXP-31015,2025-06-26,2025,Jun,CAR,Benguet,Agricultural Machinery,Rice Transplanters,Commercial Agri-Dealer,1,311002.26,311002.26,311002.26,188792.05,122210.21,Completed,2
EXP-31016,2025-09-15,2025,Sep,CAR,Abra,Post-Harvest Facilities,Rice Mill Processing Line,LGU Co-op Procurement,2,1665393.97,3330787.94,3330787.94,2176391.23,1154396.71,Under Review,3
EXP-31017,2025-01-11,2025,Jan,CAR,Abra,Agricultural Machinery,Combine Harvesters,Direct DA Grant,50,2105876.42,105293821.0,105293821.0,69211977.91,36081843.09,In Transit,3
EXP-31018,2026-07-08,2026,Jul,CAR,Benguet,Fertilizers & Soil Health,Soil Conditioner Granules,Farmer Association,1,962.7,962.7,914.57,729.23,185.34,Completed,3
EXP-31019,2026-06-24,2026,Jun,CAR,Apayao,Agricultural Machinery,Four-Wheel Tractors,Farmer Association,1,1462594.69,1462594.69,1389464.96,1059929.54,329535.42,Completed,4
EXP-31020,2026-02-24,2026,Feb,Region I,Ifugao,High-Value Crops & Seeds,Certified Hybrid Rice Seeds,Direct DA Grant,1,2453.9,2453.9,2453.9,1844.78,609.12,Completed,4
EXP-31021,2025-01-08,2025,Jan,CAR,Kalinga,High-Value Crops & Seeds,Fruit Tree Saplings Batch,LGU Co-op Procurement,5,1813.86,9069.3,8615.83,6596.69,2019.14,Completed,3
EXP-31022,2025-12-03,2025,Dec,CAR,Mountain Province,Fertilizers & Soil Health,Bio-Inoculant Strains,Direct DA Grant,2,400.06,800.12,800.12,633.16,166.96,Completed,5
EXP-31023,2025-06-27,2025,Jun,Region II,Apayao,Fertilizers & Soil Health,Bio-Inoculant Strains,LGU Co-op Procurement,10,693.74,6937.4,6590.53,5304.58,1285.95,Completed,4
EXP-31024,2025-04-23,2025,Apr,CAR,Benguet,Fertilizers & Soil Health,Organic Fertilizer (50kg),Direct DA Grant,5,415.29,2076.45,2076.45,1288.56,787.89,Completed,5
EXP-31025,2025-01-12,2025,Jan,CAR,Mountain Province,High-Value Crops & Seeds,Fruit Tree Saplings Batch,Farmer Association,2,1254.46,2508.92,2508.92,1543.43,965.49,Completed,5
EXP-31026,2025-04-15,2025,Apr,CAR,Abra,Fertilizers & Soil Health,Organic Fertilizer (50kg),Farmer Association,2,540.03,1080.06,1026.06,653.65,372.41,Delivered,4
EXP-31027,2026-01-17,2026,Jan,CAR,Ifugao,Fertilizers & Soil Health,Bio-Inoculant Strains,LGU Co-op Procurement,1,413.65,413.65,413.65,271.09,142.56,Completed,4
EXP-31028,2026-05-13,2026,May,CAR,Ifugao,Agricultural Machinery,Power Tillers,LGU Co-op Procurement,1,84064.49,84064.49,84064.49,57048.08,27016.41,Completed,4
EXP-31029,2025-10-17,2025,Oct,CAR,Mountain Province,Fertilizers & Soil Health,Organic Fertilizer (50kg),Direct DA Grant,1,734.48,734.48,734.48,465.88,268.6,Delivered,5
EXP-31030,2026-05-03,2026,May,CAR,Kalinga,High-Value Crops & Seeds,Vegetable Seed Packs,Commercial Agri-Dealer,2,497.71,995.42,846.11,655.57,190.54,Completed,5
EXP-31031,2026-05-15,2026,May,CAR,Mountain Province,Fertilizers & Soil Health,Organic Fertilizer (50kg),Commercial Agri-Dealer,50,729.11,36455.5,36455.5,28890.9,7564.6,Delivered,5
EXP-31032,2026-01-22,2026,Jan,CAR,Kalinga,Agricultural Machinery,Rice Transplanters,Farmer Association,2,281155.46,562310.92,562310.92,341146.97,221163.95,In Transit,3
EXP-31033,2026-02-04,2026,Feb,Region I,Benguet,High-Value Crops & Seeds,Certified Hybrid Rice Seeds,Direct DA Grant,20,1695.21,33904.2,33904.2,25162.87,8741.33,In Transit,5
EXP-31034,2026-01-25,2026,Jan,CAR,Ifugao,Fertilizers & Soil Health,Inorganic NPK Blend,LGU Co-op Procurement,1,1416.96,1416.96,1346.11,974.45,371.66,In Transit,4
EXP-31035,2025-01-10,2025,Jan,CAR,Abra,High-Value Crops & Seeds,High-Yield Corn Seeds,Farmer Association,1,3683.95,3683.95,3499.75,2115.42,1384.33,Completed,4
EXP-31036,2025-05-29,2025,May,CAR,Benguet,Agricultural Machinery,Combine Harvesters,LGU Co-op Procurement,2,1567832.22,3135664.44,2978881.22,1990383.42,988497.8,Delivered,4
EXP-31037,2025-06-25,2025,Jun,CAR,Abra,Fertilizers & Soil Health,Inorganic NPK Blend,Farmer Association,3,2018.28,6054.84,6054.84,4344.17,1710.67,Delivered,5
EXP-31038,2025-12-10,2025,Dec,CAR,Mountain Province,Agricultural Machinery,Solar Irrigation Systems,Direct DA Grant,10,492713.42,4927134.2,4927134.2,3606899.2,1320235.0,Completed,4
EXP-31039,2026-04-29,2026,Apr,CAR,Apayao,High-Value Crops & Seeds,High-Yield Corn Seeds,Direct DA Grant,1,2565.18,2565.18,2565.18,1841.29,723.89,Delivered,4
EXP-31040,2025-10-31,2025,Oct,CAR,Apayao,Agricultural Machinery,Four-Wheel Tractors,Direct DA Grant,2,932070.6,1864141.2,1770934.14,1367870.28,403063.86,In Transit,4
EXP-31041,2026-03-06,2026,Mar,CAR,Ifugao,Agricultural Machinery,Combine Harvesters,LGU Co-op Procurement,1,1456044.49,1456044.49,1310440.04,1073973.3,236466.74,Completed,4
EXP-31042,2025-12-31,2025,Dec,CAR,Kalinga,Agricultural Machinery,Four-Wheel Tractors,LGU Co-op Procurement,2,836744.53,1673489.06,1506140.15,998424.07,507716.08,Completed,4
EXP-31043,2025-02-24,2025,Feb,CAR,Benguet,Fertilizers & Soil Health,Organic Fertilizer (50kg),Commercial Agri-Dealer,1,778.89,778.89,739.95,508.09,231.86,In Transit,4
EXP-31044,2025-11-03,2025,Nov,CAR,Mountain Province,Fertilizers & Soil Health,Bio-Inoculant Strains,Farmer Association,2,508.24,1016.48,965.66,583.5,382.16,Completed,4
EXP-31045,2025-09-10,2025,Sep,CAR,Abra,Fertilizers & Soil Health,Organic Fertilizer (50kg),Farmer Association,1,558.01,558.01,502.21,362.51,139.7,Completed,3
EXP-31046,2026-02-09,2026,Feb,CAR,Ifugao,Agricultural Machinery,Combine Harvesters,LGU Co-op Procurement,1,2095798.86,2095798.86,2095798.86,1397011.11,698787.75,Delivered,3
EXP-31047,2025-06-04,2025,Jun,CAR,Ifugao,Fertilizers & Soil Health,Organic Fertilizer (50kg),Commercial Agri-Dealer,1,819.71,819.71,819.71,508.05,311.66,Completed,5
EXP-31048,2026-01-10,2026,Jan,CAR,Ifugao,Agricultural Machinery,Solar Irrigation Systems,Direct DA Grant,3,535860.85,1607582.55,1607582.55,1051308.04,556274.51,In Transit,5
EXP-31049,2026-02-27,2026,Feb,CAR,Kalinga,High-Value Crops & Seeds,High-Yield Corn Seeds,Commercial Agri-Dealer,3,2680.7,8042.1,8042.1,5387.78,2654.32,Completed,5
EXP-31050,2025-05-17,2025,May,CAR,Apayao,Agricultural Machinery,Four-Wheel Tractors,LGU Co-op Procurement,1,1087114.64,1087114.64,1087114.64,661571.31,425543.33,Completed,2
EXP-31051,2025-07-10,2025,Jul,CAR,Abra,Fertilizers & Soil Health,Bio-Inoculant Strains,Direct DA Grant,2,348.67,697.34,697.34,564.39,132.95,Delivered,5
EXP-31052,2025-03-22,2025,Mar,CAR,Apayao,High-Value Crops & Seeds,Certified Hybrid Rice Seeds,Commercial Agri-Dealer,1,2484.42,2484.42,2484.42,2007.27,477.15,Completed,4
EXP-31053,2025-10-29,2025,Oct,CAR,Apayao,High-Value Crops & Seeds,Certified Hybrid Rice Seeds,LGU Co-op Procurement,5,1738.48,8692.4,8257.78,5253.83,3003.95,Completed,3
EXP-31054,2025-06-04,2025,Jun,Region III,Abra,Post-Harvest Facilities,Cold Storage Module,LGU Co-op Procurement,1,1505796.01,1505796.01,1355216.41,921395.8,433820.61,In Transit,4
EXP-31055,2026-03-02,2026,Mar,Region I,Mountain Province,Agricultural Machinery,Combine Harvesters,LGU Co-op Procurement,1,1853635.52,1853635.52,1853635.52,1431094.74,422540.78,Completed,5
EXP-31056,2026-01-22,2026,Jan,CAR,Mountain Province,Agricultural Machinery,Four-Wheel Tractors,LGU Co-op Procurement,1,1190530.55,1190530.55,1190530.55,771672.91,418857.64,Completed,5
EXP-31057,2025-02-15,2025,Feb,Region I,Apayao,Post-Harvest Facilities,Rice Mill Processing Line,Direct DA Grant,1,1066410.72,1066410.72,1066410.72,817093.3,249317.42,Completed,5
EXP-31058,2026-04-18,2026,Apr,CAR,Kalinga,High-Value Crops & Seeds,Vegetable Seed Packs,LGU Co-op Procurement,1,789.46,789.46,749.99,501.42,248.57,Delivered,5
EXP-31059,2026-02-14,2026,Feb,CAR,Abra,High-Value Crops & Seeds,Fruit Tree Saplings Batch,Farmer Association,5,1562.64,7813.2,6641.22,4605.06,2036.16,In Transit,4
EXP-31060,2025-08-19,2025,Aug,CAR,Mountain Province,Fertilizers & Soil Health,Bio-Inoculant Strains,Direct DA Grant,1,680.4,680.4,646.38,401.98,244.4,Completed,3
EXP-31061,2025-12-29,2025,Dec,CAR,Ifugao,Fertilizers & Soil Health,Soil Conditioner Granules,Direct DA Grant,3,871.17,2613.51,2613.51,2109.68,503.83,Completed,5
EXP-31062,2026-03-28,2026,Mar,CAR,Apayao,High-Value Crops & Seeds,Certified Hybrid Rice Seeds,Direct DA Grant,1,2308.0,2308.0,2192.6,1788.0,404.6,Completed,5
EXP-31063,2026-03-08,2026,Mar,CAR,Abra,Post-Harvest Facilities,Multi-Crop Dryer Unit,Farmer Association,1,499436.51,499436.51,499436.51,405118.17,94318.34,Delivered,5
EXP-31064,2025-03-20,2025,Mar,Region III,Mountain Province,Post-Harvest Facilities,Multi-Crop Dryer Unit,Farmer Association,1,583647.54,583647.54,583647.54,405499.32,178148.22,Completed,3
EXP-31065,2025-06-16,2025,Jun,CAR,Kalinga,Agricultural Machinery,Four-Wheel Tractors,Farmer Association,1,1074716.32,1074716.32,967244.69,725756.56,241488.13,In Transit,5
EXP-31066,2025-04-26,2025,Apr,CAR,Abra,Agricultural Machinery,Power Tillers,LGU Co-op Procurement,2,125822.51,251645.02,251645.02,173527.13,78117.89,Completed,5
EXP-31067,2025-08-08,2025,Aug,CAR,Apayao,Agricultural Machinery,Power Tillers,Farmer Association,1,106140.87,106140.87,106140.87,71703.97,34436.9,Completed,3
EXP-31068,2025-05-31,2025,May,Region I,Abra,Post-Harvest Facilities,Multi-Crop Dryer Unit,Farmer Association,2,843478.41,1686956.82,1686956.82,1031970.25,654986.57,Delivered,1
EXP-31069,2026-01-07,2026,Jan,CAR,Apayao,High-Value Crops & Seeds,Fruit Tree Saplings Batch,Commercial Agri-Dealer,1,2295.46,2295.46,2295.46,1856.49,438.97,Delivered,5
EXP-31070,2025-07-13,2025,Jul,CAR,Kalinga,Post-Harvest Facilities,Hermetic Storage Cocoons,Direct DA Grant,1,26907.96,26907.96,26907.96,20903.92,6004.04,Completed,4
EXP-31071,2026-06-12,2026,Jun,CAR,Abra,Agricultural Machinery,Rice Transplanters,LGU Co-op Procurement,1,292508.4,292508.4,292508.4,191750.18,100758.22,Completed,3
EXP-31072,2025-02-03,2025,Feb,CAR,Apayao,Fertilizers & Soil Health,Bio-Inoculant Strains,Commercial Agri-Dealer,10,683.15,6831.5,6831.5,4991.8,1839.7,In Transit,5
EXP-31073,2026-03-10,2026,Mar,CAR,Abra,High-Value Crops & Seeds,Certified Hybrid Rice Seeds,LGU Co-op Procurement,2,3106.59,6213.18,5281.2,3378.19,1903.01,Delivered,5
EXP-31074,2025-02-06,2025,Feb,CAR,Kalinga,Post-Harvest Facilities,Multi-Crop Dryer Unit,LGU Co-op Procurement,1,695175.22,695175.22,695175.22,468705.5,226469.72,Completed,5
EXP-31075,2025-02-11,2025,Feb,Region II,Abra,Agricultural Machinery,Solar Irrigation Systems,Farmer Association,5,315851.42,1579257.1,1500294.25,1071984.19,428310.06,Delivered,5
EXP-31076,2026-02-17,2026,Feb,CAR,Kalinga,Post-Harvest Facilities,Rice Mill Processing Line,Commercial Agri-Dealer,2,1140284.91,2280569.82,2280569.82,1380025.61,900544.21,Completed,5
EXP-31077,2026-05-24,2026,May,CAR,Kalinga,High-Value Crops & Seeds,Fruit Tree Saplings Batch,Farmer Association,20,1698.2,33964.0,33964.0,23961.57,10002.43,Completed,5
EXP-31078,2025-01-30,2025,Jan,CAR,Kalinga,Agricultural Machinery,Power Tillers,Direct DA Grant,5,90803.3,454016.5,408614.85,317591.86,91022.99,Completed,5
EXP-31079,2025-09-16,2025,Sep,CAR,Benguet,Agricultural Machinery,Combine Harvesters,Commercial Agri-Dealer,1,2103559.3,2103559.3,2103559.3,1710952.2,392607.1,Completed,5
EXP-31080,2026-02-19,2026,Feb,CAR,Kalinga,Agricultural Machinery,Four-Wheel Tractors,LGU Co-op Procurement,1,991837.95,991837.95,991837.95,620317.74,371520.21,Completed,5
EXP-31081,2026-02-04,2026,Feb,CAR,Kalinga,Fertilizers & Soil Health,Soil Conditioner Granules,Direct DA Grant,3,1137.53,3412.59,3071.33,2058.78,1012.55,Delivered,5
EXP-31082,2025-02-01,2025,Feb,CAR,Apayao,High-Value Crops & Seeds,Fruit Tree Saplings Batch,Farmer Association,3,1539.47,4618.41,4618.41,2872.82,1745.59,Completed,5
EXP-31083,2025-12-05,2025,Dec,CAR,Abra,Fertilizers & Soil Health,Bio-Inoculant Strains,Direct DA Grant,3,728.02,2184.06,2184.06,1336.56,847.5,In Transit,5
EXP-31084,2025-11-10,2025,Nov,CAR,Benguet,High-Value Crops & Seeds,Certified Hybrid Rice Seeds,Direct DA Grant,1,1574.11,1574.11,1495.4,1210.14,285.26,Completed,5
EXP-31085,2025-05-25,2025,May,Region I,Abra,Fertilizers & Soil Health,Inorganic NPK Blend,LGU Co-op Procurement,1,1341.78,1341.78,1274.69,914.59,360.1,Completed,4
EXP-31086,2026-06-17,2026,Jun,CAR,Apayao,Post-Harvest Facilities,Multi-Crop Dryer Unit,Farmer Association,3,509198.42,1527595.26,1527595.26,1066752.57,460842.69,Completed,3
EXP-31087,2026-06-16,2026,Jun,CAR,Ifugao,Agricultural Machinery,Power Tillers,Commercial Agri-Dealer,10,97141.31,971413.1,874271.79,541850.24,332421.55,Completed,5
EXP-31088,2026-02-03,2026,Feb,Region III,Ifugao,Fertilizers & Soil Health,Organic Fertilizer (50kg),LGU Co-op Procurement,50,827.27,41363.5,41363.5,30269.1,11094.4,Completed,5
EXP-31089,2025-04-07,2025,Apr,CAR,Kalinga,High-Value Crops & Seeds,High-Yield Corn Seeds,Farmer Association,1,3190.81,3190.81,3190.81,1999.48,1191.33,Completed,4
EXP-31090,2025-10-14,2025,Oct,CAR,Kalinga,Fertilizers & Soil Health,Organic Fertilizer (50kg),Commercial Agri-Dealer,3,446.74,1340.22,1340.22,894.58,445.64,Delivered,4
EXP-31091,2026-02-17,2026,Feb,CAR,Benguet,High-Value Crops & Seeds,Certified Hybrid Rice Seeds,Farmer Association,1,1997.44,1997.44,1997.44,1333.57,663.87,Completed,5
EXP-31092,2025-02-19,2025,Feb,CAR,Abra,Agricultural Machinery,Four-Wheel Tractors,LGU Co-op Procurement,5,1173336.68,5866683.4,5573349.23,3608375.75,1964973.48,Completed,5
EXP-31093,2025-03-07,2025,Mar,CAR,Abra,Fertilizers & Soil Health,Organic Fertilizer (50kg),Direct DA Grant,5,433.48,2167.4,1950.66,1444.8,505.86,Delivered,3
EXP-31094,2026-05-23,2026,May,CAR,Apayao,Agricultural Machinery,Power Tillers,Farmer Association,20,123879.56,2477591.2,2477591.2,1496512.05,981079.15,Completed,3
EXP-31095,2025-12-30,2025,Dec,CAR,Ifugao,Agricultural Machinery,Power Tillers,Farmer Association,3,104929.29,314787.87,299048.48,223281.1,75767.38,Delivered,5
EXP-31096,2025-11-25,2025,Nov,CAR,Benguet,High-Value Crops & Seeds,Certified Hybrid Rice Seeds,LGU Co-op Procurement,3,2639.34,7918.02,7918.02,5533.98,2384.04,Pending Approval,4
EXP-31097,2025-12-16,2025,Dec,CAR,Ifugao,Agricultural Machinery,Power Tillers,LGU Co-op Procurement,1,139585.04,139585.04,132605.79,81073.06,51532.73,Pending Approval,3
EXP-31098,2025-09-12,2025,Sep,CAR,Ifugao,Fertilizers & Soil Health,Soil Conditioner Granules,Direct DA Grant,2,668.37,1336.74,1336.74,867.21,469.53,Under Review,4
EXP-31099,2026-07-02,2026,Jul,Region I,Mountain Province,Post-Harvest Facilities,Hermetic Storage Cocoons,LGU Co-op Procurement,1,39537.44,39537.44,39537.44,31863.62,7673.82,In Transit,4
EXP-31100,2026-06-03,2026,Jun,CAR,Mountain Province,High-Value Crops & Seeds,High-Yield Corn Seeds,Direct DA Grant,1,1986.66,1986.66,1986.66,1451.46,535.2,Pending Approval,5
EXP-31101,2025-03-25,2025,Mar,CAR,Apayao,Agricultural Machinery,Four-Wheel Tractors,LGU Co-op Procurement,1,1481468.59,1481468.59,1333321.73,1058343.71,274978.02,Completed,5
EXP-31102,2025-03-11,2025,Mar,Region II,Benguet,Agricultural Machinery,Four-Wheel Tractors,Direct DA Grant,1,1437428.76,1437428.76,1365557.32,1101269.61,264287.71,Delivered,4
EXP-31103,2025-05-28,2025,May,CAR,Abra,Fertilizers & Soil Health,Organic Fertilizer (50kg),Farmer Association,2,549.36,1098.72,1043.78,841.38,202.4,Delivered,3
EXP-31104,2025-07-05,2025,Jul,CAR,Abra,High-Value Crops & Seeds,Fruit Tree Saplings Batch,Direct DA Grant,1,1088.53,1088.53,1034.1,645.73,388.37,Completed,5
EXP-31105,2026-04-08,2026,Apr,CAR,Ifugao,Fertilizers & Soil Health,Organic Fertilizer (50kg),Commercial Agri-Dealer,1,624.65,624.65,624.65,384.0,240.65,Completed,5
EXP-31106,2025-10-22,2025,Oct,CAR,Ifugao,Post-Harvest Facilities,Hermetic Storage Cocoons,Commercial Agri-Dealer,2,38398.87,76797.74,76797.74,46264.97,30532.77,Completed,3
EXP-31107,2026-07-24,2026,Jul,CAR,Kalinga,Agricultural Machinery,Combine Harvesters,Direct DA Grant,50,2074056.56,103702828.0,103702828.0,81437302.85,22265525.15,Completed,2
EXP-31108,2026-02-01,2026,Feb,CAR,Abra,Post-Harvest Facilities,Multi-Crop Dryer Unit,Farmer Association,5,611764.96,3058824.8,3058824.8,2183880.13,874944.67,Delivered,5
EXP-31109,2026-04-20,2026,Apr,CAR,Ifugao,Agricultural Machinery,Solar Irrigation Systems,Direct DA Grant,3,431267.51,1293802.53,1164422.28,933279.73,231142.55,In Transit,3
EXP-31110,2025-04-13,2025,Apr,Region I,Kalinga,Agricultural Machinery,Combine Harvesters,Commercial Agri-Dealer,2,1472446.44,2944892.88,2797648.24,2289992.62,507655.62,In Transit,4
EXP-31111,2025-09-03,2025,Sep,CAR,Benguet,High-Value Crops & Seeds,Fruit Tree Saplings Batch,Farmer Association,1,1998.45,1998.45,1998.45,1268.46,729.99,In Transit,4
EXP-31112,2026-03-04,2026,Mar,CAR,Abra,Post-Harvest Facilities,Rice Mill Processing Line,Commercial Agri-Dealer,2,1437742.87,2875485.74,2875485.74,2154956.42,720529.32,Completed,5
EXP-31113,2025-03-25,2025,Mar,CAR,Mountain Province,Fertilizers & Soil Health,Organic Fertilizer (50kg),Farmer Association,1,698.6,698.6,698.6,507.2,191.4,Pending Approval,4
EXP-31114,2025-01-07,2025,Jan,CAR,Mountain Province,Agricultural Machinery,Power Tillers,Commercial Agri-Dealer,5,114784.3,573921.5,545225.42,375821.32,169404.1,Completed,5
EXP-31115,2025-06-05,2025,Jun,CAR,Abra,High-Value Crops & Seeds,Vegetable Seed Packs,LGU Co-op Procurement,3,623.99,1871.97,1871.97,1167.05,704.92,Completed,4
EXP-31116,2025-06-20,2025,Jun,CAR,Benguet,Post-Harvest Facilities,Cold Storage Module,LGU Co-op Procurement,5,2794662.61,13973313.05,13973313.05,10303136.97,3670176.08,Completed,5
EXP-31117,2025-01-16,2025,Jan,CAR,Benguet,Post-Harvest Facilities,Multi-Crop Dryer Unit,LGU Co-op Procurement,2,598254.75,1196509.5,1136684.02,688576.47,448107.55,Completed,5
EXP-31118,2026-06-11,2026,Jun,CAR,Apayao,Agricultural Machinery,Combine Harvesters,Commercial Agri-Dealer,5,1438262.41,7191312.05,7191312.05,4642028.09,2549283.96,In Transit,5
EXP-31119,2026-07-09,2026,Jul,CAR,Benguet,Fertilizers & Soil Health,Soil Conditioner Granules,LGU Co-op Procurement,1,975.15,975.15,975.15,722.59,252.56,Delivered,5
EXP-31120,2026-03-20,2026,Mar,CAR,Benguet,Fertilizers & Soil Health,Inorganic NPK Blend,Commercial Agri-Dealer,2,1119.06,2238.12,2238.12,1445.45,792.67,Completed,4
EXP-31121,2026-05-30,2026,May,CAR,Benguet,Post-Harvest Facilities,Cold Storage Module,Commercial Agri-Dealer,20,2346523.71,46930474.2,46930474.2,32473161.05,14457313.15,In Transit,5
EXP-31122,2025-12-26,2025,Dec,CAR,Benguet,Agricultural Machinery,Rice Transplanters,Commercial Agri-Dealer,2,267247.73,534495.46,534495.46,344393.12,190102.34,Completed,5
EXP-31123,2026-07-19,2026,Jul,CAR,Kalinga,Fertilizers & Soil Health,Organic Fertilizer (50kg),Direct DA Grant,3,685.39,2056.17,2056.17,1568.68,487.49,Completed,3
EXP-31124,2026-04-19,2026,Apr,CAR,Ifugao,High-Value Crops & Seeds,Certified Hybrid Rice Seeds,LGU Co-op Procurement,1,1701.74,1701.74,1701.74,1182.5,519.24,Completed,5
EXP-31125,2025-09-14,2025,Sep,CAR,Kalinga,Post-Harvest Facilities,Cold Storage Module,Farmer Association,1,2500971.66,2500971.66,2375923.08,1945961.59,429961.49,In Transit,4
EXP-31126,2025-05-03,2025,May,CAR,Benguet,Post-Harvest Facilities,Hermetic Storage Cocoons,Commercial Agri-Dealer,2,28615.6,57231.2,48646.52,32693.4,15953.12,Pending Approval,4
EXP-31127,2025-02-25,2025,Feb,CAR,Benguet,High-Value Crops & Seeds,High-Yield Corn Seeds,Farmer Association,1,2345.06,2345.06,2345.06,1465.88,879.18,Delivered,5
EXP-31128,2025-03-08,2025,Mar,CAR,Kalinga,Agricultural Machinery,Rice Transplanters,Farmer Association,3,342171.12,1026513.36,1026513.36,722903.91,303609.45,Completed,5
EXP-31129,2025-06-09,2025,Jun,CAR,Abra,High-Value Crops & Seeds,Fruit Tree Saplings Batch,LGU Co-op Procurement,1,1628.65,1628.65,1547.22,1131.25,415.97,Completed,5
EXP-31130,2025-08-30,2025,Aug,CAR,Kalinga,Fertilizers & Soil Health,Inorganic NPK Blend,LGU Co-op Procurement,2,1791.0,3582.0,3582.0,2420.15,1161.85,Delivered,4
EXP-31131,2026-03-10,2026,Mar,Region II,Ifugao,Fertilizers & Soil Health,Soil Conditioner Granules,Commercial Agri-Dealer,2,743.29,1486.58,1412.25,904.38,507.87,Completed,5
EXP-31132,2026-01-23,2026,Jan,CAR,Kalinga,High-Value Crops & Seeds,High-Yield Corn Seeds,Commercial Agri-Dealer,2,2899.98,5799.96,5799.96,4391.19,1408.77,Completed,5
EXP-31133,2025-11-23,2025,Nov,CAR,Kalinga,Agricultural Machinery,Four-Wheel Tractors,Farmer Association,20,837331.05,16746621.0,15071958.9,12071141.12,3000817.78,Under Review,2
EXP-31134,2025-01-05,2025,Jan,CAR,Benguet,High-Value Crops & Seeds,Fruit Tree Saplings Batch,Commercial Agri-Dealer,5,2282.65,11413.25,10271.93,8183.33,2088.6,Completed,4
EXP-31135,2026-07-22,2026,Jul,CAR,Mountain Province,High-Value Crops & Seeds,Certified Hybrid Rice Seeds,LGU Co-op Procurement,1,1717.16,1717.16,1631.3,1176.13,455.17,Completed,5
EXP-31136,2025-03-08,2025,Mar,CAR,Ifugao,Fertilizers & Soil Health,Soil Conditioner Granules,Commercial Agri-Dealer,1,734.83,734.83,734.83,484.75,250.08,Completed,5
EXP-31137,2025-12-15,2025,Dec,CAR,Apayao,Agricultural Machinery,Solar Irrigation Systems,Farmer Association,5,520133.42,2600667.1,2600667.1,2127991.86,472675.24,In Transit,3
EXP-31138,2026-05-31,2026,May,CAR,Abra,Post-Harvest Facilities,Rice Mill Processing Line,Direct DA Grant,1,881515.45,881515.45,881515.45,717039.53,164475.92,Delivered,5
EXP-31139,2025-08-12,2025,Aug,CAR,Ifugao,High-Value Crops & Seeds,High-Yield Corn Seeds,Commercial Agri-Dealer,2,2429.09,4858.18,4858.18,3795.01,1063.17,Delivered,5
EXP-31140,2025-04-03,2025,Apr,CAR,Apayao,Fertilizers & Soil Health,Organic Fertilizer (50kg),Commercial Agri-Dealer,3,475.87,1427.61,1356.23,983.76,372.47,Delivered,5
EXP-31141,2026-06-10,2026,Jun,CAR,Benguet,High-Value Crops & Seeds,Fruit Tree Saplings Batch,LGU Co-op Procurement,10,1850.49,18504.9,17579.65,11383.12,6196.53,Pending Approval,5
EXP-31142,2025-07-11,2025,Jul,CAR,Kalinga,High-Value Crops & Seeds,Certified Hybrid Rice Seeds,LGU Co-op Procurement,1,2076.27,2076.27,1868.64,1287.35,581.29,Completed,1
EXP-31143,2026-06-11,2026,Jun,CAR,Mountain Province,Fertilizers & Soil Health,Inorganic NPK Blend,Commercial Agri-Dealer,20,1574.01,31480.2,31480.2,21046.73,10433.47,Completed,1
EXP-31144,2025-03-25,2025,Mar,CAR,Mountain Province,Fertilizers & Soil Health,Soil Conditioner Granules,LGU Co-op Procurement,3,620.68,1862.04,1768.94,1325.87,443.07,Delivered,5
EXP-31145,2026-06-19,2026,Jun,CAR,Mountain Province,Agricultural Machinery,Power Tillers,Farmer Association,5,132557.94,662789.7,563371.24,447724.14,115647.1,Completed,5
EXP-31146,2025-01-19,2025,Jan,CAR,Mountain Province,Agricultural Machinery,Rice Transplanters,Commercial Agri-Dealer,1,280926.41,280926.41,280926.41,176503.0,104423.41,Delivered,4
EXP-31147,2025-08-14,2025,Aug,CAR,Benguet,High-Value Crops & Seeds,Vegetable Seed Packs,Farmer Association,1,785.3,785.3,746.03,602.78,143.25,Completed,5
EXP-31148,2026-06-08,2026,Jun,CAR,Ifugao,Agricultural Machinery,Combine Harvesters,LGU Co-op Procurement,1,2054925.66,2054925.66,2054925.66,1475778.9,579146.76,Delivered,5
EXP-31149,2025-08-10,2025,Aug,CAR,Abra,Fertilizers & Soil Health,Soil Conditioner Granules,Direct DA Grant,1,943.17,943.17,896.01,567.7,328.31,Delivered,2
EXP-31150,2025-12-07,2025,Dec,CAR,Abra,Fertilizers & Soil Health,Soil Conditioner Granules,Commercial Agri-Dealer,3,1138.23,3414.69,3414.69,2585.71,828.98,Completed,4
EXP-31151,2026-02-03,2026,Feb,CAR,Abra,Fertilizers & Soil Health,Soil Conditioner Granules,Commercial Agri-Dealer,1,816.21,816.21,775.4,615.15,160.25,Completed,4
EXP-31152,2026-03-01,2026,Mar,CAR,Kalinga,High-Value Crops & Seeds,Certified Hybrid Rice Seeds,Commercial Agri-Dealer,3,2495.32,7485.96,7485.96,4920.76,2565.2,Completed,5
EXP-31153,2025-02-05,2025,Feb,CAR,Ifugao,Agricultural Machinery,Combine Harvesters,Farmer Association,1,1243560.68,1243560.68,1057026.58,861933.72,195092.86,Completed,2
EXP-31154,2025-03-23,2025,Mar,CAR,Kalinga,Agricultural Machinery,Combine Harvesters,Direct DA Grant,3,2053151.81,6159455.43,5851482.66,4214419.97,1637062.69,Delivered,5
EXP-31155,2025-10-21,2025,Oct,CAR,Apayao,High-Value Crops & Seeds,Certified Hybrid Rice Seeds,LGU Co-op Procurement,2,2445.91,4891.82,4402.64,3272.91,1129.73,Completed,5
EXP-31156,2025-08-30,2025,Aug,CAR,Abra,Fertilizers & Soil Health,Organic Fertilizer (50kg),Commercial Agri-Dealer,2,774.78,1549.56,1394.6,907.93,486.67,Pending Approval,4
EXP-31157,2026-06-16,2026,Jun,CAR,Ifugao,Post-Harvest Facilities,Hermetic Storage Cocoons,Commercial Agri-Dealer,2,29037.47,58074.94,55171.19,39896.87,15274.32,Delivered,3
EXP-31158,2025-05-03,2025,May,CAR,Ifugao,Post-Harvest Facilities,Cold Storage Module,Commercial Agri-Dealer,2,2606628.26,5213256.52,5213256.52,3527883.45,1685373.07,Delivered,4
EXP-31159,2025-04-05,2025,Apr,CAR,Apayao,Fertilizers & Soil Health,Bio-Inoculant Strains,LGU Co-op Procurement,2,545.72,1091.44,1091.44,668.66,422.78,Completed,5
EXP-31160,2026-01-11,2026,Jan,CAR,Ifugao,Fertilizers & Soil Health,Inorganic NPK Blend,LGU Co-op Procurement,1,1170.55,1170.55,1112.02,864.0,248.02,Completed,5
EXP-31161,2026-02-13,2026,Feb,CAR,Ifugao,High-Value Crops & Seeds,Certified Hybrid Rice Seeds,Commercial Agri-Dealer,2,2896.26,5792.52,5502.89,3678.25,1824.64,Delivered,3
EXP-31162,2025-12-16,2025,Dec,CAR,Kalinga,High-Value Crops & Seeds,Certified Hybrid Rice Seeds,Direct DA Grant,1,1925.87,1925.87,1925.87,1314.02,611.85,Completed,1
EXP-31163,2025-12-02,2025,Dec,CAR,Benguet,Post-Harvest Facilities,Hermetic Storage Cocoons,Commercial Agri-Dealer,5,33999.1,169995.5,169995.5,119369.85,50625.65,Under Review,4
EXP-31164,2025-04-29,2025,Apr,CAR,Kalinga,Agricultural Machinery,Four-Wheel Tractors,Direct DA Grant,3,934321.28,2802963.84,2802963.84,1875040.48,927923.36,Delivered,4
EXP-31165,2025-12-01,2025,Dec,CAR,Mountain Province,Agricultural Machinery,Power Tillers,Direct DA Grant,2,66294.69,132589.38,119330.44,77314.24,42016.2,Delivered,4
EXP-31166,2025-01-20,2025,Jan,CAR,Mountain Province,High-Value Crops & Seeds,Fruit Tree Saplings Batch,Direct DA Grant,1,1028.58,1028.58,977.15,718.09,259.06,Delivered,3
EXP-31167,2025-03-24,2025,Mar,CAR,Mountain Province,High-Value Crops & Seeds,Certified Hybrid Rice Seeds,Direct DA Grant,3,2198.97,6596.91,6267.06,4679.68,1587.38,Under Review,5
EXP-31168,2026-03-19,2026,Mar,CAR,Kalinga,High-Value Crops & Seeds,Fruit Tree Saplings Batch,Commercial Agri-Dealer,2,1328.55,2657.1,2657.1,1810.15,846.95,Completed,5
EXP-31169,2025-05-17,2025,May,CAR,Benguet,Fertilizers & Soil Health,Soil Conditioner Granules,Commercial Agri-Dealer,1,1075.7,1075.7,1075.7,694.77,380.93,Completed,5
EXP-31170,2025-06-08,2025,Jun,CAR,Ifugao,Fertilizers & Soil Health,Inorganic NPK Blend,Commercial Agri-Dealer,2,1788.11,3576.22,3576.22,2518.41,1057.81,Completed,5
EXP-31171,2025-02-11,2025,Feb,CAR,Benguet,Fertilizers & Soil Health,Bio-Inoculant Strains,LGU Co-op Procurement,5,571.64,2858.2,2572.38,2047.34,525.04,Completed,5
EXP-31172,2026-02-17,2026,Feb,CAR,Apayao,Fertilizers & Soil Health,Organic Fertilizer (50kg),Farmer Association,1,460.92,460.92,437.87,333.57,104.3,Completed,5
EXP-31173,2025-09-03,2025,Sep,CAR,Kalinga,Agricultural Machinery,Four-Wheel Tractors,Commercial Agri-Dealer,1,1219504.11,1219504.11,1219504.11,818100.78,401403.33,Delivered,5
EXP-31174,2025-08-11,2025,Aug,CAR,Kalinga,High-Value Crops & Seeds,Fruit Tree Saplings Batch,Commercial Agri-Dealer,3,1500.23,4500.69,4500.69,3372.08,1128.61,Delivered,5
EXP-31175,2026-03-24,2026,Mar,CAR,Apayao,Post-Harvest Facilities,Cold Storage Module,Commercial Agri-Dealer,1,1910288.91,1910288.91,1910288.91,1337415.0,572873.91,Under Review,5
EXP-31176,2025-11-04,2025,Nov,Region II,Ifugao,Fertilizers & Soil Health,Bio-Inoculant Strains,Direct DA Grant,3,571.48,1714.44,1628.72,1136.99,491.73,Completed,5
EXP-31177,2025-01-31,2025,Jan,CAR,Mountain Province,Agricultural Machinery,Four-Wheel Tractors,Direct DA Grant,1,836163.52,836163.52,794355.34,528052.95,266302.39,Completed,4
EXP-31178,2026-07-14,2026,Jul,CAR,Mountain Province,Fertilizers & Soil Health,Bio-Inoculant Strains,Commercial Agri-Dealer,2,394.69,789.38,710.44,526.23,184.21,Completed,4
EXP-31179,2025-09-06,2025,Sep,CAR,Benguet,High-Value Crops & Seeds,Fruit Tree Saplings Batch,Farmer Association,1,1845.62,1845.62,1753.34,1413.02,340.32,Completed,4
EXP-31180,2025-03-15,2025,Mar,CAR,Mountain Province,Agricultural Machinery,Combine Harvesters,Commercial Agri-Dealer,1,2077027.27,2077027.27,1973175.91,1382280.13,590895.78,Completed,4
EXP-31181,2026-02-19,2026,Feb,CAR,Ifugao,Agricultural Machinery,Four-Wheel Tractors,Direct DA Grant,1,1344945.17,1344945.17,1344945.17,831637.52,513307.65,Completed,5
EXP-31182,2025-12-27,2025,Dec,CAR,Benguet,High-Value Crops & Seeds,Vegetable Seed Packs,Commercial Agri-Dealer,1,653.91,653.91,653.91,439.43,214.48,Delivered,5
EXP-31183,2025-11-18,2025,Nov,CAR,Mountain Province,Fertilizers & Soil Health,Inorganic NPK Blend,Direct DA Grant,20,1907.57,38151.4,38151.4,22938.13,15213.27,Completed,3
EXP-31184,2026-07-08,2026,Jul,CAR,Abra,Fertilizers & Soil Health,Soil Conditioner Granules,Commercial Agri-Dealer,1,1025.01,1025.01,1025.01,621.38,403.63,Delivered,4
EXP-31185,2025-11-04,2025,Nov,CAR,Kalinga,High-Value Crops & Seeds,Certified Hybrid Rice Seeds,Farmer Association,1,1862.69,1862.69,1862.69,1371.91,490.78,Delivered,5
EXP-31186,2026-06-08,2026,Jun,CAR,Mountain Province,Agricultural Machinery,Four-Wheel Tractors,Commercial Agri-Dealer,5,913111.25,4565556.25,4565556.25,3355084.1,1210472.15,Completed,5
EXP-31187,2025-08-22,2025,Aug,CAR,Ifugao,Post-Harvest Facilities,Hermetic Storage Cocoons,Commercial Agri-Dealer,1,21190.17,21190.17,21190.17,15640.8,5549.37,Delivered,4
EXP-31188,2025-09-19,2025,Sep,CAR,Abra,Post-Harvest Facilities,Cold Storage Module,Commercial Agri-Dealer,20,2624833.04,52496660.8,52496660.8,42497755.83,9998904.97,Delivered,5
EXP-31189,2025-04-07,2025,Apr,CAR,Kalinga,Agricultural Machinery,Power Tillers,LGU Co-op Procurement,3,119537.73,358613.19,358613.19,261934.63,96678.56,Completed,4
EXP-31190,2026-07-11,2026,Jul,CAR,Mountain Province,Fertilizers & Soil Health,Bio-Inoculant Strains,Direct DA Grant,2,478.47,956.94,813.4,520.0,293.4,Completed,5
EXP-31191,2025-08-12,2025,Aug,Region I,Mountain Province,Fertilizers & Soil Health,Organic Fertilizer (50kg),Farmer Association,5,531.15,2655.75,2257.39,1512.45,744.94,Completed,5
EXP-31192,2026-04-12,2026,Apr,CAR,Benguet,Fertilizers & Soil Health,Bio-Inoculant Strains,Farmer Association,2,490.77,981.54,981.54,737.51,244.03,Completed,5
EXP-31193,2026-04-12,2026,Apr,CAR,Apayao,Fertilizers & Soil Health,Bio-Inoculant Strains,LGU Co-op Procurement,2,653.83,1307.66,1111.51,704.53,406.98,Completed,5
EXP-31194,2025-04-02,2025,Apr,CAR,Benguet,Agricultural Machinery,Combine Harvesters,LGU Co-op Procurement,1,1534215.29,1534215.29,1457504.53,1074755.04,382749.49,Completed,2
EXP-31195,2025-11-05,2025,Nov,CAR,Benguet,High-Value Crops & Seeds,Vegetable Seed Packs,Commercial Agri-Dealer,3,536.78,1610.34,1610.34,1029.52,580.82,Delivered,3
EXP-31196,2025-04-07,2025,Apr,CAR,Apayao,Agricultural Machinery,Solar Irrigation Systems,Farmer Association,2,585422.0,1170844.0,1112301.8,830430.25,281871.55,Completed,3
EXP-31197,2026-04-08,2026,Apr,CAR,Mountain Province,Fertilizers & Soil Health,Inorganic NPK Blend,Commercial Agri-Dealer,1,1179.07,1179.07,1179.07,902.27,276.8,Completed,5
EXP-31198,2026-02-16,2026,Feb,CAR,Ifugao,Post-Harvest Facilities,Rice Mill Processing Line,Commercial Agri-Dealer,2,1254067.87,2508135.74,2257322.17,1550666.66,706655.51,Completed,5
EXP-31199,2025-04-30,2025,Apr,CAR,Mountain Province,Post-Harvest Facilities,Hermetic Storage Cocoons,Farmer Association,2,32886.93,65773.86,62485.17,48300.29,14184.88,Pending Approval,1
